event_id,user_id,content_id,event_type,event_date,device,watch_duration,completed,age_group,gender,city,state,subscription_plan,content_title,content_type,genre,language,content_duration
E10001,U1391,C101,complete,2026-02-13,Web,40,1,46+,Other,Pune,Maharashtra,VIP,IND vs AUS T20 Cup Highlights,Sports,Sports,Hindi,45
E10002,U1567,C115,complete,2026-01-14,Smart TV,37,1,18-25,Female,Chennai,Tamil Nadu,Free,Bengal Courtroom Secrets,Series,Drama,Bengali,40
E10003,U1674,C111,pause,2026-01-13,Web,13,0,26-35,Male,Chennai,Tamil Nadu,Free,Yeh Rishta: Family Bonds,Show,Drama,Hindi,22
E10004,U1166,C109,complete,2026-02-23,Mobile,44,1,36-45,Male,Mumbai,Maharashtra,Free,Special Ops: Desert Falcon,Series,Drama,Hindi,45
E10005,U1466,C106,play,2026-02-09,Mobile,25,0,36-45,Male,Ahmedabad,Gujarat,Free,WPL T20 Blockbuster Match,Sports,Sports,Hindi,60
E10006,U1005,C144,pause,2026-02-27,Tablet,15,0,36-45,Male,Pune,Maharashtra,VIP,Koffee Spotlight Lounge,Show,Reality,English,45
E10007,U1742,C146,play,2026-01-18,Web,50,0,18-25,Male,Mumbai,Maharashtra,VIP,Motu Patlu Space Adventure,Movie,Kids,Hindi,75
E10008,U1301,C139,play,2026-01-03,Mobile,17,0,36-45,Female,Mumbai,Maharashtra,Premium,Bigg Boss Telugu Live,Show,Reality,Telugu,60
E10009,U1380,C117,complete,2026-02-14,Smart TV,23,1,26-35,Female,Kolkata,West Bengal,VIP,Ghar Ek Mandir Classic,Show,Drama,Marathi,24
E10010,U1391,C113,pause,2026-01-24,Mobile,37,0,46+,Other,Pune,Maharashtra,VIP,Kaithi Revenge Chronicles,Movie,Drama,Tamil,140
E10011,U1465,C110,complete,2026-02-09,Mobile,23,1,26-35,Female,Mumbai,Maharashtra,Premium,Anupama: New Beginnings,Show,Drama,Hindi,25
E10012,U1256,C107,pause,2026-01-26,Mobile,18,0,26-35,Male,Hyderabad,Telangana,Free,Champions Trophy Pre-Show,Sports,Sports,Telugu,40
E10013,U1204,C107,pause,2026-01-18,Mobile,7,0,26-35,Female,Hyderabad,Telangana,Premium,Champions Trophy Pre-Show,Sports,Sports,Telugu,40
E10014,U1608,C127,complete,2026-02-17,Web,29,1,26-35,Female,Kolkata,West Bengal,Free,Pune Pun Factory,Show,Comedy,Marathi,30
E10015,U1102,C141,play,2026-02-03,Mobile,31,0,36-45,Male,Delhi,Delhi,Free,Shark Pitch India S4,Show,Reality,Hindi,55
E10016,U1405,C113,complete,2026-01-04,Mobile,138,1,18-25,Male,Lucknow,Uttar Pradesh,Premium,Kaithi Revenge Chronicles,Movie,Drama,Tamil,140
E10017,U1301,C136,pause,2026-01-29,Mobile,37,0,36-45,Female,Mumbai,Maharashtra,Premium,Speed Street Heist,Movie,Action,English,120
E10018,U1565,C110,pause,2026-01-27,Mobile,12,0,26-35,Male,Hyderabad,Telangana,VIP,Anupama: New Beginnings,Show,Drama,Hindi,25
E10019,U1082,C144,complete,2026-02-11,Tablet,43,1,18-25,Male,Chennai,Tamil Nadu,Premium,Koffee Spotlight Lounge,Show,Reality,English,45
E10020,U1409,C157,complete,2026-02-19,Mobile,38,1,18-25,Male,Bengaluru,Karnataka,Free,Startup Founders Blueprint,Show,News,English,40
E10021,U1560,C146,complete,2026-01-10,Mobile,72,1,26-35,Male,Kolkata,West Bengal,Free,Motu Patlu Space Adventure,Movie,Kids,Hindi,75
E10022,U1656,C133,complete,2026-01-26,Web,46,1,18-25,Female,Hyderabad,Telangana,VIP,Rudra: The Edge of Darkness,Series,Action,Hindi,48
E10023,U1640,C103,complete,2026-01-19,Mobile,55,1,18-25,Other,Delhi,Delhi,Premium,Premier League Weekly Showdown,Sports,Sports,English,60
E10024,U1542,C131,play,2026-02-17,Mobile,75,0,26-35,Female,Pune,Maharashtra,Free,Devara Storm Rising,Movie,Action,Telugu,160
E10025,U1445,C155,complete,2026-02-16,Mobile,46,1,46+,Female,Pune,Maharashtra,Free,Wildlife Wonders: Western Ghats,Show,News,English,52
E10026,U1166,C110,pause,2026-01-07,Smart TV,6,0,36-45,Male,Mumbai,Maharashtra,Free,Anupama: New Beginnings,Show,Drama,Hindi,25
E10027,U1040,C145,complete,2026-02-18,Mobile,79,1,18-25,Female,Bengaluru,Karnataka,Free,Chhota Bheem Himalayan Tour,Movie,Kids,Hindi,85
E10028,U1747,C104,complete,2026-01-25,Smart TV,49,1,26-35,Female,Delhi,Delhi,VIP,IND vs ENG Test Day 3 Highlights,Sports,Sports,English,50
E10029,U1229,C110,play,2026-01-02,Mobile,3,0,18-25,Female,Mumbai,Maharashtra,Free,Anupama: New Beginnings,Show,Drama,Hindi,25
E10030,U1022,C115,play,2026-03-01,Web,14,0,18-25,Female,Bengaluru,Karnataka,Free,Bengal Courtroom Secrets,Series,Drama,Bengali,40
E10031,U1198,C120,pause,2026-02-10,Tablet,9,0,46+,Female,Bengaluru,Karnataka,Free,Succession Politics India,Series,Drama,Hindi,45
E10032,U1567,C144,play,2026-01-31,Mobile,15,0,18-25,Female,Chennai,Tamil Nadu,Free,Koffee Spotlight Lounge,Show,Reality,English,45
E10033,U1410,C141,complete,2026-01-20,Mobile,50,1,18-25,Male,Delhi,Delhi,VIP,Shark Pitch India S4,Show,Reality,Hindi,55
E10034,U1006,C125,complete,2026-02-04,Smart TV,37,1,18-25,Male,Pune,Maharashtra,Free,Chennai Roast Arena,Show,Comedy,Tamil,40
E10035,U1006,C149,pause,2026-01-19,Web,2,0,18-25,Male,Pune,Maharashtra,Free,Shinchan Laugh Club,Series,Kids,Tamil,20
E10036,U1451,C141,complete,2026-01-28,Mobile,54,1,26-35,Female,Jaipur,Rajasthan,Free,Shark Pitch India S4,Show,Reality,Hindi,55
E10037,U1299,C106,complete,2026-01-17,Smart TV,56,1,18-25,Male,Chennai,Tamil Nadu,Premium,WPL T20 Blockbuster Match,Sports,Sports,Hindi,60
E10038,U1051,C132,play,2026-01-18,Mobile,16,0,26-35,Female,Chennai,Tamil Nadu,Free,Commando Force Mumbai,Series,Action,Hindi,42
E10039,U1211,C138,complete,2026-01-12,Web,59,1,26-35,Female,Bengaluru,Karnataka,Premium,Bigg Boss Tamil Season 8,Show,Reality,Tamil,60
E10040,U1093,C104,pause,2026-01-21,Mobile,21,0,18-25,Male,Ahmedabad,Gujarat,Free,IND vs ENG Test Day 3 Highlights,Sports,Sports,English,50
E10041,U1012,C102,complete,2026-01-18,Mobile,81,1,18-25,Male,Hyderabad,Telangana,VIP,IPL Mega Auction Live Replay,Sports,Sports,Hindi,90
E10042,U1084,C120,complete,2026-01-14,Mobile,40,1,46+,Female,Hyderabad,Telangana,VIP,Succession Politics India,Series,Drama,Hindi,45
E10043,U1255,C113,play,2026-01-22,Smart TV,63,0,18-25,Male,Hyderabad,Telangana,VIP,Kaithi Revenge Chronicles,Movie,Drama,Tamil,140
E10044,U1051,C139,complete,2026-02-04,Mobile,56,1,26-35,Female,Chennai,Tamil Nadu,Free,Bigg Boss Telugu Live,Show,Reality,Telugu,60
E10045,U1357,C107,pause,2026-02-19,Web,23,0,18-25,Female,Hyderabad,Telangana,Free,Champions Trophy Pre-Show,Sports,Sports,Telugu,40
E10046,U1545,C117,complete,2026-01-13,Tablet,23,1,26-35,Other,Pune,Maharashtra,Free,Ghar Ek Mandir Classic,Show,Drama,Marathi,24
E10047,U1352,C140,play,2026-01-20,Mobile,15,0,26-35,Male,Mumbai,Maharashtra,Free,Dance India Dance Championship,Show,Reality,Hindi,50
E10048,U1701,C106,pause,2026-01-31,Smart TV,31,0,18-25,Male,Mumbai,Maharashtra,Free,WPL T20 Blockbuster Match,Sports,Sports,Hindi,60
E10049,U1483,C108,pause,2026-02-10,Web,13,0,36-45,Female,Chennai,Tamil Nadu,Free,ISL Football Clash of Titans,Sports,Sports,Bengali,60
E10050,U1331,C101,complete,2026-01-16,Smart TV,42,1,26-35,Female,Mumbai,Maharashtra,VIP,IND vs AUS T20 Cup Highlights,Sports,Sports,Hindi,45
E10051,U1006,C102,complete,2026-01-24,Smart TV,86,1,18-25,Male,Pune,Maharashtra,Free,IPL Mega Auction Live Replay,Sports,Sports,Hindi,90
E10052,U1586,C110,play,2026-02-18,Mobile,6,0,18-25,Male,Mumbai,Maharashtra,Premium,Anupama: New Beginnings,Show,Drama,Hindi,25
E10053,U1469,C103,pause,2026-01-15,Smart TV,41,0,26-35,Male,Mumbai,Maharashtra,VIP,Premier League Weekly Showdown,Sports,Sports,English,60
E10054,U1235,C128,complete,2026-02-16,Smart TV,113,1,18-25,Female,Bengaluru,Karnataka,Premium,College Boys Chaos,Movie,Comedy,Hindi,115
E10055,U1133,C136,complete,2026-02-01,Mobile,118,1,18-25,Male,Lucknow,Uttar Pradesh,Free,Speed Street Heist,Movie,Action,English,120
E10056,U1540,C128,pause,2026-01-21,Mobile,41,0,18-25,Male,Kolkata,West Bengal,VIP,College Boys Chaos,Movie,Comedy,Hindi,115
E10057,U1557,C111,pause,2026-01-10,Web,9,0,46+,Female,Kolkata,West Bengal,Premium,Yeh Rishta: Family Bonds,Show,Drama,Hindi,22
E10058,U1340,C142,complete,2026-02-02,Mobile,43,1,18-25,Male,Kolkata,West Bengal,Premium,Master Chef Kitchen Wars,Show,Reality,Hindi,45
E10059,U1286,C107,pause,2026-02-16,Mobile,18,0,26-35,Female,Delhi,Delhi,VIP,Champions Trophy Pre-Show,Sports,Sports,Telugu,40
E10060,U1040,C155,complete,2026-02-19,Web,50,1,18-25,Female,Bengaluru,Karnataka,Free,Wildlife Wonders: Western Ghats,Show,News,English,52
E10061,U1422,C131,pause,2026-01-05,Mobile,21,0,26-35,Male,Chennai,Tamil Nadu,VIP,Devara Storm Rising,Movie,Action,Telugu,160
E10062,U1027,C151,complete,2026-01-13,Mobile,27,1,26-35,Female,Mumbai,Maharashtra,VIP,Daily Headlines 360,News,News,Hindi,30
E10063,U1065,C129,play,2026-01-17,Web,62,0,36-45,Male,Delhi,Delhi,Free,Tiger Underground Strike,Movie,Action,Hindi,155
E10064,U1030,C108,complete,2026-02-11,Smart TV,59,1,18-25,Male,Chennai,Tamil Nadu,Free,ISL Football Clash of Titans,Sports,Sports,Bengali,60
E10065,U1374,C146,pause,2026-02-26,Mobile,8,0,26-35,Male,Mumbai,Maharashtra,VIP,Motu Patlu Space Adventure,Movie,Kids,Hindi,75
E10066,U1314,C116,pause,2026-01-05,Smart TV,38,0,26-35,Female,Bengaluru,Karnataka,Premium,Kolkata Love Diary,Movie,Drama,Bengali,125
E10067,U1631,C103,pause,2026-01-25,Mobile,7,0,26-35,Male,Hyderabad,Telangana,VIP,Premier League Weekly Showdown,Sports,Sports,English,60
E10068,U1128,C125,play,2026-01-27,Mobile,6,0,26-35,Female,Pune,Maharashtra,VIP,Chennai Roast Arena,Show,Comedy,Tamil,40
E10069,U1566,C140,pause,2026-01-07,Smart TV,31,0,18-25,Female,Kolkata,West Bengal,Free,Dance India Dance Championship,Show,Reality,Hindi,50
E10070,U1114,C107,complete,2026-02-08,Mobile,36,1,26-35,Male,Jaipur,Rajasthan,Free,Champions Trophy Pre-Show,Sports,Sports,Telugu,40
E10071,U1338,C115,pause,2026-02-18,Mobile,9,0,26-35,Male,Delhi,Delhi,Free,Bengal Courtroom Secrets,Series,Drama,Bengali,40
E10072,U1479,C142,complete,2026-01-25,Mobile,42,1,26-35,Male,Lucknow,Uttar Pradesh,VIP,Master Chef Kitchen Wars,Show,Reality,Hindi,45
E10073,U1581,C149,pause,2026-02-16,Mobile,6,0,46+,Male,Ahmedabad,Gujarat,VIP,Shinchan Laugh Club,Series,Kids,Tamil,20
E10074,U1021,C112,complete,2026-01-01,Mobile,49,1,18-25,Female,Pune,Maharashtra,Free,City of Dreams: The Succession,Series,Drama,Hindi,50
E10075,U1224,C108,complete,2026-02-14,Web,58,1,36-45,Male,Delhi,Delhi,VIP,ISL Football Clash of Titans,Sports,Sports,Bengali,60
E10076,U1621,C149,pause,2026-01-30,Mobile,7,0,18-25,Male,Bengaluru,Karnataka,VIP,Shinchan Laugh Club,Series,Kids,Tamil,20
E10077,U1271,C105,play,2026-01-06,Mobile,13,0,36-45,Male,Kochi,Kerala,VIP,Pro Kabaddi League Finals,Sports,Sports,Tamil,70
E10078,U1432,C128,complete,2026-01-31,Mobile,107,1,36-45,Male,Ahmedabad,Gujarat,Free,College Boys Chaos,Movie,Comedy,Hindi,115
E10079,U1117,C142,complete,2026-02-08,Smart TV,44,1,18-25,Male,Delhi,Delhi,Premium,Master Chef Kitchen Wars,Show,Reality,Hindi,45
E10080,U1486,C102,complete,2026-02-28,Web,88,1,26-35,Female,Kochi,Kerala,Free,IPL Mega Auction Live Replay,Sports,Sports,Hindi,90
E10081,U1586,C115,complete,2026-02-25,Web,39,1,18-25,Male,Mumbai,Maharashtra,Premium,Bengal Courtroom Secrets,Series,Drama,Bengali,40
E10082,U1586,C139,pause,2026-01-04,Web,27,0,18-25,Male,Mumbai,Maharashtra,Premium,Bigg Boss Telugu Live,Show,Reality,Telugu,60
E10083,U1225,C102,complete,2026-01-15,Mobile,85,1,18-25,Male,Patna,Bihar,VIP,IPL Mega Auction Live Replay,Sports,Sports,Hindi,90
E10084,U1105,C135,pause,2026-01-06,Tablet,85,0,26-35,Female,Bengaluru,Karnataka,Free,Fighter Wing Alpha,Movie,Action,Hindi,145
E10085,U1153,C112,complete,2026-02-06,Mobile,45,1,18-25,Male,Delhi,Delhi,Premium,City of Dreams: The Succession,Series,Drama,Hindi,50
E10086,U1566,C127,play,2026-02-18,Mobile,8,0,18-25,Female,Kolkata,West Bengal,Free,Pune Pun Factory,Show,Comedy,Marathi,30
E10087,U1092,C128,pause,2026-02-17,Mobile,20,0,18-25,Male,Pune,Maharashtra,Free,College Boys Chaos,Movie,Comedy,Hindi,115
E10088,U1399,C109,pause,2026-01-08,Mobile,18,0,18-25,Male,Bengaluru,Karnataka,VIP,Special Ops: Desert Falcon,Series,Drama,Hindi,45
E10089,U1511,C119,complete,2026-01-02,Mobile,52,1,26-35,Male,Kochi,Kerala,VIP,The Crown Dynasty Legacy,Series,Drama,English,55
E10090,U1586,C107,pause,2026-01-29,Mobile,19,0,18-25,Male,Mumbai,Maharashtra,Premium,Champions Trophy Pre-Show,Sports,Sports,Telugu,40
E10091,U1028,C142,complete,2026-02-24,Mobile,43,1,46+,Female,Lucknow,Uttar Pradesh,VIP,Master Chef Kitchen Wars,Show,Reality,Hindi,45
E10092,U1057,C138,play,2026-01-19,Mobile,9,0,18-25,Female,Chennai,Tamil Nadu,Free,Bigg Boss Tamil Season 8,Show,Reality,Tamil,60
E10093,U1010,C136,complete,2026-01-14,Mobile,108,1,18-25,Female,Pune,Maharashtra,Premium,Speed Street Heist,Movie,Action,English,120
E10094,U1561,C108,pause,2026-01-10,Mobile,21,0,26-35,Female,Mumbai,Maharashtra,Premium,ISL Football Clash of Titans,Sports,Sports,Bengali,60
E10095,U1533,C135,pause,2026-01-04,Mobile,49,0,18-25,Female,Chennai,Tamil Nadu,Free,Fighter Wing Alpha,Movie,Action,Hindi,145
E10096,U1211,C141,complete,2026-01-01,Smart TV,53,1,26-35,Female,Bengaluru,Karnataka,Premium,Shark Pitch India S4,Show,Reality,Hindi,55
E10097,U1042,C134,pause,2026-01-19,Smart TV,49,0,26-35,Female,Mumbai,Maharashtra,Free,Night Hunter Squad,Movie,Action,English,130
E10098,U1655,C133,pause,2026-01-21,Mobile,27,0,18-25,Other,Kochi,Kerala,Free,Rudra: The Edge of Darkness,Series,Action,Hindi,48
E10099,U1367,C130,complete,2026-02-05,Mobile,164,1,46+,Male,Kochi,Kerala,Free,Vikram: Shadow Commander,Movie,Action,Tamil,165
E10100,U1697,C101,pause,2026-01-11,Mobile,11,0,18-25,Male,Lucknow,Uttar Pradesh,Free,IND vs AUS T20 Cup Highlights,Sports,Sports,Hindi,45
E10101,U1012,C136,complete,2026-02-02,Mobile,119,1,18-25,Male,Hyderabad,Telangana,VIP,Speed Street Heist,Movie,Action,English,120
E10102,U1202,C103,play,2026-02-05,Mobile,34,0,26-35,Male,Jaipur,Rajasthan,Free,Premier League Weekly Showdown,Sports,Sports,English,60
E10103,U1711,C109,complete,2026-02-16,Mobile,41,1,18-25,Male,Bengaluru,Karnataka,VIP,Special Ops: Desert Falcon,Series,Drama,Hindi,45
E10104,U1290,C154,pause,2026-01-10,Smart TV,9,0,18-25,Male,Delhi,Delhi,Free,Elections Ground Pulse,News,News,Hindi,35
E10105,U1325,C113,complete,2026-02-11,Smart TV,127,1,26-35,Male,Kochi,Kerala,Free,Kaithi Revenge Chronicles,Movie,Drama,Tamil,140
E10106,U1096,C126,play,2026-02-03,Web,8,0,36-45,Female,Delhi,Delhi,Premium,Telugu Comedy Superstars,Show,Comedy,Telugu,30
E10107,U1681,C119,pause,2026-01-11,Web,26,0,26-35,Male,Chennai,Tamil Nadu,Premium,The Crown Dynasty Legacy,Series,Drama,English,55
E10108,U1236,C128,complete,2026-02-26,Web,107,1,26-35,Male,Delhi,Delhi,VIP,College Boys Chaos,Movie,Comedy,Hindi,115
E10109,U1101,C102,pause,2026-02-17,Mobile,50,0,26-35,Male,Delhi,Delhi,VIP,IPL Mega Auction Live Replay,Sports,Sports,Hindi,90
E10110,U1700,C146,complete,2026-01-07,Web,73,1,36-45,Male,Delhi,Delhi,Premium,Motu Patlu Space Adventure,Movie,Kids,Hindi,75
E10111,U1091,C101,pause,2026-02-08,Tablet,22,0,26-35,Female,Delhi,Delhi,Premium,IND vs AUS T20 Cup Highlights,Sports,Sports,Hindi,45
E10112,U1162,C136,pause,2026-02-08,Mobile,37,0,18-25,Female,Bengaluru,Karnataka,VIP,Speed Street Heist,Movie,Action,English,120
E10113,U1357,C133,pause,2026-01-15,Mobile,15,0,18-25,Female,Hyderabad,Telangana,Free,Rudra: The Edge of Darkness,Series,Action,Hindi,48
E10114,U1021,C139,complete,2026-02-17,Mobile,56,1,18-25,Female,Pune,Maharashtra,Free,Bigg Boss Telugu Live,Show,Reality,Telugu,60
E10115,U1510,C108,complete,2026-01-29,Mobile,59,1,26-35,Male,Chennai,Tamil Nadu,Premium,ISL Football Clash of Titans,Sports,Sports,Bengali,60
E10116,U1654,C123,pause,2026-01-03,Mobile,5,0,18-25,Male,Mumbai,Maharashtra,VIP,Sarabhai Classic Revival,Series,Comedy,Hindi,25
E10117,U1461,C142,complete,2026-02-06,Smart TV,44,1,26-35,Male,Chennai,Tamil Nadu,Premium,Master Chef Kitchen Wars,Show,Reality,Hindi,45
E10118,U1450,C125,pause,2026-02-22,Web,15,0,18-25,Female,Ahmedabad,Gujarat,Free,Chennai Roast Arena,Show,Comedy,Tamil,40
E10119,U1664,C144,pause,2026-01-25,Mobile,25,0,36-45,Male,Delhi,Delhi,Premium,Koffee Spotlight Lounge,Show,Reality,English,45
E10120,U1391,C132,complete,2026-01-20,Mobile,39,1,46+,Other,Pune,Maharashtra,VIP,Commando Force Mumbai,Series,Action,Hindi,42
E10121,U1588,C112,complete,2026-02-14,Mobile,49,1,26-35,Male,Kolkata,West Bengal,VIP,City of Dreams: The Succession,Series,Drama,Hindi,50
E10122,U1391,C106,complete,2026-01-08,Web,58,1,46+,Other,Pune,Maharashtra,VIP,WPL T20 Blockbuster Match,Sports,Sports,Hindi,60
E10123,U1122,C129,pause,2026-01-02,Web,50,0,46+,Male,Hyderabad,Telangana,Premium,Tiger Underground Strike,Movie,Action,Hindi,155
E10124,U1121,C130,complete,2026-01-17,Smart TV,156,1,18-25,Male,Hyderabad,Telangana,Premium,Vikram: Shadow Commander,Movie,Action,Tamil,165
E10125,U1238,C133,complete,2026-01-06,Smart TV,46,1,26-35,Male,Kolkata,West Bengal,Premium,Rudra: The Edge of Darkness,Series,Action,Hindi,48
E10126,U1074,C120,play,2026-02-02,Mobile,12,0,26-35,Male,Mumbai,Maharashtra,VIP,Succession Politics India,Series,Drama,Hindi,45
E10127,U1464,C106,complete,2026-01-22,Smart TV,55,1,26-35,Female,Chennai,Tamil Nadu,VIP,WPL T20 Blockbuster Match,Sports,Sports,Hindi,60
E10128,U1430,C134,play,2026-01-27,Mobile,21,0,46+,Female,Bengaluru,Karnataka,Premium,Night Hunter Squad,Movie,Action,English,130
E10129,U1228,C138,complete,2026-02-27,Tablet,55,1,36-45,Male,Mumbai,Maharashtra,Free,Bigg Boss Tamil Season 8,Show,Reality,Tamil,60
E10130,U1091,C108,complete,2026-02-24,Smart TV,56,1,26-35,Female,Delhi,Delhi,Premium,ISL Football Clash of Titans,Sports,Sports,Bengali,60
E10131,U1378,C141,complete,2026-02-12,Smart TV,50,1,26-35,Male,Chennai,Tamil Nadu,VIP,Shark Pitch India S4,Show,Reality,Hindi,55
E10132,U1362,C118,pause,2026-02-09,Mobile,9,0,18-25,Male,Chennai,Tamil Nadu,Free,Kerala Waterfront Mystery,Series,Drama,Malayalam,48
E10133,U1472,C142,complete,2026-01-23,Mobile,40,1,18-25,Female,Pune,Maharashtra,Free,Master Chef Kitchen Wars,Show,Reality,Hindi,45
E10134,U1023,C143,play,2026-01-04,Smart TV,15,0,36-45,Male,Kolkata,West Bengal,VIP,Roadies Quest,Show,Reality,Hindi,45
E10135,U1069,C160,complete,2026-02-14,Mobile,28,1,36-45,Female,Ahmedabad,Gujarat,Premium,Maharashtra Maha News,News,News,Marathi,30
E10136,U1450,C140,play,2026-01-06,Mobile,18,0,18-25,Female,Ahmedabad,Gujarat,Free,Dance India Dance Championship,Show,Reality,Hindi,50
E10137,U1584,C114,play,2026-01-05,Web,24,0,46+,Male,Delhi,Delhi,VIP,Telugu Royal Heritage,Series,Drama,Telugu,45
E10138,U1217,C105,complete,2026-02-03,Smart TV,66,1,18-25,Male,Patna,Bihar,Free,Pro Kabaddi League Finals,Sports,Sports,Tamil,70
E10139,U1145,C108,pause,2026-01-06,Mobile,34,0,18-25,Female,Mumbai,Maharashtra,Free,ISL Football Clash of Titans,Sports,Sports,Bengali,60
E10140,U1366,C136,pause,2026-01-21,Web,31,0,46+,Male,Jaipur,Rajasthan,VIP,Speed Street Heist,Movie,Action,English,120
E10141,U1187,C129,pause,2026-02-16,Smart TV,87,0,26-35,Female,Ahmedabad,Gujarat,Premium,Tiger Underground Strike,Movie,Action,Hindi,155
E10142,U1477,C123,play,2026-01-01,Mobile,10,0,26-35,Male,Kochi,Kerala,Premium,Sarabhai Classic Revival,Series,Comedy,Hindi,25
E10143,U1079,C121,pause,2026-01-27,Smart TV,9,0,46+,Male,Kochi,Kerala,Free,The Great Indian Comedy Lab,Show,Comedy,Hindi,35
E10144,U1312,C114,pause,2026-01-19,Smart TV,5,0,26-35,Female,Chennai,Tamil Nadu,VIP,Telugu Royal Heritage,Series,Drama,Telugu,45
E10145,U1181,C103,pause,2026-01-22,Mobile,27,0,26-35,Male,Pune,Maharashtra,Free,Premier League Weekly Showdown,Sports,Sports,English,60
E10146,U1255,C138,complete,2026-01-22,Smart TV,55,1,18-25,Male,Hyderabad,Telangana,VIP,Bigg Boss Tamil Season 8,Show,Reality,Tamil,60
E10147,U1630,C149,pause,2026-01-10,Mobile,2,0,26-35,Male,Delhi,Delhi,Free,Shinchan Laugh Club,Series,Kids,Tamil,20
E10148,U1471,C146,complete,2026-01-27,Mobile,73,1,46+,Male,Lucknow,Uttar Pradesh,VIP,Motu Patlu Space Adventure,Movie,Kids,Hindi,75
E10149,U1698,C102,pause,2026-01-02,Mobile,37,0,36-45,Female,Ahmedabad,Gujarat,VIP,IPL Mega Auction Live Replay,Sports,Sports,Hindi,90
E10150,U1144,C136,play,2026-01-18,Smart TV,44,0,26-35,Male,Bengaluru,Karnataka,Free,Speed Street Heist,Movie,Action,English,120
E10151,U1633,C114,pause,2026-01-12,Mobile,7,0,18-25,Male,Hyderabad,Telangana,VIP,Telugu Royal Heritage,Series,Drama,Telugu,45
E10152,U1450,C144,pause,2026-01-27,Smart TV,15,0,18-25,Female,Ahmedabad,Gujarat,Free,Koffee Spotlight Lounge,Show,Reality,English,45
E10153,U1058,C144,pause,2026-01-12,Mobile,10,0,18-25,Male,Lucknow,Uttar Pradesh,Premium,Koffee Spotlight Lounge,Show,Reality,English,45
E10154,U1071,C140,pause,2026-01-31,Smart TV,22,0,26-35,Female,Mumbai,Maharashtra,Premium,Dance India Dance Championship,Show,Reality,Hindi,50
E10155,U1679,C106,pause,2026-01-21,Mobile,30,0,46+,Female,Lucknow,Uttar Pradesh,VIP,WPL T20 Blockbuster Match,Sports,Sports,Hindi,60
E10156,U1099,C144,pause,2026-02-16,Web,22,0,46+,Female,Hyderabad,Telangana,VIP,Koffee Spotlight Lounge,Show,Reality,English,45
E10157,U1023,C117,complete,2026-01-03,Web,22,1,36-45,Male,Kolkata,West Bengal,VIP,Ghar Ek Mandir Classic,Show,Drama,Marathi,24
E10158,U1524,C130,pause,2026-02-12,Mobile,16,0,18-25,Male,Delhi,Delhi,VIP,Vikram: Shadow Commander,Movie,Action,Tamil,165
E10159,U1566,C101,pause,2026-01-19,Smart TV,12,0,18-25,Female,Kolkata,West Bengal,Free,IND vs AUS T20 Cup Highlights,Sports,Sports,Hindi,45
E10160,U1203,C113,complete,2026-01-18,Mobile,128,1,18-25,Female,Delhi,Delhi,Free,Kaithi Revenge Chronicles,Movie,Drama,Tamil,140
E10161,U1075,C154,complete,2026-02-05,Smart TV,33,1,36-45,Female,Delhi,Delhi,Premium,Elections Ground Pulse,News,News,Hindi,35
E10162,U1236,C106,complete,2026-01-05,Smart TV,55,1,26-35,Male,Delhi,Delhi,VIP,WPL T20 Blockbuster Match,Sports,Sports,Hindi,60
E10163,U1230,C146,complete,2026-02-27,Mobile,67,1,18-25,Male,Mumbai,Maharashtra,Free,Motu Patlu Space Adventure,Movie,Kids,Hindi,75
E10164,U1512,C104,pause,2026-02-07,Mobile,8,0,26-35,Female,Mumbai,Maharashtra,VIP,IND vs ENG Test Day 3 Highlights,Sports,Sports,English,50
E10165,U1473,C136,pause,2026-02-18,Mobile,29,0,18-25,Female,Bengaluru,Karnataka,Free,Speed Street Heist,Movie,Action,English,120
E10166,U1510,C126,pause,2026-02-22,Tablet,12,0,26-35,Male,Chennai,Tamil Nadu,Premium,Telugu Comedy Superstars,Show,Comedy,Telugu,30
E10167,U1605,C136,complete,2026-02-19,Mobile,115,1,26-35,Male,Hyderabad,Telangana,VIP,Speed Street Heist,Movie,Action,English,120
E10168,U1356,C109,play,2026-01-26,Mobile,17,0,18-25,Male,Hyderabad,Telangana,VIP,Special Ops: Desert Falcon,Series,Drama,Hindi,45
E10169,U1126,C149,pause,2026-01-05,Mobile,4,0,26-35,Male,Bengaluru,Karnataka,Premium,Shinchan Laugh Club,Series,Kids,Tamil,20
E10170,U1361,C115,complete,2026-02-08,Mobile,39,1,36-45,Male,Patna,Bihar,Free,Bengal Courtroom Secrets,Series,Drama,Bengali,40
E10171,U1436,C124,pause,2026-01-05,Mobile,8,0,46+,Female,Mumbai,Maharashtra,Premium,Standup Special: Bangalore Humor,Show,Comedy,English,65
E10172,U1598,C126,pause,2026-01-31,Mobile,11,0,18-25,Female,Delhi,Delhi,VIP,Telugu Comedy Superstars,Show,Comedy,Telugu,30
E10173,U1292,C115,pause,2026-02-20,Web,22,0,36-45,Male,Chennai,Tamil Nadu,VIP,Bengal Courtroom Secrets,Series,Drama,Bengali,40
E10174,U1255,C136,play,2026-02-23,Mobile,53,0,18-25,Male,Hyderabad,Telangana,VIP,Speed Street Heist,Movie,Action,English,120
E10175,U1370,C130,pause,2026-01-26,Mobile,80,0,18-25,Male,Bengaluru,Karnataka,Free,Vikram: Shadow Commander,Movie,Action,Tamil,165
E10176,U1044,C104,pause,2026-02-12,Web,15,0,18-25,Female,Ahmedabad,Gujarat,Free,IND vs ENG Test Day 3 Highlights,Sports,Sports,English,50
E10177,U1038,C108,play,2026-02-18,Mobile,27,0,18-25,Male,Chennai,Tamil Nadu,VIP,ISL Football Clash of Titans,Sports,Sports,Bengali,60
E10178,U1101,C106,complete,2026-01-13,Mobile,57,1,26-35,Male,Delhi,Delhi,VIP,WPL T20 Blockbuster Match,Sports,Sports,Hindi,60
E10179,U1144,C144,play,2026-03-01,Mobile,18,0,26-35,Male,Bengaluru,Karnataka,Free,Koffee Spotlight Lounge,Show,Reality,English,45
E10180,U1331,C158,complete,2026-02-02,Mobile,27,1,26-35,Female,Mumbai,Maharashtra,VIP,State Express News Tamil,News,News,Tamil,30
E10181,U1304,C105,pause,2026-02-15,Mobile,24,0,36-45,Female,Bengaluru,Karnataka,Free,Pro Kabaddi League Finals,Sports,Sports,Tamil,70
E10182,U1426,C157,complete,2026-01-28,Mobile,36,1,26-35,Female,Kolkata,West Bengal,Free,Startup Founders Blueprint,Show,News,English,40
E10183,U1538,C117,pause,2026-02-12,Mobile,6,0,26-35,Female,Chennai,Tamil Nadu,Free,Ghar Ek Mandir Classic,Show,Drama,Marathi,24
E10184,U1118,C105,pause,2026-01-19,Smart TV,26,0,18-25,Male,Hyderabad,Telangana,VIP,Pro Kabaddi League Finals,Sports,Sports,Tamil,70
E10185,U1748,C135,complete,2026-02-16,Mobile,130,1,26-35,Female,Chennai,Tamil Nadu,VIP,Fighter Wing Alpha,Movie,Action,Hindi,145
E10186,U1671,C134,complete,2026-02-21,Tablet,118,1,18-25,Male,Delhi,Delhi,VIP,Night Hunter Squad,Movie,Action,English,130
E10187,U1313,C121,pause,2026-02-02,Smart TV,14,0,26-35,Female,Delhi,Delhi,Free,The Great Indian Comedy Lab,Show,Comedy,Hindi,35
E10188,U1323,C142,complete,2026-01-01,Mobile,42,1,18-25,Female,Delhi,Delhi,Premium,Master Chef Kitchen Wars,Show,Reality,Hindi,45
E10189,U1440,C143,pause,2026-01-24,Mobile,12,0,36-45,Male,Chennai,Tamil Nadu,Free,Roadies Quest,Show,Reality,Hindi,45
E10190,U1021,C102,play,2026-01-06,Mobile,33,0,18-25,Female,Pune,Maharashtra,Free,IPL Mega Auction Live Replay,Sports,Sports,Hindi,90
E10191,U1097,C138,pause,2026-01-06,Tablet,36,0,26-35,Male,Delhi,Delhi,Premium,Bigg Boss Tamil Season 8,Show,Reality,Tamil,60
E10192,U1398,C131,play,2026-02-13,Mobile,65,0,18-25,Female,Chennai,Tamil Nadu,VIP,Devara Storm Rising,Movie,Action,Telugu,160
E10193,U1479,C141,complete,2026-02-19,Mobile,51,1,26-35,Male,Lucknow,Uttar Pradesh,VIP,Shark Pitch India S4,Show,Reality,Hindi,55
E10194,U1006,C120,pause,2026-02-21,Web,12,0,18-25,Male,Pune,Maharashtra,Free,Succession Politics India,Series,Drama,Hindi,45
E10195,U1218,C106,play,2026-01-17,Smart TV,20,0,36-45,Male,Bengaluru,Karnataka,VIP,WPL T20 Blockbuster Match,Sports,Sports,Hindi,60
E10196,U1038,C122,complete,2026-02-21,Mobile,21,1,18-25,Male,Chennai,Tamil Nadu,VIP,Taarak Laugh Fest Episodes,Show,Comedy,Hindi,22
E10197,U1560,C101,complete,2026-02-20,Mobile,40,1,26-35,Male,Kolkata,West Bengal,Free,IND vs AUS T20 Cup Highlights,Sports,Sports,Hindi,45
E10198,U1203,C105,pause,2026-01-12,Mobile,5,0,18-25,Female,Delhi,Delhi,Free,Pro Kabaddi League Finals,Sports,Sports,Tamil,70
E10199,U1682,C138,complete,2026-02-20,Smart TV,55,1,18-25,Female,Mumbai,Maharashtra,Premium,Bigg Boss Tamil Season 8,Show,Reality,Tamil,60
E10200,U1537,C123,pause,2026-01-10,Smart TV,9,0,18-25,Female,Hyderabad,Telangana,Free,Sarabhai Classic Revival,Series,Comedy,Hindi,25
E10201,U1450,C142,pause,2026-02-12,Web,15,0,18-25,Female,Ahmedabad,Gujarat,Free,Master Chef Kitchen Wars,Show,Reality,Hindi,45
E10202,U1336,C133,pause,2026-02-18,Mobile,12,0,26-35,Female,Bengaluru,Karnataka,VIP,Rudra: The Edge of Darkness,Series,Action,Hindi,48
E10203,U1620,C102,play,2026-03-01,Mobile,28,0,26-35,Female,Delhi,Delhi,Premium,IPL Mega Auction Live Replay,Sports,Sports,Hindi,90
E10204,U1404,C117,complete,2026-02-25,Smart TV,21,1,18-25,Female,Mumbai,Maharashtra,Premium,Ghar Ek Mandir Classic,Show,Drama,Marathi,24
E10205,U1331,C112,complete,2026-02-03,Smart TV,46,1,26-35,Female,Mumbai,Maharashtra,VIP,City of Dreams: The Succession,Series,Drama,Hindi,50
E10206,U1521,C102,pause,2026-02-28,Web,59,0,18-25,Male,Kolkata,West Bengal,Free,IPL Mega Auction Live Replay,Sports,Sports,Hindi,90
E10207,U1497,C111,pause,2026-01-30,Mobile,4,0,26-35,Male,Bengaluru,Karnataka,Free,Yeh Rishta: Family Bonds,Show,Drama,Hindi,22
E10208,U1588,C139,complete,2026-01-22,Smart TV,55,1,26-35,Male,Kolkata,West Bengal,VIP,Bigg Boss Telugu Live,Show,Reality,Telugu,60
E10209,U1514,C159,complete,2026-01-05,Mobile,22,1,26-35,Male,Kolkata,West Bengal,Premium,Bengal Morning Bulletin,News,News,Bengali,25
E10210,U1008,C104,pause,2026-01-13,Mobile,9,0,26-35,Male,Lucknow,Uttar Pradesh,Free,IND vs ENG Test Day 3 Highlights,Sports,Sports,English,50
E10211,U1021,C132,pause,2026-02-08,Mobile,22,0,18-25,Female,Pune,Maharashtra,Free,Commando Force Mumbai,Series,Action,Hindi,42
E10212,U1483,C137,play,2026-02-27,Mobile,8,0,36-45,Female,Chennai,Tamil Nadu,Free,Bigg Boss All-Stars Hindi,Show,Reality,Hindi,60
E10213,U1493,C141,complete,2026-01-19,Mobile,50,1,26-35,Male,Bengaluru,Karnataka,Free,Shark Pitch India S4,Show,Reality,Hindi,55
E10214,U1356,C151,pause,2026-02-27,Smart TV,9,0,18-25,Male,Hyderabad,Telangana,VIP,Daily Headlines 360,News,News,Hindi,30
E10215,U1507,C140,pause,2026-01-25,Mobile,10,0,26-35,Male,Kolkata,West Bengal,Premium,Dance India Dance Championship,Show,Reality,Hindi,50
E10216,U1248,C103,complete,2026-02-01,Tablet,56,1,18-25,Male,Bengaluru,Karnataka,VIP,Premier League Weekly Showdown,Sports,Sports,English,60
E10217,U1734,C108,pause,2026-01-28,Mobile,7,0,46+,Male,Mumbai,Maharashtra,Free,ISL Football Clash of Titans,Sports,Sports,Bengali,60
E10218,U1150,C133,pause,2026-02-06,Web,7,0,26-35,Female,Kolkata,West Bengal,Premium,Rudra: The Edge of Darkness,Series,Action,Hindi,48
E10219,U1554,C140,pause,2026-01-03,Mobile,20,0,26-35,Female,Jaipur,Rajasthan,Free,Dance India Dance Championship,Show,Reality,Hindi,50
E10220,U1506,C111,pause,2026-02-19,Smart TV,11,0,36-45,Male,Kolkata,West Bengal,Premium,Yeh Rishta: Family Bonds,Show,Drama,Hindi,22
E10221,U1374,C120,pause,2026-01-01,Web,24,0,26-35,Male,Mumbai,Maharashtra,VIP,Succession Politics India,Series,Drama,Hindi,45
E10222,U1292,C136,complete,2026-01-23,Smart TV,114,1,36-45,Male,Chennai,Tamil Nadu,VIP,Speed Street Heist,Movie,Action,English,120
E10223,U1249,C113,pause,2026-02-24,Mobile,56,0,36-45,Female,Hyderabad,Telangana,Free,Kaithi Revenge Chronicles,Movie,Drama,Tamil,140
E10224,U1719,C103,pause,2026-01-03,Mobile,24,0,26-35,Female,Patna,Bihar,Premium,Premier League Weekly Showdown,Sports,Sports,English,60
E10225,U1724,C134,complete,2026-02-14,Mobile,118,1,18-25,Male,Bengaluru,Karnataka,VIP,Night Hunter Squad,Movie,Action,English,130
E10226,U1273,C104,pause,2026-02-16,Smart TV,10,0,26-35,Other,Delhi,Delhi,Premium,IND vs ENG Test Day 3 Highlights,Sports,Sports,English,50
E10227,U1748,C109,pause,2026-02-23,Mobile,18,0,26-35,Female,Chennai,Tamil Nadu,VIP,Special Ops: Desert Falcon,Series,Drama,Hindi,45
E10228,U1612,C155,complete,2026-02-16,Mobile,48,1,26-35,Female,Bengaluru,Karnataka,VIP,Wildlife Wonders: Western Ghats,Show,News,English,52
E10229,U1026,C105,play,2026-02-25,Web,25,0,36-45,Male,Mumbai,Maharashtra,VIP,Pro Kabaddi League Finals,Sports,Sports,Tamil,70
E10230,U1408,C138,complete,2026-02-01,Mobile,58,1,36-45,Male,Chennai,Tamil Nadu,Free,Bigg Boss Tamil Season 8,Show,Reality,Tamil,60
E10231,U1499,C122,complete,2026-01-09,Web,21,1,26-35,Male,Mumbai,Maharashtra,Free,Taarak Laugh Fest Episodes,Show,Comedy,Hindi,22
E10232,U1011,C132,pause,2026-02-23,Web,6,0,18-25,Male,Delhi,Delhi,VIP,Commando Force Mumbai,Series,Action,Hindi,42
E10233,U1448,C142,pause,2026-02-21,Mobile,21,0,18-25,Male,Bengaluru,Karnataka,VIP,Master Chef Kitchen Wars,Show,Reality,Hindi,45
E10234,U1141,C114,pause,2026-02-13,Web,14,0,36-45,Male,Bengaluru,Karnataka,Free,Telugu Royal Heritage,Series,Drama,Telugu,45
E10235,U1438,C105,pause,2026-01-22,Web,37,0,18-25,Male,Hyderabad,Telangana,VIP,Pro Kabaddi League Finals,Sports,Sports,Tamil,70
E10236,U1039,C111,complete,2026-01-11,Smart TV,20,1,26-35,Male,Pune,Maharashtra,Premium,Yeh Rishta: Family Bonds,Show,Drama,Hindi,22
E10237,U1333,C149,complete,2026-02-09,Mobile,19,1,36-45,Female,Bengaluru,Karnataka,Free,Shinchan Laugh Club,Series,Kids,Tamil,20
E10238,U1285,C106,complete,2026-03-01,Web,54,1,26-35,Female,Jaipur,Rajasthan,Free,WPL T20 Blockbuster Match,Sports,Sports,Hindi,60
E10239,U1059,C134,complete,2026-02-19,Web,127,1,18-25,Male,Bengaluru,Karnataka,VIP,Night Hunter Squad,Movie,Action,English,130
E10240,U1362,C105,complete,2026-01-16,Mobile,66,1,18-25,Male,Chennai,Tamil Nadu,Free,Pro Kabaddi League Finals,Sports,Sports,Tamil,70
E10241,U1702,C131,complete,2026-01-06,Mobile,151,1,18-25,Female,Chennai,Tamil Nadu,VIP,Devara Storm Rising,Movie,Action,Telugu,160
E10242,U1471,C140,complete,2026-01-08,Mobile,46,1,46+,Male,Lucknow,Uttar Pradesh,VIP,Dance India Dance Championship,Show,Reality,Hindi,50
E10243,U1742,C157,pause,2026-01-30,Smart TV,33,0,18-25,Male,Mumbai,Maharashtra,VIP,Startup Founders Blueprint,Show,News,English,40
E10244,U1586,C134,complete,2026-02-13,Mobile,127,1,18-25,Male,Mumbai,Maharashtra,Premium,Night Hunter Squad,Movie,Action,English,130
E10245,U1636,C148,complete,2026-01-04,Mobile,19,1,26-35,Male,Mumbai,Maharashtra,Free,Doraemon Magic Gadgets,Series,Kids,Hindi,20
E10246,U1490,C112,complete,2026-02-18,Mobile,49,1,18-25,Female,Mumbai,Maharashtra,Free,City of Dreams: The Succession,Series,Drama,Hindi,50
E10247,U1344,C104,pause,2026-02-02,Mobile,7,0,46+,Female,Delhi,Delhi,VIP,IND vs ENG Test Day 3 Highlights,Sports,Sports,English,50
E10248,U1077,C146,complete,2026-01-13,Smart TV,69,1,18-25,Male,Ahmedabad,Gujarat,Premium,Motu Patlu Space Adventure,Movie,Kids,Hindi,75
E10249,U1566,C147,complete,2026-01-16,Mobile,18,1,18-25,Female,Kolkata,West Bengal,Free,Little Singham Rescue Mission,Series,Kids,Hindi,20
E10250,U1560,C144,complete,2026-02-01,Mobile,42,1,26-35,Male,Kolkata,West Bengal,Free,Koffee Spotlight Lounge,Show,Reality,English,45
E10251,U1033,C119,pause,2026-01-30,Mobile,9,0,26-35,Male,Chennai,Tamil Nadu,VIP,The Crown Dynasty Legacy,Series,Drama,English,55
E10252,U1550,C132,complete,2026-02-14,Tablet,38,1,26-35,Male,Kochi,Kerala,VIP,Commando Force Mumbai,Series,Action,Hindi,42
E10253,U1432,C111,play,2026-01-15,Mobile,6,0,36-45,Male,Ahmedabad,Gujarat,Free,Yeh Rishta: Family Bonds,Show,Drama,Hindi,22
E10254,U1671,C131,pause,2026-02-05,Smart TV,90,0,18-25,Male,Delhi,Delhi,VIP,Devara Storm Rising,Movie,Action,Telugu,160
E10255,U1644,C104,pause,2026-02-23,Web,33,0,36-45,Female,Kochi,Kerala,VIP,IND vs ENG Test Day 3 Highlights,Sports,Sports,English,50
E10256,U1353,C101,pause,2026-01-15,Mobile,9,0,18-25,Female,Hyderabad,Telangana,Free,IND vs AUS T20 Cup Highlights,Sports,Sports,Hindi,45
E10257,U1673,C130,play,2026-01-03,Mobile,13,0,26-35,Male,Pune,Maharashtra,VIP,Vikram: Shadow Commander,Movie,Action,Tamil,165
E10258,U1744,C138,complete,2026-02-21,Mobile,56,1,26-35,Male,Mumbai,Maharashtra,Premium,Bigg Boss Tamil Season 8,Show,Reality,Tamil,60
E10259,U1602,C142,complete,2026-01-01,Mobile,43,1,26-35,Female,Mumbai,Maharashtra,Premium,Master Chef Kitchen Wars,Show,Reality,Hindi,45
E10260,U1530,C118,complete,2026-01-06,Mobile,44,1,18-25,Female,Hyderabad,Telangana,Premium,Kerala Waterfront Mystery,Series,Drama,Malayalam,48
E10261,U1011,C135,pause,2026-01-30,Mobile,52,0,18-25,Male,Delhi,Delhi,VIP,Fighter Wing Alpha,Movie,Action,Hindi,145
E10262,U1355,C105,complete,2026-02-10,Smart TV,69,1,46+,Male,Lucknow,Uttar Pradesh,Free,Pro Kabaddi League Finals,Sports,Sports,Tamil,70
E10263,U1355,C132,complete,2026-01-22,Web,41,1,46+,Male,Lucknow,Uttar Pradesh,Free,Commando Force Mumbai,Series,Action,Hindi,42
E10264,U1401,C112,pause,2026-01-14,Smart TV,28,0,36-45,Male,Hyderabad,Telangana,VIP,City of Dreams: The Succession,Series,Drama,Hindi,50
E10265,U1595,C103,play,2026-02-13,Web,7,0,46+,Female,Chennai,Tamil Nadu,VIP,Premier League Weekly Showdown,Sports,Sports,English,60
E10266,U1278,C102,pause,2026-02-11,Mobile,8,0,26-35,Male,Jaipur,Rajasthan,VIP,IPL Mega Auction Live Replay,Sports,Sports,Hindi,90
E10267,U1426,C103,complete,2026-01-16,Smart TV,59,1,26-35,Female,Kolkata,West Bengal,Free,Premier League Weekly Showdown,Sports,Sports,English,60
E10268,U1410,C133,play,2026-02-18,Smart TV,36,0,18-25,Male,Delhi,Delhi,VIP,Rudra: The Edge of Darkness,Series,Action,Hindi,48
E10269,U1565,C109,complete,2026-01-18,Mobile,43,1,26-35,Male,Hyderabad,Telangana,VIP,Special Ops: Desert Falcon,Series,Drama,Hindi,45
E10270,U1033,C116,pause,2026-02-04,Mobile,61,0,26-35,Male,Chennai,Tamil Nadu,VIP,Kolkata Love Diary,Movie,Drama,Bengali,125
E10271,U1515,C126,play,2026-02-21,Mobile,14,0,18-25,Male,Delhi,Delhi,VIP,Telugu Comedy Superstars,Show,Comedy,Telugu,30
E10272,U1732,C145,pause,2026-01-12,Mobile,10,0,36-45,Male,Pune,Maharashtra,VIP,Chhota Bheem Himalayan Tour,Movie,Kids,Hindi,85
E10273,U1212,C154,complete,2026-02-01,Mobile,33,1,18-25,Female,Mumbai,Maharashtra,VIP,Elections Ground Pulse,News,News,Hindi,35
E10274,U1103,C108,complete,2026-02-13,Tablet,56,1,18-25,Male,Delhi,Delhi,VIP,ISL Football Clash of Titans,Sports,Sports,Bengali,60
E10275,U1412,C105,complete,2026-01-19,Mobile,67,1,18-25,Male,Mumbai,Maharashtra,Premium,Pro Kabaddi League Finals,Sports,Sports,Tamil,70
E10276,U1128,C101,pause,2026-02-07,Web,17,0,26-35,Female,Pune,Maharashtra,VIP,IND vs AUS T20 Cup Highlights,Sports,Sports,Hindi,45
E10277,U1256,C133,play,2026-01-29,Mobile,20,0,26-35,Male,Hyderabad,Telangana,Free,Rudra: The Edge of Darkness,Series,Action,Hindi,48
E10278,U1348,C128,complete,2026-01-15,Web,112,1,26-35,Male,Kolkata,West Bengal,Free,College Boys Chaos,Movie,Comedy,Hindi,115
E10279,U1366,C156,complete,2026-01-30,Smart TV,42,1,46+,Male,Jaipur,Rajasthan,VIP,Cricket Icons: The Untold Story,Show,News,Hindi,45
E10280,U1715,C132,pause,2026-02-15,Mobile,7,0,18-25,Female,Kochi,Kerala,VIP,Commando Force Mumbai,Series,Action,Hindi,42
E10281,U1530,C134,complete,2026-01-21,Mobile,117,1,18-25,Female,Hyderabad,Telangana,Premium,Night Hunter Squad,Movie,Action,English,130
E10282,U1436,C120,complete,2026-02-12,Mobile,43,1,46+,Female,Mumbai,Maharashtra,Premium,Succession Politics India,Series,Drama,Hindi,45
E10283,U1235,C115,pause,2026-02-28,Mobile,6,0,18-25,Female,Bengaluru,Karnataka,Premium,Bengal Courtroom Secrets,Series,Drama,Bengali,40
E10284,U1015,C150,pause,2026-02-17,Smart TV,17,0,26-35,Female,Pune,Maharashtra,Free,Super Bheem Galactic Battle,Series,Kids,Telugu,22
E10285,U1415,C124,complete,2026-02-18,Smart TV,64,1,26-35,Female,Mumbai,Maharashtra,Free,Standup Special: Bangalore Humor,Show,Comedy,English,65
E10286,U1736,C129,pause,2026-02-14,Mobile,82,0,26-35,Female,Delhi,Delhi,VIP,Tiger Underground Strike,Movie,Action,Hindi,155
E10287,U1072,C122,pause,2026-02-09,Mobile,2,0,18-25,Female,Mumbai,Maharashtra,Free,Taarak Laugh Fest Episodes,Show,Comedy,Hindi,22
E10288,U1633,C120,complete,2026-02-07,Mobile,43,1,18-25,Male,Hyderabad,Telangana,VIP,Succession Politics India,Series,Drama,Hindi,45
E10289,U1400,C140,complete,2026-02-24,Smart TV,45,1,18-25,Female,Lucknow,Uttar Pradesh,Free,Dance India Dance Championship,Show,Reality,Hindi,50
E10290,U1339,C135,pause,2026-02-08,Mobile,25,0,18-25,Female,Chennai,Tamil Nadu,Free,Fighter Wing Alpha,Movie,Action,Hindi,145
E10291,U1387,C102,complete,2026-01-28,Smart TV,87,1,26-35,Female,Patna,Bihar,VIP,IPL Mega Auction Live Replay,Sports,Sports,Hindi,90
E10292,U1281,C116,play,2026-01-06,Mobile,71,0,18-25,Male,Bengaluru,Karnataka,Free,Kolkata Love Diary,Movie,Drama,Bengali,125
E10293,U1149,C145,complete,2026-01-11,Smart TV,80,1,46+,Male,Hyderabad,Telangana,Free,Chhota Bheem Himalayan Tour,Movie,Kids,Hindi,85
E10294,U1609,C156,pause,2026-01-06,Mobile,6,0,18-25,Female,Ahmedabad,Gujarat,VIP,Cricket Icons: The Untold Story,Show,News,Hindi,45
E10295,U1099,C113,play,2026-02-07,Tablet,44,0,46+,Female,Hyderabad,Telangana,VIP,Kaithi Revenge Chronicles,Movie,Drama,Tamil,140
E10296,U1571,C104,pause,2026-02-15,Mobile,14,0,36-45,Female,Hyderabad,Telangana,Free,IND vs ENG Test Day 3 Highlights,Sports,Sports,English,50
E10297,U1432,C148,pause,2026-02-22,Mobile,4,0,36-45,Male,Ahmedabad,Gujarat,Free,Doraemon Magic Gadgets,Series,Kids,Hindi,20
E10298,U1623,C143,pause,2026-01-01,Mobile,13,0,26-35,Female,Delhi,Delhi,VIP,Roadies Quest,Show,Reality,Hindi,45
E10299,U1105,C112,play,2026-01-19,Smart TV,10,0,26-35,Female,Bengaluru,Karnataka,Free,City of Dreams: The Succession,Series,Drama,Hindi,50
E10300,U1314,C123,complete,2026-01-18,Smart TV,22,1,26-35,Female,Bengaluru,Karnataka,Premium,Sarabhai Classic Revival,Series,Comedy,Hindi,25
E10301,U1376,C156,complete,2026-01-28,Smart TV,42,1,26-35,Male,Jaipur,Rajasthan,Free,Cricket Icons: The Untold Story,Show,News,Hindi,45
E10302,U1656,C132,pause,2026-02-06,Mobile,5,0,18-25,Female,Hyderabad,Telangana,VIP,Commando Force Mumbai,Series,Action,Hindi,42
E10303,U1012,C110,complete,2026-02-14,Smart TV,23,1,18-25,Male,Hyderabad,Telangana,VIP,Anupama: New Beginnings,Show,Drama,Hindi,25
E10304,U1093,C106,pause,2026-01-19,Mobile,32,0,18-25,Male,Ahmedabad,Gujarat,Free,WPL T20 Blockbuster Match,Sports,Sports,Hindi,60
E10305,U1215,C133,complete,2026-02-18,Mobile,46,1,46+,Male,Hyderabad,Telangana,VIP,Rudra: The Edge of Darkness,Series,Action,Hindi,48
E10306,U1061,C139,play,2026-01-20,Mobile,29,0,26-35,Female,Mumbai,Maharashtra,Premium,Bigg Boss Telugu Live,Show,Reality,Telugu,60
E10307,U1196,C136,pause,2026-01-09,Mobile,30,0,26-35,Female,Bengaluru,Karnataka,Free,Speed Street Heist,Movie,Action,English,120
E10308,U1391,C116,complete,2026-01-07,Mobile,123,1,46+,Other,Pune,Maharashtra,VIP,Kolkata Love Diary,Movie,Drama,Bengali,125
E10309,U1149,C124,play,2026-02-03,Web,27,0,46+,Male,Hyderabad,Telangana,Free,Standup Special: Bangalore Humor,Show,Comedy,English,65
E10310,U1638,C137,play,2026-01-08,Smart TV,25,0,26-35,Female,Patna,Bihar,Premium,Bigg Boss All-Stars Hindi,Show,Reality,Hindi,60
E10311,U1620,C149,complete,2026-02-22,Mobile,18,1,26-35,Female,Delhi,Delhi,Premium,Shinchan Laugh Club,Series,Kids,Tamil,20
E10312,U1337,C159,pause,2026-02-17,Mobile,4,0,46+,Male,Delhi,Delhi,VIP,Bengal Morning Bulletin,News,News,Bengali,25
E10313,U1615,C108,complete,2026-01-09,Web,55,1,18-25,Female,Kolkata,West Bengal,VIP,ISL Football Clash of Titans,Sports,Sports,Bengali,60
E10314,U1145,C158,pause,2026-01-31,Mobile,4,0,18-25,Female,Mumbai,Maharashtra,Free,State Express News Tamil,News,News,Tamil,30
E10315,U1573,C102,pause,2026-01-08,Mobile,30,0,26-35,Female,Hyderabad,Telangana,Free,IPL Mega Auction Live Replay,Sports,Sports,Hindi,90
E10316,U1680,C102,complete,2026-01-08,Mobile,81,1,26-35,Male,Jaipur,Rajasthan,VIP,IPL Mega Auction Live Replay,Sports,Sports,Hindi,90
E10317,U1693,C108,complete,2026-01-06,Web,56,1,18-25,Female,Lucknow,Uttar Pradesh,Premium,ISL Football Clash of Titans,Sports,Sports,Bengali,60
E10318,U1101,C139,play,2026-02-19,Mobile,15,0,26-35,Male,Delhi,Delhi,VIP,Bigg Boss Telugu Live,Show,Reality,Telugu,60
E10319,U1554,C109,complete,2026-01-01,Smart TV,43,1,26-35,Female,Jaipur,Rajasthan,Free,Special Ops: Desert Falcon,Series,Drama,Hindi,45
E10320,U1401,C137,complete,2026-01-01,Tablet,58,1,36-45,Male,Hyderabad,Telangana,VIP,Bigg Boss All-Stars Hindi,Show,Reality,Hindi,60
E10321,U1726,C104,pause,2026-02-07,Mobile,21,0,36-45,Male,Ahmedabad,Gujarat,VIP,IND vs ENG Test Day 3 Highlights,Sports,Sports,English,50
E10322,U1127,C135,pause,2026-02-02,Mobile,82,0,26-35,Male,Kolkata,West Bengal,Premium,Fighter Wing Alpha,Movie,Action,Hindi,145
E10323,U1157,C105,complete,2026-01-09,Tablet,63,1,26-35,Female,Lucknow,Uttar Pradesh,Free,Pro Kabaddi League Finals,Sports,Sports,Tamil,70
E10324,U1376,C116,pause,2026-01-25,Mobile,14,0,26-35,Male,Jaipur,Rajasthan,Free,Kolkata Love Diary,Movie,Drama,Bengali,125
E10325,U1210,C130,pause,2026-01-19,Mobile,49,0,18-25,Female,Mumbai,Maharashtra,Premium,Vikram: Shadow Commander,Movie,Action,Tamil,165
E10326,U1742,C119,play,2026-01-24,Web,31,0,18-25,Male,Mumbai,Maharashtra,VIP,The Crown Dynasty Legacy,Series,Drama,English,55
E10327,U1121,C160,complete,2026-02-12,Mobile,28,1,18-25,Male,Hyderabad,Telangana,Premium,Maharashtra Maha News,News,News,Marathi,30
E10328,U1514,C105,play,2026-02-27,Mobile,39,0,26-35,Male,Kolkata,West Bengal,Premium,Pro Kabaddi League Finals,Sports,Sports,Tamil,70
E10329,U1732,C103,complete,2026-01-26,Tablet,57,1,36-45,Male,Pune,Maharashtra,VIP,Premier League Weekly Showdown,Sports,Sports,English,60
E10330,U1082,C143,complete,2026-02-07,Smart TV,43,1,18-25,Male,Chennai,Tamil Nadu,Premium,Roadies Quest,Show,Reality,Hindi,45
E10331,U1450,C139,play,2026-01-26,Web,18,0,18-25,Female,Ahmedabad,Gujarat,Free,Bigg Boss Telugu Live,Show,Reality,Telugu,60
E10332,U1743,C124,pause,2026-01-15,Mobile,9,0,18-25,Female,Delhi,Delhi,VIP,Standup Special: Bangalore Humor,Show,Comedy,English,65
E10333,U1471,C105,complete,2026-02-13,Mobile,63,1,46+,Male,Lucknow,Uttar Pradesh,VIP,Pro Kabaddi League Finals,Sports,Sports,Tamil,70
E10334,U1016,C107,complete,2026-02-09,Smart TV,37,1,36-45,Male,Mumbai,Maharashtra,Premium,Champions Trophy Pre-Show,Sports,Sports,Telugu,40
E10335,U1064,C103,pause,2026-02-12,Smart TV,41,0,26-35,Female,Ahmedabad,Gujarat,Free,Premier League Weekly Showdown,Sports,Sports,English,60
E10336,U1378,C124,pause,2026-02-18,Mobile,22,0,26-35,Male,Chennai,Tamil Nadu,VIP,Standup Special: Bangalore Humor,Show,Comedy,English,65
E10337,U1021,C119,complete,2026-01-25,Web,51,1,18-25,Female,Pune,Maharashtra,Free,The Crown Dynasty Legacy,Series,Drama,English,55
E10338,U1338,C102,play,2026-01-11,Mobile,42,0,26-35,Male,Delhi,Delhi,Free,IPL Mega Auction Live Replay,Sports,Sports,Hindi,90
E10339,U1374,C105,complete,2026-02-13,Smart TV,63,1,26-35,Male,Mumbai,Maharashtra,VIP,Pro Kabaddi League Finals,Sports,Sports,Tamil,70
E10340,U1374,C127,pause,2026-01-04,Mobile,10,0,26-35,Male,Mumbai,Maharashtra,VIP,Pune Pun Factory,Show,Comedy,Marathi,30
E10341,U1297,C123,play,2026-01-21,Tablet,8,0,26-35,Male,Pune,Maharashtra,VIP,Sarabhai Classic Revival,Series,Comedy,Hindi,25
E10342,U1038,C130,complete,2026-02-07,Mobile,161,1,18-25,Male,Chennai,Tamil Nadu,VIP,Vikram: Shadow Commander,Movie,Action,Tamil,165
E10343,U1017,C146,complete,2026-01-23,Mobile,70,1,36-45,Male,Hyderabad,Telangana,Free,Motu Patlu Space Adventure,Movie,Kids,Hindi,75
E10344,U1312,C103,complete,2026-01-06,Mobile,55,1,26-35,Female,Chennai,Tamil Nadu,VIP,Premier League Weekly Showdown,Sports,Sports,English,60
E10345,U1682,C103,complete,2026-01-21,Mobile,54,1,18-25,Female,Mumbai,Maharashtra,Premium,Premier League Weekly Showdown,Sports,Sports,English,60
E10346,U1023,C134,pause,2026-01-31,Mobile,37,0,36-45,Male,Kolkata,West Bengal,VIP,Night Hunter Squad,Movie,Action,English,130
E10347,U1445,C158,play,2026-01-07,Mobile,10,0,46+,Female,Pune,Maharashtra,Free,State Express News Tamil,News,News,Tamil,30
E10348,U1528,C108,pause,2026-01-20,Mobile,24,0,18-25,Male,Delhi,Delhi,Premium,ISL Football Clash of Titans,Sports,Sports,Bengali,60
E10349,U1277,C120,play,2026-02-04,Mobile,21,0,18-25,Female,Bengaluru,Karnataka,VIP,Succession Politics India,Series,Drama,Hindi,45
E10350,U1147,C111,pause,2026-01-06,Mobile,10,0,46+,Male,Delhi,Delhi,VIP,Yeh Rishta: Family Bonds,Show,Drama,Hindi,22
E10351,U1548,C129,complete,2026-02-03,Smart TV,148,1,26-35,Female,Hyderabad,Telangana,Free,Tiger Underground Strike,Movie,Action,Hindi,155
E10352,U1361,C108,play,2026-01-28,Smart TV,20,0,36-45,Male,Patna,Bihar,Free,ISL Football Clash of Titans,Sports,Sports,Bengali,60
E10353,U1505,C113,complete,2026-02-12,Mobile,133,1,18-25,Female,Hyderabad,Telangana,VIP,Kaithi Revenge Chronicles,Movie,Drama,Tamil,140
E10354,U1579,C107,pause,2026-01-14,Mobile,20,0,36-45,Female,Delhi,Delhi,Free,Champions Trophy Pre-Show,Sports,Sports,Telugu,40
E10355,U1504,C142,complete,2026-02-21,Web,43,1,36-45,Male,Delhi,Delhi,VIP,Master Chef Kitchen Wars,Show,Reality,Hindi,45
E10356,U1465,C140,pause,2026-01-24,Mobile,19,0,26-35,Female,Mumbai,Maharashtra,Premium,Dance India Dance Championship,Show,Reality,Hindi,50
E10357,U1353,C109,pause,2026-02-25,Smart TV,33,0,18-25,Female,Hyderabad,Telangana,Free,Special Ops: Desert Falcon,Series,Drama,Hindi,45
E10358,U1627,C103,pause,2026-01-17,Mobile,29,0,18-25,Female,Pune,Maharashtra,Free,Premier League Weekly Showdown,Sports,Sports,English,60
E10359,U1524,C109,complete,2026-02-21,Mobile,40,1,18-25,Male,Delhi,Delhi,VIP,Special Ops: Desert Falcon,Series,Drama,Hindi,45
E10360,U1625,C121,complete,2026-01-03,Smart TV,33,1,18-25,Female,Bengaluru,Karnataka,VIP,The Great Indian Comedy Lab,Show,Comedy,Hindi,35
E10361,U1140,C111,pause,2026-02-11,Mobile,4,0,18-25,Female,Pune,Maharashtra,VIP,Yeh Rishta: Family Bonds,Show,Drama,Hindi,22
E10362,U1643,C155,complete,2026-01-06,Mobile,51,1,26-35,Male,Chennai,Tamil Nadu,Free,Wildlife Wonders: Western Ghats,Show,News,English,52
E10363,U1232,C112,play,2026-02-26,Mobile,26,0,26-35,Male,Chennai,Tamil Nadu,Premium,City of Dreams: The Succession,Series,Drama,Hindi,50
E10364,U1060,C152,complete,2026-02-17,Smart TV,22,1,26-35,Other,Hyderabad,Telangana,Free,Global Tech & Economy Report,News,News,English,25
E10365,U1379,C105,complete,2026-02-03,Smart TV,68,1,18-25,Female,Bengaluru,Karnataka,VIP,Pro Kabaddi League Finals,Sports,Sports,Tamil,70
E10366,U1178,C145,complete,2026-01-22,Mobile,83,1,26-35,Female,Chennai,Tamil Nadu,VIP,Chhota Bheem Himalayan Tour,Movie,Kids,Hindi,85
E10367,U1628,C138,pause,2026-01-07,Web,38,0,36-45,Male,Mumbai,Maharashtra,VIP,Bigg Boss Tamil Season 8,Show,Reality,Tamil,60
E10368,U1118,C156,complete,2026-02-01,Mobile,43,1,18-25,Male,Hyderabad,Telangana,VIP,Cricket Icons: The Untold Story,Show,News,Hindi,45
E10369,U1405,C137,pause,2026-01-18,Mobile,18,0,18-25,Male,Lucknow,Uttar Pradesh,Premium,Bigg Boss All-Stars Hindi,Show,Reality,Hindi,60
E10370,U1665,C151,pause,2026-02-27,Mobile,14,0,18-25,Female,Mumbai,Maharashtra,Free,Daily Headlines 360,News,News,Hindi,30
E10371,U1460,C143,play,2026-01-16,Smart TV,28,0,26-35,Male,Mumbai,Maharashtra,Free,Roadies Quest,Show,Reality,Hindi,45
E10372,U1179,C117,play,2026-02-04,Smart TV,18,0,18-25,Female,Bengaluru,Karnataka,VIP,Ghar Ek Mandir Classic,Show,Drama,Marathi,24
E10373,U1654,C144,play,2026-01-17,Mobile,12,0,18-25,Male,Mumbai,Maharashtra,VIP,Koffee Spotlight Lounge,Show,Reality,English,45
E10374,U1224,C151,complete,2026-01-11,Smart TV,29,1,36-45,Male,Delhi,Delhi,VIP,Daily Headlines 360,News,News,Hindi,30
E10375,U1689,C132,pause,2026-02-25,Web,13,0,46+,Female,Mumbai,Maharashtra,Free,Commando Force Mumbai,Series,Action,Hindi,42
E10376,U1051,C140,pause,2026-01-28,Mobile,27,0,26-35,Female,Chennai,Tamil Nadu,Free,Dance India Dance Championship,Show,Reality,Hindi,50
E10377,U1664,C142,pause,2026-02-08,Web,17,0,36-45,Male,Delhi,Delhi,Premium,Master Chef Kitchen Wars,Show,Reality,Hindi,45
E10378,U1554,C127,pause,2026-01-12,Mobile,13,0,26-35,Female,Jaipur,Rajasthan,Free,Pune Pun Factory,Show,Comedy,Marathi,30
E10379,U1474,C141,complete,2026-01-21,Mobile,52,1,18-25,Female,Ahmedabad,Gujarat,VIP,Shark Pitch India S4,Show,Reality,Hindi,55
E10380,U1438,C104,pause,2026-01-09,Mobile,23,0,18-25,Male,Hyderabad,Telangana,VIP,IND vs ENG Test Day 3 Highlights,Sports,Sports,English,50
E10381,U1638,C136,complete,2026-02-17,Smart TV,113,1,26-35,Female,Patna,Bihar,Premium,Speed Street Heist,Movie,Action,English,120
E10382,U1091,C107,complete,2026-01-06,Smart TV,37,1,26-35,Female,Delhi,Delhi,Premium,Champions Trophy Pre-Show,Sports,Sports,Telugu,40
E10383,U1312,C107,pause,2026-01-02,Web,24,0,26-35,Female,Chennai,Tamil Nadu,VIP,Champions Trophy Pre-Show,Sports,Sports,Telugu,40
E10384,U1694,C133,pause,2026-02-14,Smart TV,39,0,18-25,Female,Delhi,Delhi,Premium,Rudra: The Edge of Darkness,Series,Action,Hindi,48
E10385,U1642,C102,complete,2026-01-24,Smart TV,82,1,26-35,Female,Kolkata,West Bengal,Premium,IPL Mega Auction Live Replay,Sports,Sports,Hindi,90
E10386,U1117,C128,play,2026-02-22,Mobile,53,0,18-25,Male,Delhi,Delhi,Premium,College Boys Chaos,Movie,Comedy,Hindi,115
E10387,U1512,C105,complete,2026-02-20,Smart TV,69,1,26-35,Female,Mumbai,Maharashtra,VIP,Pro Kabaddi League Finals,Sports,Sports,Tamil,70
E10388,U1191,C139,pause,2026-02-22,Mobile,10,0,26-35,Female,Bengaluru,Karnataka,VIP,Bigg Boss Telugu Live,Show,Reality,Telugu,60
E10389,U1209,C135,complete,2026-01-19,Mobile,132,1,46+,Female,Delhi,Delhi,Premium,Fighter Wing Alpha,Movie,Action,Hindi,145
E10390,U1729,C109,complete,2026-02-11,Mobile,43,1,18-25,Other,Jaipur,Rajasthan,Premium,Special Ops: Desert Falcon,Series,Drama,Hindi,45
E10391,U1348,C101,complete,2026-02-13,Mobile,43,1,26-35,Male,Kolkata,West Bengal,Free,IND vs AUS T20 Cup Highlights,Sports,Sports,Hindi,45
E10392,U1146,C117,pause,2026-01-04,Mobile,2,0,18-25,Female,Mumbai,Maharashtra,Free,Ghar Ek Mandir Classic,Show,Drama,Marathi,24
E10393,U1248,C109,play,2026-02-08,Web,29,0,18-25,Male,Bengaluru,Karnataka,VIP,Special Ops: Desert Falcon,Series,Drama,Hindi,45
E10394,U1542,C141,play,2026-02-12,Mobile,14,0,26-35,Female,Pune,Maharashtra,Free,Shark Pitch India S4,Show,Reality,Hindi,55
E10395,U1281,C156,pause,2026-03-01,Smart TV,13,0,18-25,Male,Bengaluru,Karnataka,Free,Cricket Icons: The Untold Story,Show,News,Hindi,45
E10396,U1255,C121,pause,2026-01-21,Mobile,10,0,18-25,Male,Hyderabad,Telangana,VIP,The Great Indian Comedy Lab,Show,Comedy,Hindi,35
E10397,U1027,C105,play,2026-01-19,Web,37,0,26-35,Female,Mumbai,Maharashtra,VIP,Pro Kabaddi League Finals,Sports,Sports,Tamil,70
E10398,U1678,C111,pause,2026-01-11,Web,8,0,26-35,Female,Ahmedabad,Gujarat,Premium,Yeh Rishta: Family Bonds,Show,Drama,Hindi,22
E10399,U1234,C160,complete,2026-02-12,Smart TV,29,1,46+,Male,Bengaluru,Karnataka,Free,Maharashtra Maha News,News,News,Marathi,30
E10400,U1481,C120,complete,2026-01-31,Mobile,41,1,18-25,Male,Mumbai,Maharashtra,Premium,Succession Politics India,Series,Drama,Hindi,45
E10401,U1187,C137,pause,2026-01-23,Mobile,32,0,26-35,Female,Ahmedabad,Gujarat,Premium,Bigg Boss All-Stars Hindi,Show,Reality,Hindi,60
E10402,U1743,C128,complete,2026-01-10,Mobile,111,1,18-25,Female,Delhi,Delhi,VIP,College Boys Chaos,Movie,Comedy,Hindi,115
E10403,U1083,C104,complete,2026-02-02,Web,45,1,26-35,Female,Hyderabad,Telangana,Free,IND vs ENG Test Day 3 Highlights,Sports,Sports,English,50
E10404,U1621,C128,complete,2026-01-01,Smart TV,114,1,18-25,Male,Bengaluru,Karnataka,VIP,College Boys Chaos,Movie,Comedy,Hindi,115
E10405,U1400,C129,complete,2026-02-13,Mobile,151,1,18-25,Female,Lucknow,Uttar Pradesh,Free,Tiger Underground Strike,Movie,Action,Hindi,155
E10406,U1061,C114,pause,2026-03-01,Mobile,6,0,26-35,Female,Mumbai,Maharashtra,Premium,Telugu Royal Heritage,Series,Drama,Telugu,45
E10407,U1711,C143,complete,2026-02-12,Mobile,44,1,18-25,Male,Bengaluru,Karnataka,VIP,Roadies Quest,Show,Reality,Hindi,45
E10408,U1365,C132,pause,2026-02-09,Mobile,10,0,18-25,Female,Delhi,Delhi,VIP,Commando Force Mumbai,Series,Action,Hindi,42
E10409,U1711,C114,pause,2026-01-14,Smart TV,36,0,18-25,Male,Bengaluru,Karnataka,VIP,Telugu Royal Heritage,Series,Drama,Telugu,45
E10410,U1652,C141,pause,2026-02-08,Mobile,24,0,26-35,Female,Jaipur,Rajasthan,VIP,Shark Pitch India S4,Show,Reality,Hindi,55
E10411,U1288,C118,pause,2026-02-24,Mobile,24,0,26-35,Male,Mumbai,Maharashtra,VIP,Kerala Waterfront Mystery,Series,Drama,Malayalam,48
E10412,U1144,C117,pause,2026-01-20,Mobile,13,0,26-35,Male,Bengaluru,Karnataka,Free,Ghar Ek Mandir Classic,Show,Drama,Marathi,24
E10413,U1374,C119,complete,2026-01-09,Web,53,1,26-35,Male,Mumbai,Maharashtra,VIP,The Crown Dynasty Legacy,Series,Drama,English,55
E10414,U1273,C104,complete,2026-01-25,Mobile,47,1,26-35,Other,Delhi,Delhi,Premium,IND vs ENG Test Day 3 Highlights,Sports,Sports,English,50
E10415,U1362,C128,pause,2026-01-28,Mobile,55,0,18-25,Male,Chennai,Tamil Nadu,Free,College Boys Chaos,Movie,Comedy,Hindi,115
E10416,U1475,C104,pause,2026-02-15,Mobile,20,0,26-35,Male,Bengaluru,Karnataka,Free,IND vs ENG Test Day 3 Highlights,Sports,Sports,English,50
E10417,U1107,C123,pause,2026-02-28,Smart TV,8,0,36-45,Male,Mumbai,Maharashtra,Free,Sarabhai Classic Revival,Series,Comedy,Hindi,25
E10418,U1604,C112,pause,2026-01-28,Tablet,14,0,18-25,Male,Bengaluru,Karnataka,Free,City of Dreams: The Succession,Series,Drama,Hindi,50
E10419,U1220,C102,complete,2026-01-28,Mobile,81,1,26-35,Male,Chennai,Tamil Nadu,Free,IPL Mega Auction Live Replay,Sports,Sports,Hindi,90
E10420,U1312,C121,pause,2026-02-19,Smart TV,13,0,26-35,Female,Chennai,Tamil Nadu,VIP,The Great Indian Comedy Lab,Show,Comedy,Hindi,35
E10421,U1381,C105,complete,2026-01-26,Smart TV,64,1,26-35,Male,Hyderabad,Telangana,Premium,Pro Kabaddi League Finals,Sports,Sports,Tamil,70
E10422,U1028,C118,complete,2026-02-18,Smart TV,46,1,46+,Female,Lucknow,Uttar Pradesh,VIP,Kerala Waterfront Mystery,Series,Drama,Malayalam,48
E10423,U1509,C132,pause,2026-01-12,Mobile,21,0,26-35,Female,Pune,Maharashtra,Free,Commando Force Mumbai,Series,Action,Hindi,42
E10424,U1051,C158,pause,2026-01-26,Mobile,8,0,26-35,Female,Chennai,Tamil Nadu,Free,State Express News Tamil,News,News,Tamil,30
E10425,U1078,C107,play,2026-02-08,Mobile,20,0,18-25,Male,Hyderabad,Telangana,Premium,Champions Trophy Pre-Show,Sports,Sports,Telugu,40
E10426,U1553,C113,play,2026-02-13,Web,69,0,18-25,Male,Hyderabad,Telangana,VIP,Kaithi Revenge Chronicles,Movie,Drama,Tamil,140
E10427,U1299,C113,complete,2026-01-02,Mobile,127,1,18-25,Male,Chennai,Tamil Nadu,Premium,Kaithi Revenge Chronicles,Movie,Drama,Tamil,140
E10428,U1535,C107,pause,2026-02-23,Mobile,6,0,18-25,Male,Delhi,Delhi,Premium,Champions Trophy Pre-Show,Sports,Sports,Telugu,40
E10429,U1469,C141,complete,2026-01-31,Mobile,52,1,26-35,Male,Mumbai,Maharashtra,VIP,Shark Pitch India S4,Show,Reality,Hindi,55
E10430,U1320,C105,pause,2026-01-02,Web,24,0,26-35,Male,Mumbai,Maharashtra,VIP,Pro Kabaddi League Finals,Sports,Sports,Tamil,70
E10431,U1649,C129,pause,2026-01-01,Mobile,76,0,36-45,Female,Bengaluru,Karnataka,Premium,Tiger Underground Strike,Movie,Action,Hindi,155
E10432,U1067,C143,pause,2026-02-16,Mobile,14,0,18-25,Female,Jaipur,Rajasthan,VIP,Roadies Quest,Show,Reality,Hindi,45
E10433,U1424,C112,pause,2026-02-13,Mobile,18,0,18-25,Female,Mumbai,Maharashtra,VIP,City of Dreams: The Succession,Series,Drama,Hindi,50
E10434,U1679,C144,complete,2026-02-06,Mobile,40,1,46+,Female,Lucknow,Uttar Pradesh,VIP,Koffee Spotlight Lounge,Show,Reality,English,45
E10435,U1234,C103,pause,2026-02-11,Web,22,0,46+,Male,Bengaluru,Karnataka,Free,Premier League Weekly Showdown,Sports,Sports,English,60
E10436,U1261,C136,complete,2026-01-23,Mobile,110,1,18-25,Female,Delhi,Delhi,VIP,Speed Street Heist,Movie,Action,English,120
E10437,U1333,C124,play,2026-02-15,Smart TV,51,0,36-45,Female,Bengaluru,Karnataka,Free,Standup Special: Bangalore Humor,Show,Comedy,English,65
E10438,U1502,C105,play,2026-02-13,Mobile,39,0,18-25,Female,Delhi,Delhi,Free,Pro Kabaddi League Finals,Sports,Sports,Tamil,70
E10439,U1497,C116,pause,2026-02-14,Mobile,19,0,26-35,Male,Bengaluru,Karnataka,Free,Kolkata Love Diary,Movie,Drama,Bengali,125
E10440,U1568,C135,complete,2026-01-07,Mobile,139,1,26-35,Female,Patna,Bihar,Free,Fighter Wing Alpha,Movie,Action,Hindi,145
E10441,U1600,C152,complete,2026-01-02,Mobile,23,1,46+,Female,Bengaluru,Karnataka,Free,Global Tech & Economy Report,News,News,English,25
E10442,U1273,C110,complete,2026-02-02,Smart TV,24,1,26-35,Other,Delhi,Delhi,Premium,Anupama: New Beginnings,Show,Drama,Hindi,25
E10443,U1021,C103,pause,2026-01-17,Mobile,8,0,18-25,Female,Pune,Maharashtra,Free,Premier League Weekly Showdown,Sports,Sports,English,60
E10444,U1744,C140,play,2026-02-24,Smart TV,26,0,26-35,Male,Mumbai,Maharashtra,Premium,Dance India Dance Championship,Show,Reality,Hindi,50
E10445,U1527,C125,pause,2026-01-30,Smart TV,31,0,36-45,Female,Pune,Maharashtra,VIP,Chennai Roast Arena,Show,Comedy,Tamil,40
E10446,U1722,C139,play,2026-01-07,Tablet,29,0,36-45,Male,Mumbai,Maharashtra,Free,Bigg Boss Telugu Live,Show,Reality,Telugu,60
E10447,U1621,C102,play,2026-01-11,Mobile,46,0,18-25,Male,Bengaluru,Karnataka,VIP,IPL Mega Auction Live Replay,Sports,Sports,Hindi,90
E10448,U1554,C137,complete,2026-01-10,Smart TV,59,1,26-35,Female,Jaipur,Rajasthan,Free,Bigg Boss All-Stars Hindi,Show,Reality,Hindi,60
E10449,U1492,C114,pause,2026-02-19,Mobile,13,0,18-25,Male,Bengaluru,Karnataka,VIP,Telugu Royal Heritage,Series,Drama,Telugu,45
E10450,U1005,C143,complete,2026-01-18,Mobile,41,1,36-45,Male,Pune,Maharashtra,VIP,Roadies Quest,Show,Reality,Hindi,45
E10451,U1283,C139,play,2026-01-27,Mobile,9,0,18-25,Female,Pune,Maharashtra,VIP,Bigg Boss Telugu Live,Show,Reality,Telugu,60
E10452,U1594,C105,play,2026-02-03,Mobile,36,0,18-25,Female,Delhi,Delhi,Free,Pro Kabaddi League Finals,Sports,Sports,Tamil,70
E10453,U1600,C116,complete,2026-02-21,Mobile,112,1,46+,Female,Bengaluru,Karnataka,Free,Kolkata Love Diary,Movie,Drama,Bengali,125
E10454,U1391,C103,pause,2026-01-26,Mobile,27,0,46+,Other,Pune,Maharashtra,VIP,Premier League Weekly Showdown,Sports,Sports,English,60
E10455,U1574,C134,pause,2026-02-15,Smart TV,20,0,18-25,Male,Kolkata,West Bengal,VIP,Night Hunter Squad,Movie,Action,English,130
E10456,U1602,C144,complete,2026-02-14,Tablet,44,1,26-35,Female,Mumbai,Maharashtra,Premium,Koffee Spotlight Lounge,Show,Reality,English,45
E10457,U1424,C113,pause,2026-02-03,Smart TV,16,0,18-25,Female,Mumbai,Maharashtra,VIP,Kaithi Revenge Chronicles,Movie,Drama,Tamil,140
E10458,U1463,C106,pause,2026-02-09,Mobile,31,0,26-35,Female,Bengaluru,Karnataka,Free,WPL T20 Blockbuster Match,Sports,Sports,Hindi,60
E10459,U1497,C136,pause,2026-01-20,Web,39,0,26-35,Male,Bengaluru,Karnataka,Free,Speed Street Heist,Movie,Action,English,120
E10460,U1054,C126,pause,2026-02-04,Mobile,15,0,26-35,Male,Hyderabad,Telangana,VIP,Telugu Comedy Superstars,Show,Comedy,Telugu,30
E10461,U1211,C104,complete,2026-01-11,Smart TV,48,1,26-35,Female,Bengaluru,Karnataka,Premium,IND vs ENG Test Day 3 Highlights,Sports,Sports,English,50
E10462,U1015,C146,complete,2026-01-20,Mobile,73,1,26-35,Female,Pune,Maharashtra,Free,Motu Patlu Space Adventure,Movie,Kids,Hindi,75
E10463,U1554,C158,complete,2026-02-10,Mobile,28,1,26-35,Female,Jaipur,Rajasthan,Free,State Express News Tamil,News,News,Tamil,30
E10464,U1385,C105,pause,2026-01-01,Smart TV,31,0,26-35,Male,Delhi,Delhi,VIP,Pro Kabaddi League Finals,Sports,Sports,Tamil,70
E10465,U1344,C158,play,2026-02-10,Web,12,0,46+,Female,Delhi,Delhi,VIP,State Express News Tamil,News,News,Tamil,30
E10466,U1506,C143,complete,2026-02-22,Mobile,43,1,36-45,Male,Kolkata,West Bengal,Premium,Roadies Quest,Show,Reality,Hindi,45
E10467,U1545,C135,pause,2026-02-07,Smart TV,42,0,26-35,Other,Pune,Maharashtra,Free,Fighter Wing Alpha,Movie,Action,Hindi,145
E10468,U1133,C140,complete,2026-01-27,Mobile,47,1,18-25,Male,Lucknow,Uttar Pradesh,Free,Dance India Dance Championship,Show,Reality,Hindi,50
E10469,U1053,C103,pause,2026-02-03,Web,21,0,26-35,Female,Chennai,Tamil Nadu,VIP,Premier League Weekly Showdown,Sports,Sports,English,60
E10470,U1303,C128,pause,2026-01-29,Smart TV,62,0,18-25,Male,Lucknow,Uttar Pradesh,Free,College Boys Chaos,Movie,Comedy,Hindi,115
E10471,U1527,C152,complete,2026-02-02,Smart TV,22,1,36-45,Female,Pune,Maharashtra,VIP,Global Tech & Economy Report,News,News,English,25
E10472,U1085,C137,pause,2026-01-14,Mobile,30,0,26-35,Male,Delhi,Delhi,Free,Bigg Boss All-Stars Hindi,Show,Reality,Hindi,60
E10473,U1345,C102,pause,2026-02-24,Mobile,48,0,26-35,Male,Pune,Maharashtra,VIP,IPL Mega Auction Live Replay,Sports,Sports,Hindi,90
E10474,U1307,C105,complete,2026-01-24,Smart TV,64,1,18-25,Female,Kolkata,West Bengal,Free,Pro Kabaddi League Finals,Sports,Sports,Tamil,70
E10475,U1225,C116,complete,2026-02-20,Mobile,114,1,18-25,Male,Patna,Bihar,VIP,Kolkata Love Diary,Movie,Drama,Bengali,125
E10476,U1446,C102,play,2026-02-01,Web,19,0,26-35,Male,Delhi,Delhi,VIP,IPL Mega Auction Live Replay,Sports,Sports,Hindi,90
E10477,U1001,C127,complete,2026-01-20,Mobile,28,1,26-35,Male,Delhi,Delhi,Free,Pune Pun Factory,Show,Comedy,Marathi,30
E10478,U1430,C147,complete,2026-02-08,Smart TV,19,1,46+,Female,Bengaluru,Karnataka,Premium,Little Singham Rescue Mission,Series,Kids,Hindi,20
E10479,U1091,C105,pause,2026-02-16,Smart TV,42,0,26-35,Female,Delhi,Delhi,Premium,Pro Kabaddi League Finals,Sports,Sports,Tamil,70
E10480,U1240,C141,complete,2026-01-26,Smart TV,50,1,18-25,Male,Bengaluru,Karnataka,Free,Shark Pitch India S4,Show,Reality,Hindi,55
E10481,U1254,C102,complete,2026-01-06,Smart TV,83,1,18-25,Male,Lucknow,Uttar Pradesh,VIP,IPL Mega Auction Live Replay,Sports,Sports,Hindi,90
E10482,U1654,C137,pause,2026-01-08,Smart TV,38,0,18-25,Male,Mumbai,Maharashtra,VIP,Bigg Boss All-Stars Hindi,Show,Reality,Hindi,60
E10483,U1489,C104,play,2026-02-03,Tablet,29,0,26-35,Female,Kolkata,West Bengal,Free,IND vs ENG Test Day 3 Highlights,Sports,Sports,English,50
E10484,U1128,C122,complete,2026-01-12,Web,21,1,26-35,Female,Pune,Maharashtra,VIP,Taarak Laugh Fest Episodes,Show,Comedy,Hindi,22
E10485,U1721,C111,pause,2026-01-06,Mobile,10,0,46+,Male,Delhi,Delhi,Free,Yeh Rishta: Family Bonds,Show,Drama,Hindi,22
E10486,U1610,C131,complete,2026-01-02,Mobile,157,1,18-25,Other,Bengaluru,Karnataka,Premium,Devara Storm Rising,Movie,Action,Telugu,160
E10487,U1255,C107,pause,2026-01-07,Mobile,10,0,18-25,Male,Hyderabad,Telangana,VIP,Champions Trophy Pre-Show,Sports,Sports,Telugu,40
E10488,U1412,C112,play,2026-02-13,Mobile,7,0,18-25,Male,Mumbai,Maharashtra,Premium,City of Dreams: The Succession,Series,Drama,Hindi,50
E10489,U1115,C131,complete,2026-01-25,Mobile,144,1,26-35,Female,Bengaluru,Karnataka,VIP,Devara Storm Rising,Movie,Action,Telugu,160
E10490,U1065,C106,complete,2026-02-27,Web,59,1,36-45,Male,Delhi,Delhi,Free,WPL T20 Blockbuster Match,Sports,Sports,Hindi,60
E10491,U1082,C108,complete,2026-02-18,Smart TV,56,1,18-25,Male,Chennai,Tamil Nadu,Premium,ISL Football Clash of Titans,Sports,Sports,Bengali,60
E10492,U1382,C153,complete,2026-01-05,Mobile,47,1,26-35,Female,Hyderabad,Telangana,Free,India at 2030: Space Ambitions,Show,News,English,50
E10493,U1366,C118,play,2026-02-13,Mobile,10,0,46+,Male,Jaipur,Rajasthan,VIP,Kerala Waterfront Mystery,Series,Drama,Malayalam,48
E10494,U1067,C139,complete,2026-01-29,Smart TV,57,1,18-25,Female,Jaipur,Rajasthan,VIP,Bigg Boss Telugu Live,Show,Reality,Telugu,60
E10495,U1054,C133,play,2026-02-20,Mobile,12,0,26-35,Male,Hyderabad,Telangana,VIP,Rudra: The Edge of Darkness,Series,Action,Hindi,48
E10496,U1174,C153,play,2026-02-23,Tablet,6,0,18-25,Female,Bengaluru,Karnataka,VIP,India at 2030: Space Ambitions,Show,News,English,50
E10497,U1467,C134,complete,2026-01-18,Mobile,128,1,18-25,Male,Bengaluru,Karnataka,Free,Night Hunter Squad,Movie,Action,English,130
E10498,U1453,C143,complete,2026-02-07,Mobile,43,1,18-25,Female,Mumbai,Maharashtra,Premium,Roadies Quest,Show,Reality,Hindi,45
E10499,U1633,C111,pause,2026-02-14,Mobile,2,0,18-25,Male,Hyderabad,Telangana,VIP,Yeh Rishta: Family Bonds,Show,Drama,Hindi,22
E10500,U1082,C105,complete,2026-02-09,Smart TV,66,1,18-25,Male,Chennai,Tamil Nadu,Premium,Pro Kabaddi League Finals,Sports,Sports,Tamil,70
E10501,U1382,C141,play,2026-02-15,Web,25,0,26-35,Female,Hyderabad,Telangana,Free,Shark Pitch India S4,Show,Reality,Hindi,55
E10502,U1344,C110,complete,2026-02-08,Tablet,23,1,46+,Female,Delhi,Delhi,VIP,Anupama: New Beginnings,Show,Drama,Hindi,25
E10503,U1244,C148,pause,2026-01-01,Mobile,7,0,26-35,Female,Bengaluru,Karnataka,Premium,Doraemon Magic Gadgets,Series,Kids,Hindi,20
E10504,U1512,C118,pause,2026-02-20,Web,25,0,26-35,Female,Mumbai,Maharashtra,VIP,Kerala Waterfront Mystery,Series,Drama,Malayalam,48
E10505,U1664,C134,pause,2026-01-08,Mobile,63,0,36-45,Male,Delhi,Delhi,Premium,Night Hunter Squad,Movie,Action,English,130
E10506,U1269,C142,complete,2026-02-19,Web,41,1,36-45,Male,Kochi,Kerala,VIP,Master Chef Kitchen Wars,Show,Reality,Hindi,45
E10507,U1612,C158,complete,2026-01-01,Mobile,27,1,26-35,Female,Bengaluru,Karnataka,VIP,State Express News Tamil,News,News,Tamil,30
E10508,U1153,C101,pause,2026-02-09,Mobile,11,0,18-25,Male,Delhi,Delhi,Premium,IND vs AUS T20 Cup Highlights,Sports,Sports,Hindi,45
E10509,U1469,C141,pause,2026-02-01,Mobile,30,0,26-35,Male,Mumbai,Maharashtra,VIP,Shark Pitch India S4,Show,Reality,Hindi,55
E10510,U1679,C137,complete,2026-01-26,Mobile,58,1,46+,Female,Lucknow,Uttar Pradesh,VIP,Bigg Boss All-Stars Hindi,Show,Reality,Hindi,60
E10511,U1071,C111,complete,2026-02-17,Mobile,20,1,26-35,Female,Mumbai,Maharashtra,Premium,Yeh Rishta: Family Bonds,Show,Drama,Hindi,22
E10512,U1430,C135,complete,2026-01-05,Smart TV,132,1,46+,Female,Bengaluru,Karnataka,Premium,Fighter Wing Alpha,Movie,Action,Hindi,145
E10513,U1086,C150,pause,2026-02-24,Web,11,0,26-35,Female,Delhi,Delhi,VIP,Super Bheem Galactic Battle,Series,Kids,Telugu,22
E10514,U1515,C159,complete,2026-02-05,Smart TV,23,1,18-25,Male,Delhi,Delhi,VIP,Bengal Morning Bulletin,News,News,Bengali,25
E10515,U1669,C101,play,2026-01-21,Mobile,18,0,26-35,Female,Delhi,Delhi,Free,IND vs AUS T20 Cup Highlights,Sports,Sports,Hindi,45
E10516,U1330,C160,pause,2026-02-18,Mobile,9,0,18-25,Female,Bengaluru,Karnataka,Premium,Maharashtra Maha News,News,News,Marathi,30
E10517,U1026,C138,pause,2026-01-26,Mobile,20,0,36-45,Male,Mumbai,Maharashtra,VIP,Bigg Boss Tamil Season 8,Show,Reality,Tamil,60
E10518,U1135,C103,complete,2026-02-14,Smart TV,58,1,26-35,Female,Mumbai,Maharashtra,Free,Premier League Weekly Showdown,Sports,Sports,English,60
E10519,U1322,C103,complete,2026-02-10,Mobile,55,1,46+,Male,Patna,Bihar,VIP,Premier League Weekly Showdown,Sports,Sports,English,60
E10520,U1469,C101,complete,2026-03-01,Mobile,44,1,26-35,Male,Mumbai,Maharashtra,VIP,IND vs AUS T20 Cup Highlights,Sports,Sports,Hindi,45
E10521,U1250,C110,complete,2026-01-04,Mobile,23,1,26-35,Female,Mumbai,Maharashtra,Free,Anupama: New Beginnings,Show,Drama,Hindi,25
E10522,U1621,C125,complete,2026-01-29,Mobile,38,1,18-25,Male,Bengaluru,Karnataka,VIP,Chennai Roast Arena,Show,Comedy,Tamil,40
E10523,U1580,C132,complete,2026-01-03,Smart TV,38,1,26-35,Female,Chennai,Tamil Nadu,Premium,Commando Force Mumbai,Series,Action,Hindi,42
E10524,U1286,C146,play,2026-01-04,Smart TV,11,0,26-35,Female,Delhi,Delhi,VIP,Motu Patlu Space Adventure,Movie,Kids,Hindi,75
E10525,U1224,C132,pause,2026-01-25,Mobile,15,0,36-45,Male,Delhi,Delhi,VIP,Commando Force Mumbai,Series,Action,Hindi,42
E10526,U1302,C131,pause,2026-01-30,Mobile,75,0,18-25,Male,Mumbai,Maharashtra,Free,Devara Storm Rising,Movie,Action,Telugu,160
E10527,U1292,C141,play,2026-02-20,Web,16,0,36-45,Male,Chennai,Tamil Nadu,VIP,Shark Pitch India S4,Show,Reality,Hindi,55
E10528,U1016,C125,complete,2026-02-15,Smart TV,36,1,36-45,Male,Mumbai,Maharashtra,Premium,Chennai Roast Arena,Show,Comedy,Tamil,40
E10529,U1043,C141,pause,2026-01-27,Mobile,21,0,26-35,Male,Delhi,Delhi,Free,Shark Pitch India S4,Show,Reality,Hindi,55
E10530,U1366,C132,complete,2026-01-09,Mobile,37,1,46+,Male,Jaipur,Rajasthan,VIP,Commando Force Mumbai,Series,Action,Hindi,42
E10531,U1230,C119,play,2026-02-19,Tablet,16,0,18-25,Male,Mumbai,Maharashtra,Free,The Crown Dynasty Legacy,Series,Drama,English,55
E10532,U1101,C121,complete,2026-02-03,Smart TV,34,1,26-35,Male,Delhi,Delhi,VIP,The Great Indian Comedy Lab,Show,Comedy,Hindi,35
E10533,U1444,C135,play,2026-01-28,Mobile,72,0,46+,Female,Bengaluru,Karnataka,VIP,Fighter Wing Alpha,Movie,Action,Hindi,145
E10534,U1256,C157,complete,2026-01-13,Smart TV,36,1,26-35,Male,Hyderabad,Telangana,Free,Startup Founders Blueprint,Show,News,English,40
E10535,U1507,C136,pause,2026-01-22,Tablet,37,0,26-35,Male,Kolkata,West Bengal,Premium,Speed Street Heist,Movie,Action,English,120
E10536,U1466,C119,pause,2026-01-15,Mobile,26,0,36-45,Male,Ahmedabad,Gujarat,Free,The Crown Dynasty Legacy,Series,Drama,English,55
E10537,U1693,C133,complete,2026-01-31,Smart TV,44,1,18-25,Female,Lucknow,Uttar Pradesh,Premium,Rudra: The Edge of Darkness,Series,Action,Hindi,48
E10538,U1558,C153,pause,2026-01-01,Mobile,9,0,26-35,Male,Bengaluru,Karnataka,Free,India at 2030: Space Ambitions,Show,News,English,50
E10539,U1276,C103,complete,2026-01-13,Mobile,55,1,18-25,Female,Mumbai,Maharashtra,Premium,Premier League Weekly Showdown,Sports,Sports,English,60
E10540,U1476,C148,pause,2026-01-15,Mobile,3,0,18-25,Male,Mumbai,Maharashtra,VIP,Doraemon Magic Gadgets,Series,Kids,Hindi,20
E10541,U1671,C137,pause,2026-02-23,Mobile,10,0,18-25,Male,Delhi,Delhi,VIP,Bigg Boss All-Stars Hindi,Show,Reality,Hindi,60
E10542,U1189,C104,complete,2026-02-26,Web,48,1,36-45,Male,Mumbai,Maharashtra,VIP,IND vs ENG Test Day 3 Highlights,Sports,Sports,English,50
E10543,U1071,C151,complete,2026-02-12,Mobile,29,1,26-35,Female,Mumbai,Maharashtra,Premium,Daily Headlines 360,News,News,Hindi,30
E10544,U1117,C125,complete,2026-02-15,Smart TV,37,1,18-25,Male,Delhi,Delhi,Premium,Chennai Roast Arena,Show,Comedy,Tamil,40
E10545,U1041,C106,pause,2026-01-24,Web,12,0,26-35,Female,Patna,Bihar,Free,WPL T20 Blockbuster Match,Sports,Sports,Hindi,60
E10546,U1236,C119,pause,2026-02-24,Smart TV,37,0,26-35,Male,Delhi,Delhi,VIP,The Crown Dynasty Legacy,Series,Drama,English,55
E10547,U1407,C141,complete,2026-02-25,Mobile,53,1,46+,Male,Patna,Bihar,VIP,Shark Pitch India S4,Show,Reality,Hindi,55
E10548,U1085,C124,complete,2026-02-20,Smart TV,63,1,26-35,Male,Delhi,Delhi,Free,Standup Special: Bangalore Humor,Show,Comedy,English,65
E10549,U1357,C134,pause,2026-02-02,Mobile,59,0,18-25,Female,Hyderabad,Telangana,Free,Night Hunter Squad,Movie,Action,English,130
E10550,U1284,C125,pause,2026-02-01,Mobile,13,0,18-25,Female,Bengaluru,Karnataka,Free,Chennai Roast Arena,Show,Comedy,Tamil,40
E10551,U1360,C129,pause,2026-02-27,Smart TV,92,0,26-35,Male,Delhi,Delhi,VIP,Tiger Underground Strike,Movie,Action,Hindi,155
E10552,U1141,C144,complete,2026-02-06,Mobile,44,1,36-45,Male,Bengaluru,Karnataka,Free,Koffee Spotlight Lounge,Show,Reality,English,45
E10553,U1108,C143,complete,2026-01-19,Mobile,43,1,18-25,Female,Ahmedabad,Gujarat,VIP,Roadies Quest,Show,Reality,Hindi,45
E10554,U1339,C115,complete,2026-01-28,Smart TV,38,1,18-25,Female,Chennai,Tamil Nadu,Free,Bengal Courtroom Secrets,Series,Drama,Bengali,40
E10555,U1343,C119,pause,2026-01-29,Mobile,11,0,46+,Female,Pune,Maharashtra,VIP,The Crown Dynasty Legacy,Series,Drama,English,55
E10556,U1165,C133,complete,2026-02-02,Mobile,47,1,18-25,Female,Delhi,Delhi,Premium,Rudra: The Edge of Darkness,Series,Action,Hindi,48
E10557,U1416,C103,complete,2026-01-24,Mobile,54,1,18-25,Female,Lucknow,Uttar Pradesh,Premium,Premier League Weekly Showdown,Sports,Sports,English,60
E10558,U1023,C108,complete,2026-02-22,Mobile,55,1,36-45,Male,Kolkata,West Bengal,VIP,ISL Football Clash of Titans,Sports,Sports,Bengali,60
E10559,U1584,C143,play,2026-02-15,Mobile,6,0,46+,Male,Delhi,Delhi,VIP,Roadies Quest,Show,Reality,Hindi,45
E10560,U1561,C148,complete,2026-02-20,Mobile,19,1,26-35,Female,Mumbai,Maharashtra,Premium,Doraemon Magic Gadgets,Series,Kids,Hindi,20
E10561,U1748,C152,play,2026-02-18,Web,2,0,26-35,Female,Chennai,Tamil Nadu,VIP,Global Tech & Economy Report,News,News,English,25
E10562,U1711,C144,pause,2026-02-07,Mobile,8,0,18-25,Male,Bengaluru,Karnataka,VIP,Koffee Spotlight Lounge,Show,Reality,English,45
E10563,U1594,C139,complete,2026-01-21,Smart TV,58,1,18-25,Female,Delhi,Delhi,Free,Bigg Boss Telugu Live,Show,Reality,Telugu,60
E10564,U1637,C119,complete,2026-02-24,Web,51,1,18-25,Female,Delhi,Delhi,Premium,The Crown Dynasty Legacy,Series,Drama,English,55
E10565,U1426,C116,complete,2026-01-01,Smart TV,124,1,26-35,Female,Kolkata,West Bengal,Free,Kolkata Love Diary,Movie,Drama,Bengali,125
E10566,U1379,C134,complete,2026-02-18,Mobile,122,1,18-25,Female,Bengaluru,Karnataka,VIP,Night Hunter Squad,Movie,Action,English,130
E10567,U1303,C140,complete,2026-02-20,Mobile,45,1,18-25,Male,Lucknow,Uttar Pradesh,Free,Dance India Dance Championship,Show,Reality,Hindi,50
E10568,U1021,C105,play,2026-02-28,Tablet,32,0,18-25,Female,Pune,Maharashtra,Free,Pro Kabaddi League Finals,Sports,Sports,Tamil,70
E10569,U1461,C144,complete,2026-02-04,Tablet,42,1,26-35,Male,Chennai,Tamil Nadu,Premium,Koffee Spotlight Lounge,Show,Reality,English,45
E10570,U1294,C122,pause,2026-01-11,Mobile,8,0,18-25,Male,Kolkata,West Bengal,VIP,Taarak Laugh Fest Episodes,Show,Comedy,Hindi,22
E10571,U1068,C127,pause,2026-01-05,Mobile,9,0,18-25,Female,Bengaluru,Karnataka,Free,Pune Pun Factory,Show,Comedy,Marathi,30
E10572,U1684,C117,complete,2026-01-30,Mobile,22,1,18-25,Female,Mumbai,Maharashtra,VIP,Ghar Ek Mandir Classic,Show,Drama,Marathi,24
E10573,U1035,C125,pause,2026-01-08,Mobile,11,0,26-35,Male,Delhi,Delhi,Free,Chennai Roast Arena,Show,Comedy,Tamil,40
E10574,U1087,C119,complete,2026-01-14,Smart TV,54,1,26-35,Female,Hyderabad,Telangana,Free,The Crown Dynasty Legacy,Series,Drama,English,55
E10575,U1088,C108,pause,2026-01-20,Mobile,18,0,36-45,Male,Delhi,Delhi,VIP,ISL Football Clash of Titans,Sports,Sports,Bengali,60
E10576,U1445,C124,complete,2026-01-10,Smart TV,58,1,46+,Female,Pune,Maharashtra,Free,Standup Special: Bangalore Humor,Show,Comedy,English,65
E10577,U1339,C142,complete,2026-02-06,Smart TV,41,1,18-25,Female,Chennai,Tamil Nadu,Free,Master Chef Kitchen Wars,Show,Reality,Hindi,45
E10578,U1665,C121,play,2026-01-30,Smart TV,11,0,18-25,Female,Mumbai,Maharashtra,Free,The Great Indian Comedy Lab,Show,Comedy,Hindi,35
E10579,U1261,C143,complete,2026-02-24,Smart TV,44,1,18-25,Female,Delhi,Delhi,VIP,Roadies Quest,Show,Reality,Hindi,45
E10580,U1118,C110,play,2026-01-12,Web,9,0,18-25,Male,Hyderabad,Telangana,VIP,Anupama: New Beginnings,Show,Drama,Hindi,25
E10581,U1536,C104,complete,2026-01-11,Smart TV,49,1,18-25,Male,Mumbai,Maharashtra,Free,IND vs ENG Test Day 3 Highlights,Sports,Sports,English,50
E10582,U1200,C132,play,2026-01-14,Mobile,17,0,46+,Male,Kochi,Kerala,VIP,Commando Force Mumbai,Series,Action,Hindi,42
E10583,U1680,C118,complete,2026-02-18,Smart TV,44,1,26-35,Male,Jaipur,Rajasthan,VIP,Kerala Waterfront Mystery,Series,Drama,Malayalam,48
E10584,U1068,C140,pause,2026-01-30,Mobile,10,0,18-25,Female,Bengaluru,Karnataka,Free,Dance India Dance Championship,Show,Reality,Hindi,50
E10585,U1016,C133,complete,2026-01-26,Smart TV,44,1,36-45,Male,Mumbai,Maharashtra,Premium,Rudra: The Edge of Darkness,Series,Action,Hindi,48
E10586,U1645,C117,complete,2026-01-21,Mobile,23,1,26-35,Male,Delhi,Delhi,Free,Ghar Ek Mandir Classic,Show,Drama,Marathi,24
E10587,U1509,C121,complete,2026-02-15,Mobile,33,1,26-35,Female,Pune,Maharashtra,Free,The Great Indian Comedy Lab,Show,Comedy,Hindi,35
E10588,U1711,C106,pause,2026-01-07,Web,11,0,18-25,Male,Bengaluru,Karnataka,VIP,WPL T20 Blockbuster Match,Sports,Sports,Hindi,60
E10589,U1120,C105,complete,2026-01-01,Smart TV,67,1,26-35,Female,Mumbai,Maharashtra,Free,Pro Kabaddi League Finals,Sports,Sports,Tamil,70
E10590,U1514,C106,complete,2026-02-13,Mobile,54,1,26-35,Male,Kolkata,West Bengal,Premium,WPL T20 Blockbuster Match,Sports,Sports,Hindi,60
E10591,U1403,C120,play,2026-02-12,Mobile,15,0,18-25,Female,Ahmedabad,Gujarat,Free,Succession Politics India,Series,Drama,Hindi,45
E10592,U1676,C117,complete,2026-02-19,Mobile,21,1,18-25,Male,Mumbai,Maharashtra,VIP,Ghar Ek Mandir Classic,Show,Drama,Marathi,24
E10593,U1286,C108,pause,2026-01-02,Mobile,10,0,26-35,Female,Delhi,Delhi,VIP,ISL Football Clash of Titans,Sports,Sports,Bengali,60
E10594,U1743,C114,play,2026-02-21,Mobile,8,0,18-25,Female,Delhi,Delhi,VIP,Telugu Royal Heritage,Series,Drama,Telugu,45
E10595,U1632,C134,complete,2026-02-22,Smart TV,123,1,18-25,Male,Chennai,Tamil Nadu,Free,Night Hunter Squad,Movie,Action,English,130
E10596,U1242,C128,complete,2026-01-28,Mobile,109,1,46+,Male,Ahmedabad,Gujarat,Free,College Boys Chaos,Movie,Comedy,Hindi,115
E10597,U1082,C108,complete,2026-01-21,Mobile,56,1,18-25,Male,Chennai,Tamil Nadu,Premium,ISL Football Clash of Titans,Sports,Sports,Bengali,60
E10598,U1008,C108,pause,2026-01-03,Mobile,13,0,26-35,Male,Lucknow,Uttar Pradesh,Free,ISL Football Clash of Titans,Sports,Sports,Bengali,60
E10599,U1043,C108,pause,2026-02-04,Mobile,34,0,26-35,Male,Delhi,Delhi,Free,ISL Football Clash of Titans,Sports,Sports,Bengali,60
E10600,U1597,C149,complete,2026-01-21,Smart TV,18,1,36-45,Female,Mumbai,Maharashtra,VIP,Shinchan Laugh Club,Series,Kids,Tamil,20
E10601,U1737,C136,pause,2026-02-10,Smart TV,75,0,18-25,Male,Chennai,Tamil Nadu,Free,Speed Street Heist,Movie,Action,English,120
E10602,U1578,C136,pause,2026-02-28,Tablet,17,0,26-35,Male,Kolkata,West Bengal,Free,Speed Street Heist,Movie,Action,English,120
E10603,U1444,C117,complete,2026-01-01,Smart TV,23,1,46+,Female,Bengaluru,Karnataka,VIP,Ghar Ek Mandir Classic,Show,Drama,Marathi,24
E10604,U1163,C131,complete,2026-02-18,Web,155,1,18-25,Other,Bengaluru,Karnataka,Premium,Devara Storm Rising,Movie,Action,Telugu,160
E10605,U1171,C103,pause,2026-02-11,Mobile,10,0,46+,Female,Delhi,Delhi,Free,Premier League Weekly Showdown,Sports,Sports,English,60
E10606,U1023,C149,pause,2026-01-18,Smart TV,13,0,36-45,Male,Kolkata,West Bengal,VIP,Shinchan Laugh Club,Series,Kids,Tamil,20
E10607,U1236,C140,play,2026-02-18,Mobile,14,0,26-35,Male,Delhi,Delhi,VIP,Dance India Dance Championship,Show,Reality,Hindi,50
E10608,U1015,C143,complete,2026-02-28,Mobile,42,1,26-35,Female,Pune,Maharashtra,Free,Roadies Quest,Show,Reality,Hindi,45
E10609,U1690,C159,play,2026-02-03,Web,5,0,36-45,Female,Delhi,Delhi,VIP,Bengal Morning Bulletin,News,News,Bengali,25
E10610,U1238,C120,pause,2026-02-10,Mobile,5,0,26-35,Male,Kolkata,West Bengal,Premium,Succession Politics India,Series,Drama,Hindi,45
E10611,U1744,C151,complete,2026-02-20,Mobile,28,1,26-35,Male,Mumbai,Maharashtra,Premium,Daily Headlines 360,News,News,Hindi,30
E10612,U1699,C109,play,2026-01-16,Mobile,10,0,18-25,Female,Bengaluru,Karnataka,VIP,Special Ops: Desert Falcon,Series,Drama,Hindi,45
E10613,U1323,C131,pause,2026-02-25,Mobile,90,0,18-25,Female,Delhi,Delhi,Premium,Devara Storm Rising,Movie,Action,Telugu,160
E10614,U1593,C103,complete,2026-01-29,Tablet,55,1,26-35,Female,Kolkata,West Bengal,Free,Premier League Weekly Showdown,Sports,Sports,English,60
E10615,U1321,C131,complete,2026-01-31,Mobile,159,1,18-25,Male,Pune,Maharashtra,Premium,Devara Storm Rising,Movie,Action,Telugu,160
E10616,U1012,C117,pause,2026-01-10,Web,15,0,18-25,Male,Hyderabad,Telangana,VIP,Ghar Ek Mandir Classic,Show,Drama,Marathi,24
E10617,U1424,C107,complete,2026-02-05,Mobile,37,1,18-25,Female,Mumbai,Maharashtra,VIP,Champions Trophy Pre-Show,Sports,Sports,Telugu,40
E10618,U1461,C103,pause,2026-01-01,Mobile,9,0,26-35,Male,Chennai,Tamil Nadu,Premium,Premier League Weekly Showdown,Sports,Sports,English,60
E10619,U1651,C138,pause,2026-02-17,Mobile,17,0,46+,Female,Kochi,Kerala,VIP,Bigg Boss Tamil Season 8,Show,Reality,Tamil,60
E10620,U1283,C123,complete,2026-01-03,Smart TV,23,1,18-25,Female,Pune,Maharashtra,VIP,Sarabhai Classic Revival,Series,Comedy,Hindi,25
E10621,U1744,C105,complete,2026-01-17,Web,68,1,26-35,Male,Mumbai,Maharashtra,Premium,Pro Kabaddi League Finals,Sports,Sports,Tamil,70
E10622,U1587,C139,pause,2026-01-04,Mobile,23,0,18-25,Male,Hyderabad,Telangana,VIP,Bigg Boss Telugu Live,Show,Reality,Telugu,60
E10623,U1495,C150,complete,2026-02-22,Smart TV,19,1,18-25,Female,Jaipur,Rajasthan,Premium,Super Bheem Galactic Battle,Series,Kids,Telugu,22
E10624,U1275,C137,pause,2026-02-13,Mobile,9,0,26-35,Male,Mumbai,Maharashtra,VIP,Bigg Boss All-Stars Hindi,Show,Reality,Hindi,60
E10625,U1101,C110,pause,2026-01-06,Smart TV,5,0,26-35,Male,Delhi,Delhi,VIP,Anupama: New Beginnings,Show,Drama,Hindi,25
E10626,U1490,C149,pause,2026-01-13,Mobile,10,0,18-25,Female,Mumbai,Maharashtra,Free,Shinchan Laugh Club,Series,Kids,Tamil,20
E10627,U1663,C106,pause,2026-02-26,Mobile,19,0,26-35,Female,Delhi,Delhi,VIP,WPL T20 Blockbuster Match,Sports,Sports,Hindi,60
E10628,U1291,C113,pause,2026-02-10,Mobile,61,0,26-35,Male,Mumbai,Maharashtra,Free,Kaithi Revenge Chronicles,Movie,Drama,Tamil,140
E10629,U1435,C141,complete,2026-02-17,Web,50,1,18-25,Male,Bengaluru,Karnataka,Free,Shark Pitch India S4,Show,Reality,Hindi,55
E10630,U1301,C113,pause,2026-02-14,Tablet,14,0,36-45,Female,Mumbai,Maharashtra,Premium,Kaithi Revenge Chronicles,Movie,Drama,Tamil,140
E10631,U1315,C119,pause,2026-01-09,Mobile,9,0,26-35,Other,Chennai,Tamil Nadu,Free,The Crown Dynasty Legacy,Series,Drama,English,55
E10632,U1137,C107,complete,2026-01-12,Web,39,1,26-35,Female,Delhi,Delhi,VIP,Champions Trophy Pre-Show,Sports,Sports,Telugu,40
E10633,U1138,C139,complete,2026-02-25,Web,59,1,18-25,Male,Kolkata,West Bengal,Free,Bigg Boss Telugu Live,Show,Reality,Telugu,60
E10634,U1307,C132,pause,2026-01-25,Smart TV,9,0,18-25,Female,Kolkata,West Bengal,Free,Commando Force Mumbai,Series,Action,Hindi,42
E10635,U1084,C103,complete,2026-02-18,Mobile,56,1,46+,Female,Hyderabad,Telangana,VIP,Premier League Weekly Showdown,Sports,Sports,English,60
E10636,U1067,C103,complete,2026-01-03,Smart TV,57,1,18-25,Female,Jaipur,Rajasthan,VIP,Premier League Weekly Showdown,Sports,Sports,English,60
E10637,U1065,C125,play,2026-03-01,Mobile,22,0,36-45,Male,Delhi,Delhi,Free,Chennai Roast Arena,Show,Comedy,Tamil,40
E10638,U1369,C139,complete,2026-01-22,Smart TV,58,1,26-35,Female,Ahmedabad,Gujarat,Free,Bigg Boss Telugu Live,Show,Reality,Telugu,60
E10639,U1750,C142,pause,2026-01-23,Web,14,0,36-45,Female,Bengaluru,Karnataka,Free,Master Chef Kitchen Wars,Show,Reality,Hindi,45
E10640,U1662,C141,play,2026-03-01,Mobile,15,0,18-25,Female,Mumbai,Maharashtra,VIP,Shark Pitch India S4,Show,Reality,Hindi,55
E10641,U1096,C130,complete,2026-02-22,Web,160,1,36-45,Female,Delhi,Delhi,Premium,Vikram: Shadow Commander,Movie,Action,Tamil,165
E10642,U1177,C120,play,2026-01-01,Smart TV,22,0,26-35,Female,Chennai,Tamil Nadu,Premium,Succession Politics India,Series,Drama,Hindi,45
E10643,U1742,C154,complete,2026-01-03,Web,32,1,18-25,Male,Mumbai,Maharashtra,VIP,Elections Ground Pulse,News,News,Hindi,35
E10644,U1725,C138,complete,2026-02-17,Smart TV,56,1,26-35,Female,Bengaluru,Karnataka,VIP,Bigg Boss Tamil Season 8,Show,Reality,Tamil,60
E10645,U1465,C103,play,2026-02-24,Mobile,32,0,26-35,Female,Mumbai,Maharashtra,Premium,Premier League Weekly Showdown,Sports,Sports,English,60
E10646,U1536,C104,play,2026-02-26,Mobile,21,0,18-25,Male,Mumbai,Maharashtra,Free,IND vs ENG Test Day 3 Highlights,Sports,Sports,English,50
E10647,U1434,C144,complete,2026-01-20,Mobile,44,1,18-25,Male,Hyderabad,Telangana,VIP,Koffee Spotlight Lounge,Show,Reality,English,45
E10648,U1628,C160,complete,2026-01-08,Tablet,29,1,36-45,Male,Mumbai,Maharashtra,VIP,Maharashtra Maha News,News,News,Marathi,30
E10649,U1366,C126,complete,2026-02-14,Mobile,29,1,46+,Male,Jaipur,Rajasthan,VIP,Telugu Comedy Superstars,Show,Comedy,Telugu,30
E10650,U1059,C119,complete,2026-02-27,Smart TV,54,1,18-25,Male,Bengaluru,Karnataka,VIP,The Crown Dynasty Legacy,Series,Drama,English,55
E10651,U1292,C111,play,2026-02-12,Smart TV,17,0,36-45,Male,Chennai,Tamil Nadu,VIP,Yeh Rishta: Family Bonds,Show,Drama,Hindi,22
E10652,U1093,C126,complete,2026-02-25,Smart TV,29,1,18-25,Male,Ahmedabad,Gujarat,Free,Telugu Comedy Superstars,Show,Comedy,Telugu,30
E10653,U1155,C129,complete,2026-02-28,Web,144,1,36-45,Male,Mumbai,Maharashtra,Free,Tiger Underground Strike,Movie,Action,Hindi,155
E10654,U1547,C138,play,2026-02-21,Mobile,21,0,18-25,Male,Delhi,Delhi,Free,Bigg Boss Tamil Season 8,Show,Reality,Tamil,60
E10655,U1164,C110,complete,2026-02-07,Mobile,23,1,26-35,Male,Delhi,Delhi,Free,Anupama: New Beginnings,Show,Drama,Hindi,25
E10656,U1702,C139,complete,2026-01-25,Mobile,59,1,18-25,Female,Chennai,Tamil Nadu,VIP,Bigg Boss Telugu Live,Show,Reality,Telugu,60
E10657,U1438,C101,play,2026-01-21,Mobile,22,0,18-25,Male,Hyderabad,Telangana,VIP,IND vs AUS T20 Cup Highlights,Sports,Sports,Hindi,45
E10658,U1587,C141,complete,2026-02-07,Web,53,1,18-25,Male,Hyderabad,Telangana,VIP,Shark Pitch India S4,Show,Reality,Hindi,55
E10659,U1153,C117,play,2026-02-23,Mobile,3,0,18-25,Male,Delhi,Delhi,Premium,Ghar Ek Mandir Classic,Show,Drama,Marathi,24
E10660,U1151,C135,complete,2026-02-24,Mobile,141,1,26-35,Male,Mumbai,Maharashtra,Free,Fighter Wing Alpha,Movie,Action,Hindi,145
E10661,U1603,C137,complete,2026-01-08,Smart TV,59,1,46+,Male,Bengaluru,Karnataka,Free,Bigg Boss All-Stars Hindi,Show,Reality,Hindi,60
E10662,U1199,C143,pause,2026-01-25,Smart TV,12,0,36-45,Male,Bengaluru,Karnataka,Free,Roadies Quest,Show,Reality,Hindi,45
E10663,U1037,C141,play,2026-01-15,Mobile,27,0,18-25,Female,Ahmedabad,Gujarat,Free,Shark Pitch India S4,Show,Reality,Hindi,55
E10664,U1537,C102,complete,2026-01-26,Web,85,1,18-25,Female,Hyderabad,Telangana,Free,IPL Mega Auction Live Replay,Sports,Sports,Hindi,90
E10665,U1224,C142,complete,2026-01-26,Web,40,1,36-45,Male,Delhi,Delhi,VIP,Master Chef Kitchen Wars,Show,Reality,Hindi,45
E10666,U1253,C135,pause,2026-01-19,Tablet,51,0,26-35,Male,Bengaluru,Karnataka,Free,Fighter Wing Alpha,Movie,Action,Hindi,145
E10667,U1208,C149,pause,2026-02-20,Smart TV,3,0,26-35,Female,Ahmedabad,Gujarat,Free,Shinchan Laugh Club,Series,Kids,Tamil,20
E10668,U1442,C141,pause,2026-01-09,Web,19,0,18-25,Male,Mumbai,Maharashtra,VIP,Shark Pitch India S4,Show,Reality,Hindi,55
E10669,U1337,C122,complete,2026-01-13,Web,21,1,46+,Male,Delhi,Delhi,VIP,Taarak Laugh Fest Episodes,Show,Comedy,Hindi,22
E10670,U1558,C101,play,2026-01-10,Smart TV,27,0,26-35,Male,Bengaluru,Karnataka,Free,IND vs AUS T20 Cup Highlights,Sports,Sports,Hindi,45
E10671,U1285,C158,complete,2026-01-23,Smart TV,27,1,26-35,Female,Jaipur,Rajasthan,Free,State Express News Tamil,News,News,Tamil,30
E10672,U1726,C107,pause,2026-01-10,Mobile,16,0,36-45,Male,Ahmedabad,Gujarat,VIP,Champions Trophy Pre-Show,Sports,Sports,Telugu,40
E10673,U1471,C118,complete,2026-02-14,Mobile,45,1,46+,Male,Lucknow,Uttar Pradesh,VIP,Kerala Waterfront Mystery,Series,Drama,Malayalam,48
E10674,U1450,C107,play,2026-01-06,Smart TV,33,0,18-25,Female,Ahmedabad,Gujarat,Free,Champions Trophy Pre-Show,Sports,Sports,Telugu,40
E10675,U1589,C144,complete,2026-01-24,Smart TV,43,1,18-25,Male,Lucknow,Uttar Pradesh,Free,Koffee Spotlight Lounge,Show,Reality,English,45
E10676,U1007,C105,pause,2026-02-07,Mobile,37,0,18-25,Female,Hyderabad,Telangana,Premium,Pro Kabaddi League Finals,Sports,Sports,Tamil,70
E10677,U1435,C129,pause,2026-01-31,Mobile,73,0,18-25,Male,Bengaluru,Karnataka,Free,Tiger Underground Strike,Movie,Action,Hindi,155
E10678,U1750,C137,complete,2026-02-15,Mobile,55,1,36-45,Female,Bengaluru,Karnataka,Free,Bigg Boss All-Stars Hindi,Show,Reality,Hindi,60
E10679,U1680,C141,pause,2026-02-04,Mobile,4,0,26-35,Male,Jaipur,Rajasthan,VIP,Shark Pitch India S4,Show,Reality,Hindi,55
E10680,U1593,C126,play,2026-02-11,Mobile,10,0,26-35,Female,Kolkata,West Bengal,Free,Telugu Comedy Superstars,Show,Comedy,Telugu,30
E10681,U1084,C139,pause,2026-01-12,Tablet,13,0,46+,Female,Hyderabad,Telangana,VIP,Bigg Boss Telugu Live,Show,Reality,Telugu,60
E10682,U1003,C120,complete,2026-02-11,Mobile,43,1,18-25,Male,Chennai,Tamil Nadu,Free,Succession Politics India,Series,Drama,Hindi,45
E10683,U1111,C128,complete,2026-02-02,Web,114,1,18-25,Male,Mumbai,Maharashtra,VIP,College Boys Chaos,Movie,Comedy,Hindi,115
E10684,U1223,C155,pause,2026-01-03,Mobile,21,0,18-25,Male,Delhi,Delhi,Free,Wildlife Wonders: Western Ghats,Show,News,English,52
E10685,U1710,C125,complete,2026-02-06,Smart TV,37,1,26-35,Female,Delhi,Delhi,Premium,Chennai Roast Arena,Show,Comedy,Tamil,40
E10686,U1374,C113,pause,2026-02-14,Web,62,0,26-35,Male,Mumbai,Maharashtra,VIP,Kaithi Revenge Chronicles,Movie,Drama,Tamil,140
E10687,U1065,C142,complete,2026-02-23,Mobile,41,1,36-45,Male,Delhi,Delhi,Free,Master Chef Kitchen Wars,Show,Reality,Hindi,45
E10688,U1149,C105,play,2026-01-28,Smart TV,22,0,46+,Male,Hyderabad,Telangana,Free,Pro Kabaddi League Finals,Sports,Sports,Tamil,70
E10689,U1049,C110,pause,2026-01-17,Mobile,6,0,26-35,Female,Mumbai,Maharashtra,Free,Anupama: New Beginnings,Show,Drama,Hindi,25
E10690,U1514,C151,complete,2026-01-18,Mobile,28,1,26-35,Male,Kolkata,West Bengal,Premium,Daily Headlines 360,News,News,Hindi,30
E10691,U1746,C136,play,2026-02-08,Mobile,48,0,26-35,Male,Kolkata,West Bengal,Free,Speed Street Heist,Movie,Action,English,120
E10692,U1113,C142,play,2026-01-16,Mobile,12,0,18-25,Male,Mumbai,Maharashtra,Free,Master Chef Kitchen Wars,Show,Reality,Hindi,45
E10693,U1051,C105,pause,2026-01-24,Mobile,7,0,26-35,Female,Chennai,Tamil Nadu,Free,Pro Kabaddi League Finals,Sports,Sports,Tamil,70
E10694,U1680,C140,pause,2026-01-15,Mobile,10,0,26-35,Male,Jaipur,Rajasthan,VIP,Dance India Dance Championship,Show,Reality,Hindi,50
E10695,U1286,C104,complete,2026-01-20,Web,48,1,26-35,Female,Delhi,Delhi,VIP,IND vs ENG Test Day 3 Highlights,Sports,Sports,English,50
E10696,U1446,C141,complete,2026-01-19,Mobile,52,1,26-35,Male,Delhi,Delhi,VIP,Shark Pitch India S4,Show,Reality,Hindi,55
E10697,U1422,C131,complete,2026-01-25,Web,159,1,26-35,Male,Chennai,Tamil Nadu,VIP,Devara Storm Rising,Movie,Action,Telugu,160
E10698,U1123,C141,play,2026-01-26,Smart TV,28,0,18-25,Female,Ahmedabad,Gujarat,VIP,Shark Pitch India S4,Show,Reality,Hindi,55
E10699,U1362,C105,pause,2026-01-25,Mobile,10,0,18-25,Male,Chennai,Tamil Nadu,Free,Pro Kabaddi League Finals,Sports,Sports,Tamil,70
E10700,U1431,C111,play,2026-02-13,Web,6,0,26-35,Female,Bengaluru,Karnataka,Free,Yeh Rishta: Family Bonds,Show,Drama,Hindi,22
E10701,U1461,C137,pause,2026-01-18,Mobile,28,0,26-35,Male,Chennai,Tamil Nadu,Premium,Bigg Boss All-Stars Hindi,Show,Reality,Hindi,60
E10702,U1712,C125,pause,2026-01-06,Smart TV,11,0,26-35,Female,Mumbai,Maharashtra,Premium,Chennai Roast Arena,Show,Comedy,Tamil,40
E10703,U1710,C118,complete,2026-02-16,Mobile,43,1,26-35,Female,Delhi,Delhi,Premium,Kerala Waterfront Mystery,Series,Drama,Malayalam,48
E10704,U1169,C104,complete,2026-03-01,Smart TV,46,1,36-45,Female,Kolkata,West Bengal,Free,IND vs ENG Test Day 3 Highlights,Sports,Sports,English,50
E10705,U1375,C144,complete,2026-02-16,Tablet,42,1,26-35,Male,Mumbai,Maharashtra,Free,Koffee Spotlight Lounge,Show,Reality,English,45
E10706,U1093,C123,pause,2026-01-01,Smart TV,12,0,18-25,Male,Ahmedabad,Gujarat,Free,Sarabhai Classic Revival,Series,Comedy,Hindi,25
E10707,U1466,C148,play,2026-01-16,Smart TV,12,0,36-45,Male,Ahmedabad,Gujarat,Free,Doraemon Magic Gadgets,Series,Kids,Hindi,20
E10708,U1745,C134,play,2026-01-03,Web,84,0,26-35,Male,Bengaluru,Karnataka,VIP,Night Hunter Squad,Movie,Action,English,130
E10709,U1461,C155,pause,2026-01-05,Smart TV,26,0,26-35,Male,Chennai,Tamil Nadu,Premium,Wildlife Wonders: Western Ghats,Show,News,English,52
E10710,U1278,C105,complete,2026-01-11,Mobile,66,1,26-35,Male,Jaipur,Rajasthan,VIP,Pro Kabaddi League Finals,Sports,Sports,Tamil,70
E10711,U1283,C105,complete,2026-02-19,Web,66,1,18-25,Female,Pune,Maharashtra,VIP,Pro Kabaddi League Finals,Sports,Sports,Tamil,70
E10712,U1647,C112,complete,2026-02-10,Mobile,45,1,26-35,Female,Ahmedabad,Gujarat,Free,City of Dreams: The Succession,Series,Drama,Hindi,50
E10713,U1432,C108,play,2026-01-03,Mobile,24,0,36-45,Male,Ahmedabad,Gujarat,Free,ISL Football Clash of Titans,Sports,Sports,Bengali,60
E10714,U1701,C146,complete,2026-01-30,Web,67,1,18-25,Male,Mumbai,Maharashtra,Free,Motu Patlu Space Adventure,Movie,Kids,Hindi,75
E10715,U1244,C115,pause,2026-01-07,Mobile,6,0,26-35,Female,Bengaluru,Karnataka,Premium,Bengal Courtroom Secrets,Series,Drama,Bengali,40
E10716,U1329,C108,play,2026-01-01,Mobile,17,0,26-35,Female,Mumbai,Maharashtra,Free,ISL Football Clash of Titans,Sports,Sports,Bengali,60
E10717,U1108,C134,complete,2026-01-28,Mobile,120,1,18-25,Female,Ahmedabad,Gujarat,VIP,Night Hunter Squad,Movie,Action,English,130
E10718,U1673,C126,pause,2026-01-09,Mobile,12,0,26-35,Male,Pune,Maharashtra,VIP,Telugu Comedy Superstars,Show,Comedy,Telugu,30
E10719,U1270,C119,pause,2026-01-03,Mobile,9,0,18-25,Male,Delhi,Delhi,VIP,The Crown Dynasty Legacy,Series,Drama,English,55
E10720,U1091,C119,complete,2026-01-31,Mobile,53,1,26-35,Female,Delhi,Delhi,Premium,The Crown Dynasty Legacy,Series,Drama,English,55
E10721,U1719,C158,play,2026-01-09,Mobile,9,0,26-35,Female,Patna,Bihar,Premium,State Express News Tamil,News,News,Tamil,30
E10722,U1239,C139,play,2026-01-25,Web,38,0,36-45,Female,Ahmedabad,Gujarat,Free,Bigg Boss Telugu Live,Show,Reality,Telugu,60
E10723,U1090,C154,complete,2026-01-01,Smart TV,32,1,36-45,Female,Kolkata,West Bengal,VIP,Elections Ground Pulse,News,News,Hindi,35
E10724,U1583,C109,complete,2026-02-17,Smart TV,44,1,18-25,Male,Delhi,Delhi,Free,Special Ops: Desert Falcon,Series,Drama,Hindi,45
E10725,U1006,C122,complete,2026-02-09,Mobile,20,1,18-25,Male,Pune,Maharashtra,Free,Taarak Laugh Fest Episodes,Show,Comedy,Hindi,22
E10726,U1104,C124,play,2026-01-16,Mobile,33,0,18-25,Male,Mumbai,Maharashtra,Free,Standup Special: Bangalore Humor,Show,Comedy,English,65
E10727,U1506,C119,play,2026-02-09,Mobile,7,0,36-45,Male,Kolkata,West Bengal,Premium,The Crown Dynasty Legacy,Series,Drama,English,55
E10728,U1123,C159,pause,2026-01-03,Smart TV,7,0,18-25,Female,Ahmedabad,Gujarat,VIP,Bengal Morning Bulletin,News,News,Bengali,25
E10729,U1200,C107,complete,2026-02-25,Mobile,36,1,46+,Male,Kochi,Kerala,VIP,Champions Trophy Pre-Show,Sports,Sports,Telugu,40
E10730,U1030,C118,pause,2026-01-31,Mobile,9,0,18-25,Male,Chennai,Tamil Nadu,Free,Kerala Waterfront Mystery,Series,Drama,Malayalam,48
E10731,U1038,C119,complete,2026-01-23,Mobile,51,1,18-25,Male,Chennai,Tamil Nadu,VIP,The Crown Dynasty Legacy,Series,Drama,English,55
E10732,U1544,C110,complete,2026-02-12,Web,22,1,36-45,Male,Delhi,Delhi,Premium,Anupama: New Beginnings,Show,Drama,Hindi,25
E10733,U1565,C108,pause,2026-02-01,Mobile,7,0,26-35,Male,Hyderabad,Telangana,VIP,ISL Football Clash of Titans,Sports,Sports,Bengali,60
E10734,U1277,C113,complete,2026-02-25,Mobile,133,1,18-25,Female,Bengaluru,Karnataka,VIP,Kaithi Revenge Chronicles,Movie,Drama,Tamil,140
E10735,U1089,C116,pause,2026-01-16,Web,54,0,26-35,Male,Bengaluru,Karnataka,Free,Kolkata Love Diary,Movie,Drama,Bengali,125
E10736,U1495,C108,play,2026-01-08,Mobile,8,0,18-25,Female,Jaipur,Rajasthan,Premium,ISL Football Clash of Titans,Sports,Sports,Bengali,60
E10737,U1024,C156,pause,2026-01-07,Web,9,0,36-45,Female,Bengaluru,Karnataka,Free,Cricket Icons: The Untold Story,Show,News,Hindi,45
E10738,U1049,C127,pause,2026-02-16,Mobile,17,0,26-35,Female,Mumbai,Maharashtra,Free,Pune Pun Factory,Show,Comedy,Marathi,30
E10739,U1105,C105,play,2026-02-24,Mobile,36,0,26-35,Female,Bengaluru,Karnataka,Free,Pro Kabaddi League Finals,Sports,Sports,Tamil,70
E10740,U1679,C157,complete,2026-02-28,Web,38,1,46+,Female,Lucknow,Uttar Pradesh,VIP,Startup Founders Blueprint,Show,News,English,40
E10741,U1331,C122,pause,2026-01-18,Mobile,10,0,26-35,Female,Mumbai,Maharashtra,VIP,Taarak Laugh Fest Episodes,Show,Comedy,Hindi,22
E10742,U1536,C105,play,2026-02-17,Mobile,33,0,18-25,Male,Mumbai,Maharashtra,Free,Pro Kabaddi League Finals,Sports,Sports,Tamil,70
E10743,U1615,C123,pause,2026-02-02,Mobile,2,0,18-25,Female,Kolkata,West Bengal,VIP,Sarabhai Classic Revival,Series,Comedy,Hindi,25
E10744,U1292,C140,complete,2026-01-11,Mobile,45,1,36-45,Male,Chennai,Tamil Nadu,VIP,Dance India Dance Championship,Show,Reality,Hindi,50
E10745,U1434,C130,pause,2026-02-16,Mobile,55,0,18-25,Male,Hyderabad,Telangana,VIP,Vikram: Shadow Commander,Movie,Action,Tamil,165
E10746,U1400,C113,pause,2026-01-03,Mobile,49,0,18-25,Female,Lucknow,Uttar Pradesh,Free,Kaithi Revenge Chronicles,Movie,Drama,Tamil,140
E10747,U1405,C112,pause,2026-02-25,Smart TV,15,0,18-25,Male,Lucknow,Uttar Pradesh,Premium,City of Dreams: The Succession,Series,Drama,Hindi,50
E10748,U1597,C133,pause,2026-01-23,Mobile,16,0,36-45,Female,Mumbai,Maharashtra,VIP,Rudra: The Edge of Darkness,Series,Action,Hindi,48
E10749,U1478,C156,pause,2026-01-09,Mobile,23,0,26-35,Male,Delhi,Delhi,Premium,Cricket Icons: The Untold Story,Show,News,Hindi,45
E10750,U1306,C131,complete,2026-02-22,Mobile,157,1,18-25,Female,Delhi,Delhi,Free,Devara Storm Rising,Movie,Action,Telugu,160
E10751,U1271,C138,complete,2026-02-12,Mobile,54,1,36-45,Male,Kochi,Kerala,VIP,Bigg Boss Tamil Season 8,Show,Reality,Tamil,60
E10752,U1733,C140,complete,2026-01-25,Smart TV,48,1,36-45,Male,Bengaluru,Karnataka,Free,Dance India Dance Championship,Show,Reality,Hindi,50
E10753,U1710,C110,complete,2026-01-29,Smart TV,23,1,26-35,Female,Delhi,Delhi,Premium,Anupama: New Beginnings,Show,Drama,Hindi,25
E10754,U1152,C111,pause,2026-01-15,Smart TV,14,0,18-25,Male,Bengaluru,Karnataka,VIP,Yeh Rishta: Family Bonds,Show,Drama,Hindi,22
E10755,U1555,C119,pause,2026-02-22,Mobile,17,0,26-35,Female,Jaipur,Rajasthan,VIP,The Crown Dynasty Legacy,Series,Drama,English,55
E10756,U1652,C107,pause,2026-01-11,Mobile,16,0,26-35,Female,Jaipur,Rajasthan,VIP,Champions Trophy Pre-Show,Sports,Sports,Telugu,40
E10757,U1671,C142,complete,2026-01-28,Smart TV,41,1,18-25,Male,Delhi,Delhi,VIP,Master Chef Kitchen Wars,Show,Reality,Hindi,45
E10758,U1174,C148,complete,2026-02-16,Tablet,19,1,18-25,Female,Bengaluru,Karnataka,VIP,Doraemon Magic Gadgets,Series,Kids,Hindi,20
E10759,U1569,C101,complete,2026-01-01,Mobile,40,1,26-35,Male,Mumbai,Maharashtra,Premium,IND vs AUS T20 Cup Highlights,Sports,Sports,Hindi,45
E10760,U1579,C133,complete,2026-01-10,Mobile,43,1,36-45,Female,Delhi,Delhi,Free,Rudra: The Edge of Darkness,Series,Action,Hindi,48
E10761,U1702,C130,complete,2026-02-04,Smart TV,161,1,18-25,Female,Chennai,Tamil Nadu,VIP,Vikram: Shadow Commander,Movie,Action,Tamil,165
E10762,U1559,C114,complete,2026-02-06,Smart TV,42,1,18-25,Male,Chennai,Tamil Nadu,Free,Telugu Royal Heritage,Series,Drama,Telugu,45
E10763,U1673,C142,pause,2026-01-18,Mobile,8,0,26-35,Male,Pune,Maharashtra,VIP,Master Chef Kitchen Wars,Show,Reality,Hindi,45
E10764,U1471,C105,complete,2026-02-02,Web,65,1,46+,Male,Lucknow,Uttar Pradesh,VIP,Pro Kabaddi League Finals,Sports,Sports,Tamil,70
E10765,U1671,C118,complete,2026-01-25,Mobile,44,1,18-25,Male,Delhi,Delhi,VIP,Kerala Waterfront Mystery,Series,Drama,Malayalam,48
E10766,U1101,C134,play,2026-02-22,Mobile,35,0,26-35,Male,Delhi,Delhi,VIP,Night Hunter Squad,Movie,Action,English,130
E10767,U1678,C123,complete,2026-01-19,Tablet,24,1,26-35,Female,Ahmedabad,Gujarat,Premium,Sarabhai Classic Revival,Series,Comedy,Hindi,25
E10768,U1272,C131,play,2026-02-08,Mobile,86,0,36-45,Female,Bengaluru,Karnataka,Premium,Devara Storm Rising,Movie,Action,Telugu,160
E10769,U1104,C119,complete,2026-02-27,Mobile,51,1,18-25,Male,Mumbai,Maharashtra,Free,The Crown Dynasty Legacy,Series,Drama,English,55
E10770,U1507,C113,complete,2026-02-28,Web,127,1,26-35,Male,Kolkata,West Bengal,Premium,Kaithi Revenge Chronicles,Movie,Drama,Tamil,140
E10771,U1379,C116,play,2026-02-25,Mobile,59,0,18-25,Female,Bengaluru,Karnataka,VIP,Kolkata Love Diary,Movie,Drama,Bengali,125
E10772,U1700,C106,complete,2026-02-16,Smart TV,56,1,36-45,Male,Delhi,Delhi,Premium,WPL T20 Blockbuster Match,Sports,Sports,Hindi,60
E10773,U1601,C157,complete,2026-02-16,Web,37,1,46+,Male,Ahmedabad,Gujarat,VIP,Startup Founders Blueprint,Show,News,English,40
E10774,U1204,C104,complete,2026-01-21,Tablet,46,1,26-35,Female,Hyderabad,Telangana,Premium,IND vs ENG Test Day 3 Highlights,Sports,Sports,English,50
E10775,U1376,C122,pause,2026-02-11,Tablet,11,0,26-35,Male,Jaipur,Rajasthan,Free,Taarak Laugh Fest Episodes,Show,Comedy,Hindi,22
E10776,U1694,C117,pause,2026-01-15,Mobile,7,0,18-25,Female,Delhi,Delhi,Premium,Ghar Ek Mandir Classic,Show,Drama,Marathi,24
E10777,U1292,C129,play,2026-02-14,Mobile,65,0,36-45,Male,Chennai,Tamil Nadu,VIP,Tiger Underground Strike,Movie,Action,Hindi,155
E10778,U1058,C116,pause,2026-01-09,Mobile,32,0,18-25,Male,Lucknow,Uttar Pradesh,Premium,Kolkata Love Diary,Movie,Drama,Bengali,125
E10779,U1694,C103,play,2026-01-19,Mobile,30,0,18-25,Female,Delhi,Delhi,Premium,Premier League Weekly Showdown,Sports,Sports,English,60
E10780,U1351,C143,pause,2026-01-15,Smart TV,19,0,18-25,Male,Lucknow,Uttar Pradesh,Free,Roadies Quest,Show,Reality,Hindi,45
E10781,U1034,C105,pause,2026-01-28,Tablet,24,0,26-35,Male,Hyderabad,Telangana,Free,Pro Kabaddi League Finals,Sports,Sports,Tamil,70
E10782,U1282,C137,complete,2026-02-25,Smart TV,59,1,26-35,Male,Lucknow,Uttar Pradesh,Free,Bigg Boss All-Stars Hindi,Show,Reality,Hindi,60
E10783,U1110,C106,complete,2026-02-23,Mobile,54,1,26-35,Male,Hyderabad,Telangana,VIP,WPL T20 Blockbuster Match,Sports,Sports,Hindi,60
E10784,U1615,C106,play,2026-01-20,Mobile,27,0,18-25,Female,Kolkata,West Bengal,VIP,WPL T20 Blockbuster Match,Sports,Sports,Hindi,60
E10785,U1357,C138,pause,2026-01-04,Mobile,5,0,18-25,Female,Hyderabad,Telangana,Free,Bigg Boss Tamil Season 8,Show,Reality,Tamil,60
E10786,U1668,C102,complete,2026-02-23,Smart TV,81,1,18-25,Male,Kochi,Kerala,Free,IPL Mega Auction Live Replay,Sports,Sports,Hindi,90
E10787,U1322,C152,pause,2026-01-20,Mobile,5,0,46+,Male,Patna,Bihar,VIP,Global Tech & Economy Report,News,News,English,25
E10788,U1542,C119,play,2026-01-09,Mobile,18,0,26-35,Female,Pune,Maharashtra,Free,The Crown Dynasty Legacy,Series,Drama,English,55
E10789,U1563,C118,complete,2026-02-05,Mobile,47,1,46+,Female,Delhi,Delhi,Premium,Kerala Waterfront Mystery,Series,Drama,Malayalam,48
E10790,U1459,C103,complete,2026-01-26,Smart TV,57,1,36-45,Female,Mumbai,Maharashtra,VIP,Premier League Weekly Showdown,Sports,Sports,English,60
E10791,U1625,C106,pause,2026-01-05,Web,12,0,18-25,Female,Bengaluru,Karnataka,VIP,WPL T20 Blockbuster Match,Sports,Sports,Hindi,60
E10792,U1276,C140,complete,2026-01-07,Mobile,45,1,18-25,Female,Mumbai,Maharashtra,Premium,Dance India Dance Championship,Show,Reality,Hindi,50
E10793,U1041,C130,complete,2026-02-10,Smart TV,157,1,26-35,Female,Patna,Bihar,Free,Vikram: Shadow Commander,Movie,Action,Tamil,165
E10794,U1699,C109,play,2026-01-31,Mobile,4,0,18-25,Female,Bengaluru,Karnataka,VIP,Special Ops: Desert Falcon,Series,Drama,Hindi,45
E10795,U1028,C113,complete,2026-01-19,Web,130,1,46+,Female,Lucknow,Uttar Pradesh,VIP,Kaithi Revenge Chronicles,Movie,Drama,Tamil,140
E10796,U1717,C124,pause,2026-02-13,Mobile,16,0,36-45,Male,Delhi,Delhi,Free,Standup Special: Bangalore Humor,Show,Comedy,English,65
E10797,U1065,C118,complete,2026-01-10,Smart TV,47,1,36-45,Male,Delhi,Delhi,Free,Kerala Waterfront Mystery,Series,Drama,Malayalam,48
E10798,U1015,C141,pause,2026-02-13,Mobile,5,0,26-35,Female,Pune,Maharashtra,Free,Shark Pitch India S4,Show,Reality,Hindi,55
E10799,U1354,C145,play,2026-02-11,Mobile,44,0,18-25,Female,Mumbai,Maharashtra,VIP,Chhota Bheem Himalayan Tour,Movie,Kids,Hindi,85
E10800,U1097,C137,complete,2026-02-08,Tablet,59,1,26-35,Male,Delhi,Delhi,Premium,Bigg Boss All-Stars Hindi,Show,Reality,Hindi,60
E10801,U1496,C150,pause,2026-02-24,Mobile,5,0,26-35,Female,Mumbai,Maharashtra,Free,Super Bheem Galactic Battle,Series,Kids,Telugu,22
E10802,U1705,C102,play,2026-02-08,Smart TV,26,0,26-35,Female,Delhi,Delhi,Free,IPL Mega Auction Live Replay,Sports,Sports,Hindi,90
E10803,U1049,C106,complete,2026-01-10,Smart TV,58,1,26-35,Female,Mumbai,Maharashtra,Free,WPL T20 Blockbuster Match,Sports,Sports,Hindi,60
E10804,U1582,C113,pause,2026-01-30,Web,86,0,26-35,Male,Bengaluru,Karnataka,Premium,Kaithi Revenge Chronicles,Movie,Drama,Tamil,140
E10805,U1232,C150,complete,2026-01-06,Mobile,20,1,26-35,Male,Chennai,Tamil Nadu,Premium,Super Bheem Galactic Battle,Series,Kids,Telugu,22
E10806,U1045,C137,play,2026-01-29,Mobile,34,0,46+,Female,Kochi,Kerala,Premium,Bigg Boss All-Stars Hindi,Show,Reality,Hindi,60
E10807,U1495,C106,play,2026-01-26,Mobile,5,0,18-25,Female,Jaipur,Rajasthan,Premium,WPL T20 Blockbuster Match,Sports,Sports,Hindi,60
E10808,U1307,C132,complete,2026-02-09,Smart TV,39,1,18-25,Female,Kolkata,West Bengal,Free,Commando Force Mumbai,Series,Action,Hindi,42
E10809,U1712,C116,complete,2026-02-26,Smart TV,115,1,26-35,Female,Mumbai,Maharashtra,Premium,Kolkata Love Diary,Movie,Drama,Bengali,125
E10810,U1744,C102,complete,2026-02-14,Tablet,88,1,26-35,Male,Mumbai,Maharashtra,Premium,IPL Mega Auction Live Replay,Sports,Sports,Hindi,90
E10811,U1621,C101,complete,2026-01-26,Web,41,1,18-25,Male,Bengaluru,Karnataka,VIP,IND vs AUS T20 Cup Highlights,Sports,Sports,Hindi,45
E10812,U1643,C108,pause,2026-02-04,Web,17,0,26-35,Male,Chennai,Tamil Nadu,Free,ISL Football Clash of Titans,Sports,Sports,Bengali,60
E10813,U1677,C121,play,2026-02-19,Mobile,18,0,18-25,Female,Pune,Maharashtra,Free,The Great Indian Comedy Lab,Show,Comedy,Hindi,35
E10814,U1331,C118,complete,2026-01-14,Mobile,46,1,26-35,Female,Mumbai,Maharashtra,VIP,Kerala Waterfront Mystery,Series,Drama,Malayalam,48
E10815,U1538,C122,complete,2026-01-31,Mobile,20,1,26-35,Female,Chennai,Tamil Nadu,Free,Taarak Laugh Fest Episodes,Show,Comedy,Hindi,22
E10816,U1101,C108,pause,2026-02-21,Smart TV,41,0,26-35,Male,Delhi,Delhi,VIP,ISL Football Clash of Titans,Sports,Sports,Bengali,60
E10817,U1275,C119,complete,2026-02-18,Mobile,54,1,26-35,Male,Mumbai,Maharashtra,VIP,The Crown Dynasty Legacy,Series,Drama,English,55
E10818,U1521,C111,complete,2026-01-26,Smart TV,19,1,18-25,Male,Kolkata,West Bengal,Free,Yeh Rishta: Family Bonds,Show,Drama,Hindi,22
E10819,U1053,C144,play,2026-01-12,Mobile,8,0,26-35,Female,Chennai,Tamil Nadu,VIP,Koffee Spotlight Lounge,Show,Reality,English,45
E10820,U1627,C104,complete,2026-01-11,Web,48,1,18-25,Female,Pune,Maharashtra,Free,IND vs ENG Test Day 3 Highlights,Sports,Sports,English,50
E10821,U1137,C151,play,2026-01-28,Mobile,14,0,26-35,Female,Delhi,Delhi,VIP,Daily Headlines 360,News,News,Hindi,30
E10822,U1270,C136,complete,2026-02-08,Mobile,117,1,18-25,Male,Delhi,Delhi,VIP,Speed Street Heist,Movie,Action,English,120
E10823,U1137,C138,complete,2026-02-22,Smart TV,57,1,26-35,Female,Delhi,Delhi,VIP,Bigg Boss Tamil Season 8,Show,Reality,Tamil,60
E10824,U1703,C138,complete,2026-01-30,Smart TV,54,1,26-35,Male,Chennai,Tamil Nadu,Free,Bigg Boss Tamil Season 8,Show,Reality,Tamil,60
E10825,U1701,C124,pause,2026-02-16,Mobile,27,0,18-25,Male,Mumbai,Maharashtra,Free,Standup Special: Bangalore Humor,Show,Comedy,English,65
E10826,U1002,C120,complete,2026-02-07,Web,42,1,18-25,Female,Chennai,Tamil Nadu,VIP,Succession Politics India,Series,Drama,Hindi,45
E10827,U1065,C108,complete,2026-01-11,Tablet,57,1,36-45,Male,Delhi,Delhi,Free,ISL Football Clash of Titans,Sports,Sports,Bengali,60
E10828,U1455,C108,complete,2026-01-01,Mobile,58,1,26-35,Male,Delhi,Delhi,Free,ISL Football Clash of Titans,Sports,Sports,Bengali,60
E10829,U1281,C116,complete,2026-01-08,Mobile,122,1,18-25,Male,Bengaluru,Karnataka,Free,Kolkata Love Diary,Movie,Drama,Bengali,125
E10830,U1536,C133,pause,2026-02-03,Mobile,12,0,18-25,Male,Mumbai,Maharashtra,Free,Rudra: The Edge of Darkness,Series,Action,Hindi,48
E10831,U1726,C114,complete,2026-02-05,Web,42,1,36-45,Male,Ahmedabad,Gujarat,VIP,Telugu Royal Heritage,Series,Drama,Telugu,45
E10832,U1450,C127,pause,2026-01-19,Mobile,12,0,18-25,Female,Ahmedabad,Gujarat,Free,Pune Pun Factory,Show,Comedy,Marathi,30
E10833,U1538,C151,complete,2026-02-23,Web,27,1,26-35,Female,Chennai,Tamil Nadu,Free,Daily Headlines 360,News,News,Hindi,30
E10834,U1067,C133,complete,2026-02-18,Smart TV,45,1,18-25,Female,Jaipur,Rajasthan,VIP,Rudra: The Edge of Darkness,Series,Action,Hindi,48
E10835,U1469,C127,complete,2026-02-12,Smart TV,29,1,26-35,Male,Mumbai,Maharashtra,VIP,Pune Pun Factory,Show,Comedy,Marathi,30
E10836,U1213,C119,pause,2026-01-31,Mobile,14,0,18-25,Female,Delhi,Delhi,Free,The Crown Dynasty Legacy,Series,Drama,English,55
E10837,U1711,C115,complete,2026-02-11,Smart TV,39,1,18-25,Male,Bengaluru,Karnataka,VIP,Bengal Courtroom Secrets,Series,Drama,Bengali,40
E10838,U1538,C138,pause,2026-02-26,Mobile,11,0,26-35,Female,Chennai,Tamil Nadu,Free,Bigg Boss Tamil Season 8,Show,Reality,Tamil,60
E10839,U1504,C113,pause,2026-02-28,Web,68,0,36-45,Male,Delhi,Delhi,VIP,Kaithi Revenge Chronicles,Movie,Drama,Tamil,140
E10840,U1312,C101,complete,2026-02-22,Mobile,44,1,26-35,Female,Chennai,Tamil Nadu,VIP,IND vs AUS T20 Cup Highlights,Sports,Sports,Hindi,45
E10841,U1561,C113,pause,2026-01-26,Mobile,41,0,26-35,Female,Mumbai,Maharashtra,Premium,Kaithi Revenge Chronicles,Movie,Drama,Tamil,140
E10842,U1133,C133,pause,2026-02-10,Web,20,0,18-25,Male,Lucknow,Uttar Pradesh,Free,Rudra: The Edge of Darkness,Series,Action,Hindi,48
E10843,U1296,C138,complete,2026-01-15,Mobile,54,1,46+,Female,Kolkata,West Bengal,VIP,Bigg Boss Tamil Season 8,Show,Reality,Tamil,60
E10844,U1065,C141,play,2026-02-10,Mobile,25,0,36-45,Male,Delhi,Delhi,Free,Shark Pitch India S4,Show,Reality,Hindi,55
E10845,U1690,C143,complete,2026-01-02,Mobile,40,1,36-45,Female,Delhi,Delhi,VIP,Roadies Quest,Show,Reality,Hindi,45
E10846,U1333,C132,complete,2026-02-28,Smart TV,40,1,36-45,Female,Bengaluru,Karnataka,Free,Commando Force Mumbai,Series,Action,Hindi,42
E10847,U1725,C129,pause,2026-02-19,Mobile,88,0,26-35,Female,Bengaluru,Karnataka,VIP,Tiger Underground Strike,Movie,Action,Hindi,155
E10848,U1273,C109,complete,2026-01-16,Web,42,1,26-35,Other,Delhi,Delhi,Premium,Special Ops: Desert Falcon,Series,Drama,Hindi,45
E10849,U1554,C141,complete,2026-01-06,Mobile,49,1,26-35,Female,Jaipur,Rajasthan,Free,Shark Pitch India S4,Show,Reality,Hindi,55
E10850,U1701,C132,pause,2026-02-08,Smart TV,7,0,18-25,Male,Mumbai,Maharashtra,Free,Commando Force Mumbai,Series,Action,Hindi,42
E10851,U1082,C106,complete,2026-02-24,Mobile,54,1,18-25,Male,Chennai,Tamil Nadu,Premium,WPL T20 Blockbuster Match,Sports,Sports,Hindi,60
E10852,U1275,C143,pause,2026-02-10,Mobile,3,0,26-35,Male,Mumbai,Maharashtra,VIP,Roadies Quest,Show,Reality,Hindi,45
E10853,U1049,C136,complete,2026-02-21,Mobile,118,1,26-35,Female,Mumbai,Maharashtra,Free,Speed Street Heist,Movie,Action,English,120
E10854,U1111,C112,play,2026-01-08,Web,23,0,18-25,Male,Mumbai,Maharashtra,VIP,City of Dreams: The Succession,Series,Drama,Hindi,50
E10855,U1729,C160,pause,2026-02-17,Mobile,10,0,18-25,Other,Jaipur,Rajasthan,Premium,Maharashtra Maha News,News,News,Marathi,30
E10856,U1181,C105,play,2026-01-14,Smart TV,34,0,26-35,Male,Pune,Maharashtra,Free,Pro Kabaddi League Finals,Sports,Sports,Tamil,70
E10857,U1654,C105,complete,2026-02-16,Mobile,64,1,18-25,Male,Mumbai,Maharashtra,VIP,Pro Kabaddi League Finals,Sports,Sports,Tamil,70
E10858,U1529,C105,complete,2026-02-15,Mobile,63,1,46+,Male,Bengaluru,Karnataka,Free,Pro Kabaddi League Finals,Sports,Sports,Tamil,70
E10859,U1422,C112,complete,2026-01-26,Smart TV,47,1,26-35,Male,Chennai,Tamil Nadu,VIP,City of Dreams: The Succession,Series,Drama,Hindi,50
E10860,U1694,C110,play,2026-01-07,Mobile,10,0,18-25,Female,Delhi,Delhi,Premium,Anupama: New Beginnings,Show,Drama,Hindi,25
E10861,U1444,C140,pause,2026-02-26,Mobile,27,0,46+,Female,Bengaluru,Karnataka,VIP,Dance India Dance Championship,Show,Reality,Hindi,50
E10862,U1339,C130,complete,2026-01-25,Mobile,150,1,18-25,Female,Chennai,Tamil Nadu,Free,Vikram: Shadow Commander,Movie,Action,Tamil,165
E10863,U1328,C128,pause,2026-01-03,Mobile,12,0,26-35,Male,Mumbai,Maharashtra,VIP,College Boys Chaos,Movie,Comedy,Hindi,115
E10864,U1717,C110,play,2026-02-03,Mobile,12,0,36-45,Male,Delhi,Delhi,Free,Anupama: New Beginnings,Show,Drama,Hindi,25
E10865,U1269,C102,complete,2026-01-23,Mobile,88,1,36-45,Male,Kochi,Kerala,VIP,IPL Mega Auction Live Replay,Sports,Sports,Hindi,90
E10866,U1174,C108,complete,2026-01-01,Mobile,55,1,18-25,Female,Bengaluru,Karnataka,VIP,ISL Football Clash of Titans,Sports,Sports,Bengali,60
E10867,U1236,C101,play,2026-02-05,Mobile,21,0,26-35,Male,Delhi,Delhi,VIP,IND vs AUS T20 Cup Highlights,Sports,Sports,Hindi,45
E10868,U1041,C112,complete,2026-02-15,Mobile,47,1,26-35,Female,Patna,Bihar,Free,City of Dreams: The Succession,Series,Drama,Hindi,50
E10869,U1461,C145,complete,2026-01-27,Web,84,1,26-35,Male,Chennai,Tamil Nadu,Premium,Chhota Bheem Himalayan Tour,Movie,Kids,Hindi,85
E10870,U1520,C119,complete,2026-02-01,Web,49,1,26-35,Male,Bengaluru,Karnataka,VIP,The Crown Dynasty Legacy,Series,Drama,English,55
E10871,U1378,C159,complete,2026-01-21,Mobile,22,1,26-35,Male,Chennai,Tamil Nadu,VIP,Bengal Morning Bulletin,News,News,Bengali,25
E10872,U1448,C109,complete,2026-02-06,Mobile,44,1,18-25,Male,Bengaluru,Karnataka,VIP,Special Ops: Desert Falcon,Series,Drama,Hindi,45
E10873,U1743,C148,play,2026-02-28,Mobile,5,0,18-25,Female,Delhi,Delhi,VIP,Doraemon Magic Gadgets,Series,Kids,Hindi,20
E10874,U1400,C114,pause,2026-01-20,Mobile,22,0,18-25,Female,Lucknow,Uttar Pradesh,Free,Telugu Royal Heritage,Series,Drama,Telugu,45
E10875,U1201,C139,pause,2026-01-26,Mobile,14,0,18-25,Female,Pune,Maharashtra,Premium,Bigg Boss Telugu Live,Show,Reality,Telugu,60
E10876,U1223,C158,play,2026-02-09,Mobile,16,0,18-25,Male,Delhi,Delhi,Free,State Express News Tamil,News,News,Tamil,30
E10877,U1067,C108,complete,2026-02-25,Web,59,1,18-25,Female,Jaipur,Rajasthan,VIP,ISL Football Clash of Titans,Sports,Sports,Bengali,60
E10878,U1525,C119,complete,2026-01-24,Mobile,54,1,18-25,Female,Jaipur,Rajasthan,Free,The Crown Dynasty Legacy,Series,Drama,English,55
E10879,U1617,C126,play,2026-01-03,Mobile,3,0,26-35,Male,Mumbai,Maharashtra,VIP,Telugu Comedy Superstars,Show,Comedy,Telugu,30
E10880,U1071,C152,complete,2026-02-21,Mobile,24,1,26-35,Female,Mumbai,Maharashtra,Premium,Global Tech & Economy Report,News,News,English,25
E10881,U1286,C136,pause,2026-01-10,Web,19,0,26-35,Female,Delhi,Delhi,VIP,Speed Street Heist,Movie,Action,English,120
E10882,U1570,C145,complete,2026-01-08,Tablet,80,1,18-25,Female,Mumbai,Maharashtra,VIP,Chhota Bheem Himalayan Tour,Movie,Kids,Hindi,85
E10883,U1396,C109,play,2026-01-31,Mobile,9,0,18-25,Male,Delhi,Delhi,VIP,Special Ops: Desert Falcon,Series,Drama,Hindi,45
E10884,U1157,C111,complete,2026-02-25,Mobile,21,1,26-35,Female,Lucknow,Uttar Pradesh,Free,Yeh Rishta: Family Bonds,Show,Drama,Hindi,22
E10885,U1169,C133,pause,2026-01-14,Web,6,0,36-45,Female,Kolkata,West Bengal,Free,Rudra: The Edge of Darkness,Series,Action,Hindi,48
E10886,U1009,C108,complete,2026-01-14,Web,54,1,36-45,Female,Ahmedabad,Gujarat,VIP,ISL Football Clash of Titans,Sports,Sports,Bengali,60
E10887,U1615,C139,complete,2026-02-15,Mobile,59,1,18-25,Female,Kolkata,West Bengal,VIP,Bigg Boss Telugu Live,Show,Reality,Telugu,60
E10888,U1345,C106,pause,2026-01-29,Mobile,11,0,26-35,Male,Pune,Maharashtra,VIP,WPL T20 Blockbuster Match,Sports,Sports,Hindi,60
E10889,U1655,C125,complete,2026-01-11,Smart TV,37,1,18-25,Other,Kochi,Kerala,Free,Chennai Roast Arena,Show,Comedy,Tamil,40
E10890,U1523,C153,complete,2026-01-07,Smart TV,47,1,26-35,Female,Delhi,Delhi,Free,India at 2030: Space Ambitions,Show,News,English,50
E10891,U1565,C109,complete,2026-02-12,Web,40,1,26-35,Male,Hyderabad,Telangana,VIP,Special Ops: Desert Falcon,Series,Drama,Hindi,45
E10892,U1401,C115,pause,2026-01-26,Mobile,10,0,36-45,Male,Hyderabad,Telangana,VIP,Bengal Courtroom Secrets,Series,Drama,Bengali,40
E10893,U1380,C124,complete,2026-02-11,Mobile,59,1,26-35,Female,Kolkata,West Bengal,VIP,Standup Special: Bangalore Humor,Show,Comedy,English,65
E10894,U1290,C150,complete,2026-01-18,Mobile,20,1,18-25,Male,Delhi,Delhi,Free,Super Bheem Galactic Battle,Series,Kids,Telugu,22
E10895,U1401,C123,play,2026-01-15,Mobile,10,0,36-45,Male,Hyderabad,Telangana,VIP,Sarabhai Classic Revival,Series,Comedy,Hindi,25
E10896,U1076,C146,complete,2026-01-18,Smart TV,71,1,18-25,Female,Jaipur,Rajasthan,Free,Motu Patlu Space Adventure,Movie,Kids,Hindi,75
E10897,U1157,C132,complete,2026-02-16,Smart TV,38,1,26-35,Female,Lucknow,Uttar Pradesh,Free,Commando Force Mumbai,Series,Action,Hindi,42
E10898,U1621,C136,complete,2026-02-10,Mobile,110,1,18-25,Male,Bengaluru,Karnataka,VIP,Speed Street Heist,Movie,Action,English,120
E10899,U1212,C130,complete,2026-02-14,Smart TV,156,1,18-25,Female,Mumbai,Maharashtra,VIP,Vikram: Shadow Commander,Movie,Action,Tamil,165
E10900,U1467,C138,play,2026-01-11,Web,11,0,18-25,Male,Bengaluru,Karnataka,Free,Bigg Boss Tamil Season 8,Show,Reality,Tamil,60
E10901,U1127,C147,complete,2026-01-22,Mobile,18,1,26-35,Male,Kolkata,West Bengal,Premium,Little Singham Rescue Mission,Series,Kids,Hindi,20
E10902,U1013,C157,complete,2026-01-01,Web,39,1,26-35,Female,Mumbai,Maharashtra,VIP,Startup Founders Blueprint,Show,News,English,40
E10903,U1450,C156,complete,2026-01-08,Smart TV,41,1,18-25,Female,Ahmedabad,Gujarat,Free,Cricket Icons: The Untold Story,Show,News,Hindi,45
E10904,U1028,C101,complete,2026-02-02,Smart TV,41,1,46+,Female,Lucknow,Uttar Pradesh,VIP,IND vs AUS T20 Cup Highlights,Sports,Sports,Hindi,45
E10905,U1114,C106,complete,2026-01-29,Mobile,58,1,26-35,Male,Jaipur,Rajasthan,Free,WPL T20 Blockbuster Match,Sports,Sports,Hindi,60
E10906,U1374,C115,pause,2026-02-22,Mobile,8,0,26-35,Male,Mumbai,Maharashtra,VIP,Bengal Courtroom Secrets,Series,Drama,Bengali,40
E10907,U1269,C137,play,2026-02-08,Web,35,0,36-45,Male,Kochi,Kerala,VIP,Bigg Boss All-Stars Hindi,Show,Reality,Hindi,60
E10908,U1366,C111,pause,2026-01-15,Mobile,3,0,46+,Male,Jaipur,Rajasthan,VIP,Yeh Rishta: Family Bonds,Show,Drama,Hindi,22
E10909,U1504,C106,complete,2026-01-28,Mobile,58,1,36-45,Male,Delhi,Delhi,VIP,WPL T20 Blockbuster Match,Sports,Sports,Hindi,60
E10910,U1274,C139,play,2026-02-26,Mobile,23,0,18-25,Male,Bengaluru,Karnataka,Free,Bigg Boss Telugu Live,Show,Reality,Telugu,60
E10911,U1471,C127,pause,2026-02-28,Web,18,0,46+,Male,Lucknow,Uttar Pradesh,VIP,Pune Pun Factory,Show,Comedy,Marathi,30
E10912,U1516,C146,pause,2026-01-03,Mobile,43,0,26-35,Female,Bengaluru,Karnataka,Free,Motu Patlu Space Adventure,Movie,Kids,Hindi,75
E10913,U1441,C137,complete,2026-02-06,Web,58,1,46+,Female,Chennai,Tamil Nadu,VIP,Bigg Boss All-Stars Hindi,Show,Reality,Hindi,60
E10914,U1724,C141,play,2026-01-30,Mobile,18,0,18-25,Male,Bengaluru,Karnataka,VIP,Shark Pitch India S4,Show,Reality,Hindi,55
E10915,U1519,C125,pause,2026-01-05,Mobile,6,0,26-35,Male,Bengaluru,Karnataka,VIP,Chennai Roast Arena,Show,Comedy,Tamil,40
E10916,U1602,C101,complete,2026-01-04,Mobile,43,1,26-35,Female,Mumbai,Maharashtra,Premium,IND vs AUS T20 Cup Highlights,Sports,Sports,Hindi,45
E10917,U1372,C101,pause,2026-02-26,Mobile,4,0,26-35,Female,Ahmedabad,Gujarat,VIP,IND vs AUS T20 Cup Highlights,Sports,Sports,Hindi,45
E10918,U1210,C144,pause,2026-01-18,Smart TV,10,0,18-25,Female,Mumbai,Maharashtra,Premium,Koffee Spotlight Lounge,Show,Reality,English,45
E10919,U1098,C138,pause,2026-03-01,Mobile,13,0,18-25,Male,Chennai,Tamil Nadu,VIP,Bigg Boss Tamil Season 8,Show,Reality,Tamil,60
E10920,U1270,C142,complete,2026-01-07,Smart TV,44,1,18-25,Male,Delhi,Delhi,VIP,Master Chef Kitchen Wars,Show,Reality,Hindi,45
E10921,U1673,C149,complete,2026-02-26,Smart TV,18,1,26-35,Male,Pune,Maharashtra,VIP,Shinchan Laugh Club,Series,Kids,Tamil,20
E10922,U1238,C129,complete,2026-02-05,Smart TV,141,1,26-35,Male,Kolkata,West Bengal,Premium,Tiger Underground Strike,Movie,Action,Hindi,155
E10923,U1138,C113,pause,2026-02-20,Mobile,43,0,18-25,Male,Kolkata,West Bengal,Free,Kaithi Revenge Chronicles,Movie,Drama,Tamil,140
E10924,U1663,C120,play,2026-02-15,Mobile,10,0,26-35,Female,Delhi,Delhi,VIP,Succession Politics India,Series,Drama,Hindi,45
E10925,U1272,C115,play,2026-01-02,Mobile,12,0,36-45,Female,Bengaluru,Karnataka,Premium,Bengal Courtroom Secrets,Series,Drama,Bengali,40
E10926,U1717,C119,pause,2026-02-02,Smart TV,18,0,36-45,Male,Delhi,Delhi,Free,The Crown Dynasty Legacy,Series,Drama,English,55
E10927,U1283,C132,play,2026-01-09,Web,5,0,18-25,Female,Pune,Maharashtra,VIP,Commando Force Mumbai,Series,Action,Hindi,42
E10928,U1303,C101,pause,2026-01-04,Web,16,0,18-25,Male,Lucknow,Uttar Pradesh,Free,IND vs AUS T20 Cup Highlights,Sports,Sports,Hindi,45
E10929,U1195,C158,pause,2026-02-14,Mobile,14,0,46+,Male,Bengaluru,Karnataka,Free,State Express News Tamil,News,News,Tamil,30
E10930,U1247,C103,pause,2026-01-14,Smart TV,39,0,18-25,Male,Ahmedabad,Gujarat,Free,Premier League Weekly Showdown,Sports,Sports,English,60
E10931,U1391,C128,complete,2026-02-10,Tablet,113,1,46+,Other,Pune,Maharashtra,VIP,College Boys Chaos,Movie,Comedy,Hindi,115
E10932,U1642,C112,pause,2026-02-14,Mobile,4,0,26-35,Female,Kolkata,West Bengal,Premium,City of Dreams: The Succession,Series,Drama,Hindi,50
E10933,U1138,C103,pause,2026-01-07,Mobile,20,0,18-25,Male,Kolkata,West Bengal,Free,Premier League Weekly Showdown,Sports,Sports,English,60
E10934,U1360,C142,complete,2026-01-26,Mobile,41,1,26-35,Male,Delhi,Delhi,VIP,Master Chef Kitchen Wars,Show,Reality,Hindi,45
E10935,U1366,C107,pause,2026-01-29,Mobile,8,0,46+,Male,Jaipur,Rajasthan,VIP,Champions Trophy Pre-Show,Sports,Sports,Telugu,40
E10936,U1649,C131,play,2026-02-12,Mobile,27,0,36-45,Female,Bengaluru,Karnataka,Premium,Devara Storm Rising,Movie,Action,Telugu,160
E10937,U1169,C124,complete,2026-01-19,Smart TV,61,1,36-45,Female,Kolkata,West Bengal,Free,Standup Special: Bangalore Humor,Show,Comedy,English,65
E10938,U1507,C154,play,2026-01-07,Mobile,9,0,26-35,Male,Kolkata,West Bengal,Premium,Elections Ground Pulse,News,News,Hindi,35
E10939,U1355,C142,complete,2026-01-25,Mobile,41,1,46+,Male,Lucknow,Uttar Pradesh,Free,Master Chef Kitchen Wars,Show,Reality,Hindi,45
E10940,U1006,C113,pause,2026-02-28,Smart TV,80,0,18-25,Male,Pune,Maharashtra,Free,Kaithi Revenge Chronicles,Movie,Drama,Tamil,140
E10941,U1270,C105,complete,2026-01-11,Web,63,1,18-25,Male,Delhi,Delhi,VIP,Pro Kabaddi League Finals,Sports,Sports,Tamil,70
E10942,U1273,C144,complete,2026-01-25,Mobile,43,1,26-35,Other,Delhi,Delhi,Premium,Koffee Spotlight Lounge,Show,Reality,English,45
E10943,U1388,C107,pause,2026-02-24,Mobile,14,0,18-25,Male,Lucknow,Uttar Pradesh,Free,Champions Trophy Pre-Show,Sports,Sports,Telugu,40
E10944,U1594,C111,complete,2026-02-28,Smart TV,20,1,18-25,Female,Delhi,Delhi,Free,Yeh Rishta: Family Bonds,Show,Drama,Hindi,22
E10945,U1633,C122,play,2026-02-02,Tablet,4,0,18-25,Male,Hyderabad,Telangana,VIP,Taarak Laugh Fest Episodes,Show,Comedy,Hindi,22
E10946,U1588,C125,complete,2026-01-23,Mobile,39,1,26-35,Male,Kolkata,West Bengal,VIP,Chennai Roast Arena,Show,Comedy,Tamil,40
E10947,U1444,C142,complete,2026-01-15,Mobile,43,1,46+,Female,Bengaluru,Karnataka,VIP,Master Chef Kitchen Wars,Show,Reality,Hindi,45
E10948,U1064,C104,play,2026-02-21,Web,26,0,26-35,Female,Ahmedabad,Gujarat,Free,IND vs ENG Test Day 3 Highlights,Sports,Sports,English,50
E10949,U1690,C141,pause,2026-01-27,Mobile,24,0,36-45,Female,Delhi,Delhi,VIP,Shark Pitch India S4,Show,Reality,Hindi,55
E10950,U1694,C103,complete,2026-01-29,Mobile,58,1,18-25,Female,Delhi,Delhi,Premium,Premier League Weekly Showdown,Sports,Sports,English,60
E10951,U1579,C131,play,2026-01-25,Web,44,0,36-45,Female,Delhi,Delhi,Free,Devara Storm Rising,Movie,Action,Telugu,160
E10952,U1091,C133,complete,2026-02-13,Smart TV,45,1,26-35,Female,Delhi,Delhi,Premium,Rudra: The Edge of Darkness,Series,Action,Hindi,48
E10953,U1212,C108,pause,2026-02-07,Mobile,29,0,18-25,Female,Mumbai,Maharashtra,VIP,ISL Football Clash of Titans,Sports,Sports,Bengali,60
E10954,U1015,C154,complete,2026-01-01,Mobile,31,1,26-35,Female,Pune,Maharashtra,Free,Elections Ground Pulse,News,News,Hindi,35
E10955,U1274,C118,complete,2026-02-16,Mobile,44,1,18-25,Male,Bengaluru,Karnataka,Free,Kerala Waterfront Mystery,Series,Drama,Malayalam,48
E10956,U1717,C138,complete,2026-02-22,Mobile,55,1,36-45,Male,Delhi,Delhi,Free,Bigg Boss Tamil Season 8,Show,Reality,Tamil,60
E10957,U1360,C115,complete,2026-01-05,Smart TV,36,1,26-35,Male,Delhi,Delhi,VIP,Bengal Courtroom Secrets,Series,Drama,Bengali,40
E10958,U1334,C132,pause,2026-01-07,Web,6,0,36-45,Male,Bengaluru,Karnataka,VIP,Commando Force Mumbai,Series,Action,Hindi,42
E10959,U1079,C109,complete,2026-01-19,Smart TV,41,1,46+,Male,Kochi,Kerala,Free,Special Ops: Desert Falcon,Series,Drama,Hindi,45
E10960,U1694,C110,complete,2026-01-19,Smart TV,24,1,18-25,Female,Delhi,Delhi,Premium,Anupama: New Beginnings,Show,Drama,Hindi,25
E10961,U1049,C129,pause,2026-01-04,Web,59,0,26-35,Female,Mumbai,Maharashtra,Free,Tiger Underground Strike,Movie,Action,Hindi,155
E10962,U1415,C146,play,2026-01-03,Smart TV,63,0,26-35,Female,Mumbai,Maharashtra,Free,Motu Patlu Space Adventure,Movie,Kids,Hindi,75
E10963,U1253,C110,pause,2026-02-16,Mobile,3,0,26-35,Male,Bengaluru,Karnataka,Free,Anupama: New Beginnings,Show,Drama,Hindi,25
E10964,U1245,C139,complete,2026-02-21,Web,56,1,36-45,Female,Kolkata,West Bengal,Premium,Bigg Boss Telugu Live,Show,Reality,Telugu,60
E10965,U1710,C147,play,2026-01-27,Smart TV,2,0,26-35,Female,Delhi,Delhi,Premium,Little Singham Rescue Mission,Series,Kids,Hindi,20
E10966,U1453,C131,pause,2026-01-03,Mobile,88,0,18-25,Female,Mumbai,Maharashtra,Premium,Devara Storm Rising,Movie,Action,Telugu,160
E10967,U1068,C123,play,2026-02-26,Mobile,7,0,18-25,Female,Bengaluru,Karnataka,Free,Sarabhai Classic Revival,Series,Comedy,Hindi,25
E10968,U1725,C101,pause,2026-02-25,Mobile,21,0,26-35,Female,Bengaluru,Karnataka,VIP,IND vs AUS T20 Cup Highlights,Sports,Sports,Hindi,45
E10969,U1286,C136,pause,2026-01-09,Mobile,32,0,26-35,Female,Delhi,Delhi,VIP,Speed Street Heist,Movie,Action,English,120
E10970,U1328,C119,play,2026-01-24,Mobile,29,0,26-35,Male,Mumbai,Maharashtra,VIP,The Crown Dynasty Legacy,Series,Drama,English,55
E10971,U1268,C115,complete,2026-01-01,Web,36,1,18-25,Male,Mumbai,Maharashtra,VIP,Bengal Courtroom Secrets,Series,Drama,Bengali,40
E10972,U1157,C139,play,2026-01-01,Web,25,0,26-35,Female,Lucknow,Uttar Pradesh,Free,Bigg Boss Telugu Live,Show,Reality,Telugu,60
E10973,U1662,C110,complete,2026-01-19,Mobile,23,1,18-25,Female,Mumbai,Maharashtra,VIP,Anupama: New Beginnings,Show,Drama,Hindi,25
E10974,U1027,C115,complete,2026-02-08,Smart TV,37,1,26-35,Female,Mumbai,Maharashtra,VIP,Bengal Courtroom Secrets,Series,Drama,Bengali,40
E10975,U1301,C134,complete,2026-01-14,Smart TV,129,1,36-45,Female,Mumbai,Maharashtra,Premium,Night Hunter Squad,Movie,Action,English,130
E10976,U1376,C138,play,2026-01-24,Mobile,11,0,26-35,Male,Jaipur,Rajasthan,Free,Bigg Boss Tamil Season 8,Show,Reality,Tamil,60
E10977,U1592,C112,play,2026-02-02,Smart TV,15,0,26-35,Female,Kolkata,West Bengal,Free,City of Dreams: The Succession,Series,Drama,Hindi,50
E10978,U1068,C115,pause,2026-02-28,Mobile,12,0,18-25,Female,Bengaluru,Karnataka,Free,Bengal Courtroom Secrets,Series,Drama,Bengali,40
E10979,U1094,C157,pause,2026-02-22,Mobile,7,0,36-45,Female,Kolkata,West Bengal,Free,Startup Founders Blueprint,Show,News,English,40
E10980,U1595,C102,play,2026-01-02,Mobile,41,0,46+,Female,Chennai,Tamil Nadu,VIP,IPL Mega Auction Live Replay,Sports,Sports,Hindi,90
E10981,U1379,C102,complete,2026-01-06,Mobile,88,1,18-25,Female,Bengaluru,Karnataka,VIP,IPL Mega Auction Live Replay,Sports,Sports,Hindi,90
E10982,U1038,C143,complete,2026-01-29,Mobile,42,1,18-25,Male,Chennai,Tamil Nadu,VIP,Roadies Quest,Show,Reality,Hindi,45
E10983,U1028,C108,pause,2026-02-04,Mobile,6,0,46+,Female,Lucknow,Uttar Pradesh,VIP,ISL Football Clash of Titans,Sports,Sports,Bengali,60
E10984,U1579,C151,play,2026-01-17,Web,8,0,36-45,Female,Delhi,Delhi,Free,Daily Headlines 360,News,News,Hindi,30
E10985,U1611,C130,complete,2026-01-28,Smart TV,162,1,26-35,Male,Lucknow,Uttar Pradesh,Premium,Vikram: Shadow Commander,Movie,Action,Tamil,165
E10986,U1654,C140,pause,2026-02-16,Web,28,0,18-25,Male,Mumbai,Maharashtra,VIP,Dance India Dance Championship,Show,Reality,Hindi,50
E10987,U1700,C112,complete,2026-02-16,Tablet,47,1,36-45,Male,Delhi,Delhi,Premium,City of Dreams: The Succession,Series,Drama,Hindi,50
E10988,U1432,C125,play,2026-01-09,Mobile,18,0,36-45,Male,Ahmedabad,Gujarat,Free,Chennai Roast Arena,Show,Comedy,Tamil,40
E10989,U1680,C111,complete,2026-02-19,Smart TV,21,1,26-35,Male,Jaipur,Rajasthan,VIP,Yeh Rishta: Family Bonds,Show,Drama,Hindi,22
E10990,U1413,C114,play,2026-02-20,Mobile,11,0,18-25,Male,Delhi,Delhi,Free,Telugu Royal Heritage,Series,Drama,Telugu,45
E10991,U1498,C140,complete,2026-02-23,Mobile,48,1,36-45,Male,Lucknow,Uttar Pradesh,VIP,Dance India Dance Championship,Show,Reality,Hindi,50
E10992,U1191,C107,play,2026-01-31,Mobile,12,0,26-35,Female,Bengaluru,Karnataka,VIP,Champions Trophy Pre-Show,Sports,Sports,Telugu,40
E10993,U1482,C128,play,2026-02-05,Mobile,13,0,18-25,Male,Mumbai,Maharashtra,Free,College Boys Chaos,Movie,Comedy,Hindi,115
E10994,U1232,C103,play,2026-01-09,Mobile,12,0,26-35,Male,Chennai,Tamil Nadu,Premium,Premier League Weekly Showdown,Sports,Sports,English,60
E10995,U1157,C107,play,2026-01-12,Web,9,0,26-35,Female,Lucknow,Uttar Pradesh,Free,Champions Trophy Pre-Show,Sports,Sports,Telugu,40
E10996,U1522,C144,complete,2026-01-04,Smart TV,43,1,26-35,Female,Mumbai,Maharashtra,Premium,Koffee Spotlight Lounge,Show,Reality,English,45
E10997,U1711,C159,complete,2026-02-24,Tablet,24,1,18-25,Male,Bengaluru,Karnataka,VIP,Bengal Morning Bulletin,News,News,Bengali,25
E10998,U1269,C137,complete,2026-01-29,Smart TV,54,1,36-45,Male,Kochi,Kerala,VIP,Bigg Boss All-Stars Hindi,Show,Reality,Hindi,60
E10999,U1073,C103,play,2026-01-05,Mobile,29,0,26-35,Male,Lucknow,Uttar Pradesh,Premium,Premier League Weekly Showdown,Sports,Sports,English,60
E11000,U1486,C144,complete,2026-01-22,Mobile,44,1,26-35,Female,Kochi,Kerala,Free,Koffee Spotlight Lounge,Show,Reality,English,45
E11001,U1728,C146,pause,2026-01-24,Mobile,16,0,26-35,Male,Jaipur,Rajasthan,Free,Motu Patlu Space Adventure,Movie,Kids,Hindi,75
E11002,U1028,C150,complete,2026-02-21,Web,21,1,46+,Female,Lucknow,Uttar Pradesh,VIP,Super Bheem Galactic Battle,Series,Kids,Telugu,22
E11003,U1231,C137,play,2026-01-25,Smart TV,38,0,26-35,Male,Mumbai,Maharashtra,Free,Bigg Boss All-Stars Hindi,Show,Reality,Hindi,60
E11004,U1627,C102,complete,2026-01-06,Smart TV,89,1,18-25,Female,Pune,Maharashtra,Free,IPL Mega Auction Live Replay,Sports,Sports,Hindi,90
E11005,U1715,C154,pause,2026-02-16,Tablet,26,0,18-25,Female,Kochi,Kerala,VIP,Elections Ground Pulse,News,News,Hindi,35
E11006,U1315,C138,pause,2026-02-03,Web,7,0,26-35,Other,Chennai,Tamil Nadu,Free,Bigg Boss Tamil Season 8,Show,Reality,Tamil,60
E11007,U1395,C113,pause,2026-02-21,Mobile,74,0,18-25,Female,Mumbai,Maharashtra,Premium,Kaithi Revenge Chronicles,Movie,Drama,Tamil,140
E11008,U1583,C116,pause,2026-02-16,Mobile,16,0,18-25,Male,Delhi,Delhi,Free,Kolkata Love Diary,Movie,Drama,Bengali,125
E11009,U1717,C118,pause,2026-01-31,Mobile,5,0,36-45,Male,Delhi,Delhi,Free,Kerala Waterfront Mystery,Series,Drama,Malayalam,48
E11010,U1459,C120,pause,2026-02-04,Mobile,22,0,36-45,Female,Mumbai,Maharashtra,VIP,Succession Politics India,Series,Drama,Hindi,45
E11011,U1173,C148,play,2026-01-22,Smart TV,11,0,26-35,Male,Ahmedabad,Gujarat,VIP,Doraemon Magic Gadgets,Series,Kids,Hindi,20
E11012,U1232,C103,pause,2026-02-19,Mobile,21,0,26-35,Male,Chennai,Tamil Nadu,Premium,Premier League Weekly Showdown,Sports,Sports,English,60
E11013,U1137,C107,complete,2026-02-18,Mobile,37,1,26-35,Female,Delhi,Delhi,VIP,Champions Trophy Pre-Show,Sports,Sports,Telugu,40
E11014,U1425,C150,complete,2026-01-28,Smart TV,19,1,18-25,Male,Bengaluru,Karnataka,VIP,Super Bheem Galactic Battle,Series,Kids,Telugu,22
E11015,U1015,C106,pause,2026-01-28,Mobile,20,0,26-35,Female,Pune,Maharashtra,Free,WPL T20 Blockbuster Match,Sports,Sports,Hindi,60
E11016,U1270,C118,play,2026-02-27,Smart TV,9,0,18-25,Male,Delhi,Delhi,VIP,Kerala Waterfront Mystery,Series,Drama,Malayalam,48
E11017,U1252,C131,play,2026-01-29,Mobile,18,0,26-35,Male,Kolkata,West Bengal,Premium,Devara Storm Rising,Movie,Action,Telugu,160
E11018,U1683,C132,complete,2026-02-14,Smart TV,40,1,36-45,Male,Bengaluru,Karnataka,Premium,Commando Force Mumbai,Series,Action,Hindi,42
E11019,U1091,C107,pause,2026-02-27,Smart TV,32,0,26-35,Female,Delhi,Delhi,Premium,Champions Trophy Pre-Show,Sports,Sports,Telugu,40
E11020,U1005,C130,complete,2026-01-12,Smart TV,153,1,36-45,Male,Pune,Maharashtra,VIP,Vikram: Shadow Commander,Movie,Action,Tamil,165
E11021,U1386,C130,complete,2026-01-22,Web,153,1,46+,Female,Kolkata,West Bengal,Free,Vikram: Shadow Commander,Movie,Action,Tamil,165
E11022,U1029,C125,pause,2026-01-25,Mobile,21,0,18-25,Female,Jaipur,Rajasthan,Premium,Chennai Roast Arena,Show,Comedy,Tamil,40
E11023,U1236,C107,play,2026-01-14,Mobile,17,0,26-35,Male,Delhi,Delhi,VIP,Champions Trophy Pre-Show,Sports,Sports,Telugu,40
E11024,U1328,C111,complete,2026-01-11,Web,20,1,26-35,Male,Mumbai,Maharashtra,VIP,Yeh Rishta: Family Bonds,Show,Drama,Hindi,22
E11025,U1080,C111,play,2026-02-08,Mobile,4,0,18-25,Female,Bengaluru,Karnataka,VIP,Yeh Rishta: Family Bonds,Show,Drama,Hindi,22
E11026,U1570,C149,complete,2026-02-23,Smart TV,18,1,18-25,Female,Mumbai,Maharashtra,VIP,Shinchan Laugh Club,Series,Kids,Tamil,20
E11027,U1386,C107,complete,2026-02-04,Smart TV,39,1,46+,Female,Kolkata,West Bengal,Free,Champions Trophy Pre-Show,Sports,Sports,Telugu,40
E11028,U1602,C101,complete,2026-02-06,Web,41,1,26-35,Female,Mumbai,Maharashtra,Premium,IND vs AUS T20 Cup Highlights,Sports,Sports,Hindi,45
E11029,U1325,C120,play,2026-02-28,Mobile,24,0,26-35,Male,Kochi,Kerala,Free,Succession Politics India,Series,Drama,Hindi,45
E11030,U1637,C120,complete,2026-01-18,Mobile,44,1,18-25,Female,Delhi,Delhi,Premium,Succession Politics India,Series,Drama,Hindi,45
E11031,U1556,C105,complete,2026-02-16,Mobile,68,1,18-25,Male,Pune,Maharashtra,VIP,Pro Kabaddi League Finals,Sports,Sports,Tamil,70
E11032,U1049,C106,play,2026-01-05,Mobile,26,0,26-35,Female,Mumbai,Maharashtra,Free,WPL T20 Blockbuster Match,Sports,Sports,Hindi,60
E11033,U1540,C113,complete,2026-02-20,Web,139,1,18-25,Male,Kolkata,West Bengal,VIP,Kaithi Revenge Chronicles,Movie,Drama,Tamil,140
E11034,U1396,C107,play,2026-02-10,Smart TV,23,0,18-25,Male,Delhi,Delhi,VIP,Champions Trophy Pre-Show,Sports,Sports,Telugu,40
E11035,U1006,C105,pause,2026-01-10,Mobile,29,0,18-25,Male,Pune,Maharashtra,Free,Pro Kabaddi League Finals,Sports,Sports,Tamil,70
E11036,U1367,C107,complete,2026-01-06,Mobile,38,1,46+,Male,Kochi,Kerala,Free,Champions Trophy Pre-Show,Sports,Sports,Telugu,40
E11037,U1711,C144,complete,2026-02-05,Smart TV,40,1,18-25,Male,Bengaluru,Karnataka,VIP,Koffee Spotlight Lounge,Show,Reality,English,45
E11038,U1463,C137,pause,2026-01-16,Mobile,23,0,26-35,Female,Bengaluru,Karnataka,Free,Bigg Boss All-Stars Hindi,Show,Reality,Hindi,60
E11039,U1482,C123,complete,2026-01-15,Smart TV,23,1,18-25,Male,Mumbai,Maharashtra,Free,Sarabhai Classic Revival,Series,Comedy,Hindi,25
E11040,U1663,C135,pause,2026-01-19,Mobile,54,0,26-35,Female,Delhi,Delhi,VIP,Fighter Wing Alpha,Movie,Action,Hindi,145
E11041,U1064,C105,play,2026-01-21,Web,18,0,26-35,Female,Ahmedabad,Gujarat,Free,Pro Kabaddi League Finals,Sports,Sports,Tamil,70
E11042,U1176,C119,pause,2026-01-26,Mobile,22,0,26-35,Male,Mumbai,Maharashtra,VIP,The Crown Dynasty Legacy,Series,Drama,English,55
E11043,U1538,C140,pause,2026-01-16,Mobile,16,0,26-35,Female,Chennai,Tamil Nadu,Free,Dance India Dance Championship,Show,Reality,Hindi,50
E11044,U1018,C111,pause,2026-01-21,Mobile,6,0,26-35,Male,Mumbai,Maharashtra,VIP,Yeh Rishta: Family Bonds,Show,Drama,Hindi,22
E11045,U1189,C113,play,2026-01-18,Mobile,38,0,36-45,Male,Mumbai,Maharashtra,VIP,Kaithi Revenge Chronicles,Movie,Drama,Tamil,140
E11046,U1368,C108,complete,2026-01-15,Smart TV,56,1,18-25,Male,Hyderabad,Telangana,Premium,ISL Football Clash of Titans,Sports,Sports,Bengali,60
E11047,U1434,C106,pause,2026-01-22,Mobile,33,0,18-25,Male,Hyderabad,Telangana,VIP,WPL T20 Blockbuster Match,Sports,Sports,Hindi,60
E11048,U1087,C126,complete,2026-02-19,Tablet,28,1,26-35,Female,Hyderabad,Telangana,Free,Telugu Comedy Superstars,Show,Comedy,Telugu,30
E11049,U1538,C148,pause,2026-01-24,Smart TV,11,0,26-35,Female,Chennai,Tamil Nadu,Free,Doraemon Magic Gadgets,Series,Kids,Hindi,20
E11050,U1407,C158,complete,2026-01-19,Web,29,1,46+,Male,Patna,Bihar,VIP,State Express News Tamil,News,News,Tamil,30
E11051,U1603,C148,complete,2026-01-01,Mobile,19,1,46+,Male,Bengaluru,Karnataka,Free,Doraemon Magic Gadgets,Series,Kids,Hindi,20
E11052,U1022,C101,complete,2026-02-01,Web,42,1,18-25,Female,Bengaluru,Karnataka,Free,IND vs AUS T20 Cup Highlights,Sports,Sports,Hindi,45
E11053,U1026,C112,pause,2026-02-17,Mobile,21,0,36-45,Male,Mumbai,Maharashtra,VIP,City of Dreams: The Succession,Series,Drama,Hindi,50
E11054,U1083,C140,complete,2026-01-18,Smart TV,48,1,26-35,Female,Hyderabad,Telangana,Free,Dance India Dance Championship,Show,Reality,Hindi,50
E11055,U1651,C103,pause,2026-02-17,Mobile,26,0,46+,Female,Kochi,Kerala,VIP,Premier League Weekly Showdown,Sports,Sports,English,60
E11056,U1627,C131,pause,2026-02-08,Mobile,76,0,18-25,Female,Pune,Maharashtra,Free,Devara Storm Rising,Movie,Action,Telugu,160
E11057,U1649,C140,pause,2026-01-07,Mobile,11,0,36-45,Female,Bengaluru,Karnataka,Premium,Dance India Dance Championship,Show,Reality,Hindi,50
E11058,U1191,C134,complete,2026-01-27,Mobile,118,1,26-35,Female,Bengaluru,Karnataka,VIP,Night Hunter Squad,Movie,Action,English,130
E11059,U1427,C122,pause,2026-02-01,Web,5,0,18-25,Male,Mumbai,Maharashtra,Free,Taarak Laugh Fest Episodes,Show,Comedy,Hindi,22
E11060,U1554,C153,pause,2026-01-02,Smart TV,22,0,26-35,Female,Jaipur,Rajasthan,Free,India at 2030: Space Ambitions,Show,News,English,50
E11061,U1301,C109,pause,2026-02-21,Mobile,18,0,36-45,Female,Mumbai,Maharashtra,Premium,Special Ops: Desert Falcon,Series,Drama,Hindi,45
E11062,U1474,C103,complete,2026-02-07,Smart TV,59,1,18-25,Female,Ahmedabad,Gujarat,VIP,Premier League Weekly Showdown,Sports,Sports,English,60
E11063,U1178,C106,complete,2026-02-06,Smart TV,58,1,26-35,Female,Chennai,Tamil Nadu,VIP,WPL T20 Blockbuster Match,Sports,Sports,Hindi,60
E11064,U1576,C103,play,2026-01-03,Mobile,26,0,18-25,Female,Hyderabad,Telangana,VIP,Premier League Weekly Showdown,Sports,Sports,English,60
E11065,U1238,C128,complete,2026-02-18,Mobile,111,1,26-35,Male,Kolkata,West Bengal,Premium,College Boys Chaos,Movie,Comedy,Hindi,115
E11066,U1429,C123,pause,2026-01-31,Mobile,4,0,26-35,Male,Mumbai,Maharashtra,Free,Sarabhai Classic Revival,Series,Comedy,Hindi,25
E11067,U1390,C144,complete,2026-02-14,Tablet,40,1,26-35,Male,Delhi,Delhi,VIP,Koffee Spotlight Lounge,Show,Reality,English,45
E11068,U1051,C105,pause,2026-02-25,Mobile,9,0,26-35,Female,Chennai,Tamil Nadu,Free,Pro Kabaddi League Finals,Sports,Sports,Tamil,70
E11069,U1725,C102,complete,2026-02-01,Mobile,88,1,26-35,Female,Bengaluru,Karnataka,VIP,IPL Mega Auction Live Replay,Sports,Sports,Hindi,90
E11070,U1097,C144,complete,2026-01-19,Mobile,41,1,26-35,Male,Delhi,Delhi,Premium,Koffee Spotlight Lounge,Show,Reality,English,45
E11071,U1550,C145,complete,2026-02-06,Mobile,84,1,26-35,Male,Kochi,Kerala,VIP,Chhota Bheem Himalayan Tour,Movie,Kids,Hindi,85
E11072,U1495,C106,complete,2026-02-15,Mobile,57,1,18-25,Female,Jaipur,Rajasthan,Premium,WPL T20 Blockbuster Match,Sports,Sports,Hindi,60
E11073,U1282,C131,complete,2026-02-17,Mobile,149,1,26-35,Male,Lucknow,Uttar Pradesh,Free,Devara Storm Rising,Movie,Action,Telugu,160
E11074,U1550,C143,pause,2026-01-27,Mobile,22,0,26-35,Male,Kochi,Kerala,VIP,Roadies Quest,Show,Reality,Hindi,45
E11075,U1121,C122,complete,2026-01-13,Tablet,21,1,18-25,Male,Hyderabad,Telangana,Premium,Taarak Laugh Fest Episodes,Show,Comedy,Hindi,22
E11076,U1532,C126,complete,2026-01-11,Mobile,28,1,18-25,Male,Delhi,Delhi,VIP,Telugu Comedy Superstars,Show,Comedy,Telugu,30
E11077,U1042,C133,complete,2026-01-13,Web,43,1,26-35,Female,Mumbai,Maharashtra,Free,Rudra: The Edge of Darkness,Series,Action,Hindi,48
E11078,U1201,C142,pause,2026-01-26,Web,12,0,18-25,Female,Pune,Maharashtra,Premium,Master Chef Kitchen Wars,Show,Reality,Hindi,45
E11079,U1701,C128,complete,2026-01-07,Smart TV,110,1,18-25,Male,Mumbai,Maharashtra,Free,College Boys Chaos,Movie,Comedy,Hindi,115
E11080,U1556,C111,complete,2026-02-07,Mobile,21,1,18-25,Male,Pune,Maharashtra,VIP,Yeh Rishta: Family Bonds,Show,Drama,Hindi,22
E11081,U1490,C117,play,2026-02-17,Smart TV,13,0,18-25,Female,Mumbai,Maharashtra,Free,Ghar Ek Mandir Classic,Show,Drama,Marathi,24
E11082,U1660,C135,complete,2026-01-14,Mobile,141,1,18-25,Male,Mumbai,Maharashtra,Free,Fighter Wing Alpha,Movie,Action,Hindi,145
E11083,U1060,C141,complete,2026-01-21,Mobile,54,1,26-35,Other,Hyderabad,Telangana,Free,Shark Pitch India S4,Show,Reality,Hindi,55
E11084,U1051,C156,pause,2026-01-20,Mobile,13,0,26-35,Female,Chennai,Tamil Nadu,Free,Cricket Icons: The Untold Story,Show,News,Hindi,45
E11085,U1379,C105,complete,2026-01-31,Smart TV,65,1,18-25,Female,Bengaluru,Karnataka,VIP,Pro Kabaddi League Finals,Sports,Sports,Tamil,70
E11086,U1270,C143,complete,2026-01-14,Mobile,43,1,18-25,Male,Delhi,Delhi,VIP,Roadies Quest,Show,Reality,Hindi,45
E11087,U1715,C152,pause,2026-02-01,Web,14,0,18-25,Female,Kochi,Kerala,VIP,Global Tech & Economy Report,News,News,English,25
E11088,U1533,C110,pause,2026-02-25,Mobile,10,0,18-25,Female,Chennai,Tamil Nadu,Free,Anupama: New Beginnings,Show,Drama,Hindi,25
E11089,U1278,C121,pause,2026-02-28,Smart TV,9,0,26-35,Male,Jaipur,Rajasthan,VIP,The Great Indian Comedy Lab,Show,Comedy,Hindi,35
E11090,U1704,C117,pause,2026-02-03,Mobile,2,0,26-35,Female,Bengaluru,Karnataka,Premium,Ghar Ek Mandir Classic,Show,Drama,Marathi,24
E11091,U1135,C129,pause,2026-01-01,Mobile,83,0,26-35,Female,Mumbai,Maharashtra,Free,Tiger Underground Strike,Movie,Action,Hindi,155
E11092,U1461,C102,play,2026-01-17,Mobile,8,0,26-35,Male,Chennai,Tamil Nadu,Premium,IPL Mega Auction Live Replay,Sports,Sports,Hindi,90
E11093,U1201,C103,complete,2026-01-31,Smart TV,58,1,18-25,Female,Pune,Maharashtra,Premium,Premier League Weekly Showdown,Sports,Sports,English,60
E11094,U1748,C132,play,2026-02-21,Mobile,21,0,26-35,Female,Chennai,Tamil Nadu,VIP,Commando Force Mumbai,Series,Action,Hindi,42
E11095,U1067,C116,pause,2026-02-24,Smart TV,79,0,18-25,Female,Jaipur,Rajasthan,VIP,Kolkata Love Diary,Movie,Drama,Bengali,125
E11096,U1091,C119,complete,2026-01-04,Web,53,1,26-35,Female,Delhi,Delhi,Premium,The Crown Dynasty Legacy,Series,Drama,English,55
E11097,U1232,C144,play,2026-01-22,Mobile,18,0,26-35,Male,Chennai,Tamil Nadu,Premium,Koffee Spotlight Lounge,Show,Reality,English,45
E11098,U1632,C143,pause,2026-01-24,Mobile,23,0,18-25,Male,Chennai,Tamil Nadu,Free,Roadies Quest,Show,Reality,Hindi,45
E11099,U1391,C151,pause,2026-02-22,Mobile,12,0,46+,Other,Pune,Maharashtra,VIP,Daily Headlines 360,News,News,Hindi,30
E11100,U1578,C106,complete,2026-02-08,Mobile,54,1,26-35,Male,Kolkata,West Bengal,Free,WPL T20 Blockbuster Match,Sports,Sports,Hindi,60
E11101,U1137,C124,pause,2026-01-18,Mobile,32,0,26-35,Female,Delhi,Delhi,VIP,Standup Special: Bangalore Humor,Show,Comedy,English,65
E11102,U1426,C105,play,2026-01-06,Mobile,8,0,26-35,Female,Kolkata,West Bengal,Free,Pro Kabaddi League Finals,Sports,Sports,Tamil,70
E11103,U1078,C104,complete,2026-01-02,Smart TV,47,1,18-25,Male,Hyderabad,Telangana,Premium,IND vs ENG Test Day 3 Highlights,Sports,Sports,English,50
E11104,U1583,C141,play,2026-01-16,Mobile,6,0,18-25,Male,Delhi,Delhi,Free,Shark Pitch India S4,Show,Reality,Hindi,55
E11105,U1227,C135,play,2026-01-20,Web,77,0,18-25,Female,Pune,Maharashtra,VIP,Fighter Wing Alpha,Movie,Action,Hindi,145
E11106,U1033,C137,complete,2026-01-15,Mobile,55,1,26-35,Male,Chennai,Tamil Nadu,VIP,Bigg Boss All-Stars Hindi,Show,Reality,Hindi,60
E11107,U1632,C111,pause,2026-01-06,Mobile,4,0,18-25,Male,Chennai,Tamil Nadu,Free,Yeh Rishta: Family Bonds,Show,Drama,Hindi,22
E11108,U1374,C129,pause,2026-02-23,Mobile,46,0,26-35,Male,Mumbai,Maharashtra,VIP,Tiger Underground Strike,Movie,Action,Hindi,155
E11109,U1117,C153,complete,2026-02-14,Smart TV,47,1,18-25,Male,Delhi,Delhi,Premium,India at 2030: Space Ambitions,Show,News,English,50
E11110,U1331,C133,complete,2026-02-02,Smart TV,44,1,26-35,Female,Mumbai,Maharashtra,VIP,Rudra: The Edge of Darkness,Series,Action,Hindi,48
E11111,U1422,C138,pause,2026-01-17,Mobile,10,0,26-35,Male,Chennai,Tamil Nadu,VIP,Bigg Boss Tamil Season 8,Show,Reality,Tamil,60
E11112,U1020,C105,complete,2026-02-07,Smart TV,63,1,46+,Male,Chennai,Tamil Nadu,VIP,Pro Kabaddi League Finals,Sports,Sports,Tamil,70
E11113,U1238,C128,pause,2026-01-23,Smart TV,40,0,26-35,Male,Kolkata,West Bengal,Premium,College Boys Chaos,Movie,Comedy,Hindi,115
E11114,U1658,C101,complete,2026-01-07,Mobile,43,1,18-25,Female,Mumbai,Maharashtra,VIP,IND vs AUS T20 Cup Highlights,Sports,Sports,Hindi,45
E11115,U1127,C115,pause,2026-02-09,Mobile,18,0,26-35,Male,Kolkata,West Bengal,Premium,Bengal Courtroom Secrets,Series,Drama,Bengali,40
E11116,U1345,C129,complete,2026-01-17,Mobile,152,1,26-35,Male,Pune,Maharashtra,VIP,Tiger Underground Strike,Movie,Action,Hindi,155
E11117,U1553,C130,complete,2026-03-01,Mobile,149,1,18-25,Male,Hyderabad,Telangana,VIP,Vikram: Shadow Commander,Movie,Action,Tamil,165
E11118,U1664,C139,complete,2026-02-19,Web,56,1,36-45,Male,Delhi,Delhi,Premium,Bigg Boss Telugu Live,Show,Reality,Telugu,60
E11119,U1195,C129,complete,2026-01-20,Smart TV,142,1,46+,Male,Bengaluru,Karnataka,Free,Tiger Underground Strike,Movie,Action,Hindi,155
E11120,U1671,C155,complete,2026-02-18,Web,51,1,18-25,Male,Delhi,Delhi,VIP,Wildlife Wonders: Western Ghats,Show,News,English,52
E11121,U1097,C134,complete,2026-02-20,Smart TV,118,1,26-35,Male,Delhi,Delhi,Premium,Night Hunter Squad,Movie,Action,English,130
E11122,U1581,C141,complete,2026-01-10,Mobile,49,1,46+,Male,Ahmedabad,Gujarat,VIP,Shark Pitch India S4,Show,Reality,Hindi,55
E11123,U1138,C107,complete,2026-01-28,Mobile,39,1,18-25,Male,Kolkata,West Bengal,Free,Champions Trophy Pre-Show,Sports,Sports,Telugu,40
E11124,U1060,C110,pause,2026-01-23,Smart TV,9,0,26-35,Other,Hyderabad,Telangana,Free,Anupama: New Beginnings,Show,Drama,Hindi,25
E11125,U1065,C127,complete,2026-01-25,Mobile,28,1,36-45,Male,Delhi,Delhi,Free,Pune Pun Factory,Show,Comedy,Marathi,30
E11126,U1628,C137,complete,2026-02-18,Smart TV,54,1,36-45,Male,Mumbai,Maharashtra,VIP,Bigg Boss All-Stars Hindi,Show,Reality,Hindi,60
E11127,U1701,C118,complete,2026-02-25,Mobile,46,1,18-25,Male,Mumbai,Maharashtra,Free,Kerala Waterfront Mystery,Series,Drama,Malayalam,48
E11128,U1323,C117,pause,2026-01-15,Mobile,10,0,18-25,Female,Delhi,Delhi,Premium,Ghar Ek Mandir Classic,Show,Drama,Marathi,24
E11129,U1671,C107,complete,2026-01-01,Mobile,38,1,18-25,Male,Delhi,Delhi,VIP,Champions Trophy Pre-Show,Sports,Sports,Telugu,40
E11130,U1463,C139,pause,2026-01-14,Web,10,0,26-35,Female,Bengaluru,Karnataka,Free,Bigg Boss Telugu Live,Show,Reality,Telugu,60
E11131,U1224,C104,complete,2026-01-20,Mobile,45,1,36-45,Male,Delhi,Delhi,VIP,IND vs ENG Test Day 3 Highlights,Sports,Sports,English,50
E11132,U1294,C142,pause,2026-02-13,Mobile,13,0,18-25,Male,Kolkata,West Bengal,VIP,Master Chef Kitchen Wars,Show,Reality,Hindi,45
E11133,U1391,C104,complete,2026-02-11,Web,48,1,46+,Other,Pune,Maharashtra,VIP,IND vs ENG Test Day 3 Highlights,Sports,Sports,English,50
E11134,U1652,C141,complete,2026-01-25,Mobile,52,1,26-35,Female,Jaipur,Rajasthan,VIP,Shark Pitch India S4,Show,Reality,Hindi,55
E11135,U1523,C101,pause,2026-01-28,Smart TV,19,0,26-35,Female,Delhi,Delhi,Free,IND vs AUS T20 Cup Highlights,Sports,Sports,Hindi,45
E11136,U1186,C132,pause,2026-01-31,Smart TV,18,0,46+,Male,Pune,Maharashtra,Free,Commando Force Mumbai,Series,Action,Hindi,42
E11137,U1544,C143,complete,2026-01-28,Tablet,41,1,36-45,Male,Delhi,Delhi,Premium,Roadies Quest,Show,Reality,Hindi,45
E11138,U1402,C117,complete,2026-03-01,Smart TV,22,1,18-25,Female,Jaipur,Rajasthan,Free,Ghar Ek Mandir Classic,Show,Drama,Marathi,24
E11139,U1541,C110,pause,2026-01-30,Mobile,12,0,26-35,Female,Delhi,Delhi,VIP,Anupama: New Beginnings,Show,Drama,Hindi,25
E11140,U1207,C105,complete,2026-02-13,Mobile,69,1,26-35,Male,Pune,Maharashtra,Premium,Pro Kabaddi League Finals,Sports,Sports,Tamil,70
E11141,U1280,C119,pause,2026-01-19,Smart TV,7,0,36-45,Female,Patna,Bihar,Free,The Crown Dynasty Legacy,Series,Drama,English,55
E11142,U1272,C101,pause,2026-01-03,Mobile,16,0,36-45,Female,Bengaluru,Karnataka,Premium,IND vs AUS T20 Cup Highlights,Sports,Sports,Hindi,45
E11143,U1402,C117,pause,2026-02-01,Mobile,3,0,18-25,Female,Jaipur,Rajasthan,Free,Ghar Ek Mandir Classic,Show,Drama,Marathi,24
E11144,U1329,C111,play,2026-02-23,Tablet,5,0,26-35,Female,Mumbai,Maharashtra,Free,Yeh Rishta: Family Bonds,Show,Drama,Hindi,22
E11145,U1700,C142,complete,2026-01-03,Smart TV,41,1,36-45,Male,Delhi,Delhi,Premium,Master Chef Kitchen Wars,Show,Reality,Hindi,45
E11146,U1101,C157,play,2026-01-06,Smart TV,15,0,26-35,Male,Delhi,Delhi,VIP,Startup Founders Blueprint,Show,News,English,40
E11147,U1253,C133,play,2026-02-16,Mobile,8,0,26-35,Male,Bengaluru,Karnataka,Free,Rudra: The Edge of Darkness,Series,Action,Hindi,48
E11148,U1498,C145,complete,2026-01-13,Web,77,1,36-45,Male,Lucknow,Uttar Pradesh,VIP,Chhota Bheem Himalayan Tour,Movie,Kids,Hindi,85
E11149,U1432,C160,play,2026-01-04,Smart TV,20,0,36-45,Male,Ahmedabad,Gujarat,Free,Maharashtra Maha News,News,News,Marathi,30
E11150,U1284,C122,complete,2026-02-19,Smart TV,21,1,18-25,Female,Bengaluru,Karnataka,Free,Taarak Laugh Fest Episodes,Show,Comedy,Hindi,22
E11151,U1127,C124,complete,2026-01-19,Mobile,59,1,26-35,Male,Kolkata,West Bengal,Premium,Standup Special: Bangalore Humor,Show,Comedy,English,65
E11152,U1198,C118,pause,2026-02-08,Mobile,6,0,46+,Female,Bengaluru,Karnataka,Free,Kerala Waterfront Mystery,Series,Drama,Malayalam,48
E11153,U1597,C133,complete,2026-01-15,Mobile,46,1,36-45,Female,Mumbai,Maharashtra,VIP,Rudra: The Edge of Darkness,Series,Action,Hindi,48
E11154,U1040,C112,pause,2026-01-22,Smart TV,27,0,18-25,Female,Bengaluru,Karnataka,Free,City of Dreams: The Succession,Series,Drama,Hindi,50
E11155,U1412,C122,complete,2026-02-22,Smart TV,20,1,18-25,Male,Mumbai,Maharashtra,Premium,Taarak Laugh Fest Episodes,Show,Comedy,Hindi,22
E11156,U1339,C121,complete,2026-02-13,Smart TV,33,1,18-25,Female,Chennai,Tamil Nadu,Free,The Great Indian Comedy Lab,Show,Comedy,Hindi,35
E11157,U1296,C118,complete,2026-02-01,Smart TV,43,1,46+,Female,Kolkata,West Bengal,VIP,Kerala Waterfront Mystery,Series,Drama,Malayalam,48
E11158,U1427,C115,pause,2026-01-21,Mobile,10,0,18-25,Male,Mumbai,Maharashtra,Free,Bengal Courtroom Secrets,Series,Drama,Bengali,40
E11159,U1343,C121,pause,2026-01-27,Mobile,13,0,46+,Female,Pune,Maharashtra,VIP,The Great Indian Comedy Lab,Show,Comedy,Hindi,35
E11160,U1747,C101,pause,2026-02-28,Tablet,18,0,26-35,Female,Delhi,Delhi,VIP,IND vs AUS T20 Cup Highlights,Sports,Sports,Hindi,45
E11161,U1408,C117,complete,2026-01-14,Web,22,1,36-45,Male,Chennai,Tamil Nadu,Free,Ghar Ek Mandir Classic,Show,Drama,Marathi,24
E11162,U1744,C129,complete,2026-02-17,Mobile,151,1,26-35,Male,Mumbai,Maharashtra,Premium,Tiger Underground Strike,Movie,Action,Hindi,155
E11163,U1734,C127,complete,2026-01-18,Mobile,29,1,46+,Male,Mumbai,Maharashtra,Free,Pune Pun Factory,Show,Comedy,Marathi,30
E11164,U1236,C116,play,2026-01-21,Mobile,69,0,26-35,Male,Delhi,Delhi,VIP,Kolkata Love Diary,Movie,Drama,Bengali,125
E11165,U1380,C126,pause,2026-03-01,Mobile,13,0,26-35,Female,Kolkata,West Bengal,VIP,Telugu Comedy Superstars,Show,Comedy,Telugu,30
E11166,U1340,C149,complete,2026-01-22,Mobile,19,1,18-25,Male,Kolkata,West Bengal,Premium,Shinchan Laugh Club,Series,Kids,Tamil,20
E11167,U1579,C134,complete,2026-01-27,Smart TV,124,1,36-45,Female,Delhi,Delhi,Free,Night Hunter Squad,Movie,Action,English,130
E11168,U1727,C118,complete,2026-02-09,Smart TV,43,1,18-25,Female,Chennai,Tamil Nadu,Premium,Kerala Waterfront Mystery,Series,Drama,Malayalam,48
E11169,U1381,C103,complete,2026-02-09,Smart TV,54,1,26-35,Male,Hyderabad,Telangana,Premium,Premier League Weekly Showdown,Sports,Sports,English,60
E11170,U1178,C128,complete,2026-02-17,Mobile,107,1,26-35,Female,Chennai,Tamil Nadu,VIP,College Boys Chaos,Movie,Comedy,Hindi,115
E11171,U1455,C141,play,2026-01-30,Mobile,9,0,26-35,Male,Delhi,Delhi,Free,Shark Pitch India S4,Show,Reality,Hindi,55
E11172,U1280,C144,pause,2026-01-19,Mobile,24,0,36-45,Female,Patna,Bihar,Free,Koffee Spotlight Lounge,Show,Reality,English,45
E11173,U1040,C102,complete,2026-01-29,Smart TV,87,1,18-25,Female,Bengaluru,Karnataka,Free,IPL Mega Auction Live Replay,Sports,Sports,Hindi,90
E11174,U1743,C141,complete,2026-02-08,Tablet,50,1,18-25,Female,Delhi,Delhi,VIP,Shark Pitch India S4,Show,Reality,Hindi,55
E11175,U1632,C144,complete,2026-01-05,Web,43,1,18-25,Male,Chennai,Tamil Nadu,Free,Koffee Spotlight Lounge,Show,Reality,English,45
E11176,U1005,C102,play,2026-01-05,Smart TV,76,0,36-45,Male,Pune,Maharashtra,VIP,IPL Mega Auction Live Replay,Sports,Sports,Hindi,90
E11177,U1593,C154,pause,2026-02-04,Web,17,0,26-35,Female,Kolkata,West Bengal,Free,Elections Ground Pulse,News,News,Hindi,35
E11178,U1545,C120,complete,2026-02-23,Web,44,1,26-35,Other,Pune,Maharashtra,Free,Succession Politics India,Series,Drama,Hindi,45
E11179,U1621,C140,pause,2026-01-28,Mobile,16,0,18-25,Male,Bengaluru,Karnataka,VIP,Dance India Dance Championship,Show,Reality,Hindi,50
E11180,U1595,C104,play,2026-02-16,Web,21,0,46+,Female,Chennai,Tamil Nadu,VIP,IND vs ENG Test Day 3 Highlights,Sports,Sports,English,50
E11181,U1115,C118,pause,2026-01-07,Mobile,22,0,26-35,Female,Bengaluru,Karnataka,VIP,Kerala Waterfront Mystery,Series,Drama,Malayalam,48
E11182,U1245,C136,play,2026-01-22,Mobile,54,0,36-45,Female,Kolkata,West Bengal,Premium,Speed Street Heist,Movie,Action,English,120
E11183,U1219,C120,pause,2026-02-18,Smart TV,24,0,26-35,Female,Hyderabad,Telangana,VIP,Succession Politics India,Series,Drama,Hindi,45
E11184,U1097,C125,play,2026-01-20,Mobile,14,0,26-35,Male,Delhi,Delhi,Premium,Chennai Roast Arena,Show,Comedy,Tamil,40
E11185,U1709,C106,complete,2026-01-19,Smart TV,56,1,26-35,Male,Delhi,Delhi,Premium,WPL T20 Blockbuster Match,Sports,Sports,Hindi,60
E11186,U1106,C141,pause,2026-01-15,Mobile,27,0,18-25,Female,Lucknow,Uttar Pradesh,Free,Shark Pitch India S4,Show,Reality,Hindi,55
E11187,U1017,C108,play,2026-02-17,Mobile,12,0,36-45,Male,Hyderabad,Telangana,Free,ISL Football Clash of Titans,Sports,Sports,Bengali,60
E11188,U1659,C125,pause,2026-02-07,Mobile,22,0,26-35,Male,Mumbai,Maharashtra,Free,Chennai Roast Arena,Show,Comedy,Tamil,40
E11189,U1643,C113,pause,2026-02-03,Mobile,44,0,26-35,Male,Chennai,Tamil Nadu,Free,Kaithi Revenge Chronicles,Movie,Drama,Tamil,140
E11190,U1366,C123,pause,2026-01-14,Mobile,2,0,46+,Male,Jaipur,Rajasthan,VIP,Sarabhai Classic Revival,Series,Comedy,Hindi,25
E11191,U1156,C111,pause,2026-01-30,Smart TV,13,0,46+,Female,Mumbai,Maharashtra,Free,Yeh Rishta: Family Bonds,Show,Drama,Hindi,22
E11192,U1432,C133,play,2026-02-27,Mobile,23,0,36-45,Male,Ahmedabad,Gujarat,Free,Rudra: The Edge of Darkness,Series,Action,Hindi,48
E11193,U1158,C108,complete,2026-01-22,Smart TV,54,1,26-35,Female,Lucknow,Uttar Pradesh,VIP,ISL Football Clash of Titans,Sports,Sports,Bengali,60
E11194,U1385,C111,pause,2026-02-21,Tablet,9,0,26-35,Male,Delhi,Delhi,VIP,Yeh Rishta: Family Bonds,Show,Drama,Hindi,22
E11195,U1034,C128,complete,2026-02-14,Mobile,112,1,26-35,Male,Hyderabad,Telangana,Free,College Boys Chaos,Movie,Comedy,Hindi,115
E11196,U1701,C144,play,2026-01-18,Mobile,7,0,18-25,Male,Mumbai,Maharashtra,Free,Koffee Spotlight Lounge,Show,Reality,English,45
E11197,U1422,C104,play,2026-02-03,Mobile,5,0,26-35,Male,Chennai,Tamil Nadu,VIP,IND vs ENG Test Day 3 Highlights,Sports,Sports,English,50
E11198,U1225,C108,pause,2026-02-26,Mobile,19,0,18-25,Male,Patna,Bihar,VIP,ISL Football Clash of Titans,Sports,Sports,Bengali,60
E11199,U1593,C113,complete,2026-01-06,Smart TV,127,1,26-35,Female,Kolkata,West Bengal,Free,Kaithi Revenge Chronicles,Movie,Drama,Tamil,140
E11200,U1362,C104,pause,2026-01-28,Smart TV,16,0,18-25,Male,Chennai,Tamil Nadu,Free,IND vs ENG Test Day 3 Highlights,Sports,Sports,English,50
E11201,U1650,C104,play,2026-02-09,Web,10,0,26-35,Male,Delhi,Delhi,Premium,IND vs ENG Test Day 3 Highlights,Sports,Sports,English,50
E11202,U1571,C159,pause,2026-01-22,Mobile,5,0,36-45,Female,Hyderabad,Telangana,Free,Bengal Morning Bulletin,News,News,Bengali,25
E11203,U1385,C125,complete,2026-01-16,Tablet,39,1,26-35,Male,Delhi,Delhi,VIP,Chennai Roast Arena,Show,Comedy,Tamil,40
E11204,U1255,C135,play,2026-01-12,Mobile,19,0,18-25,Male,Hyderabad,Telangana,VIP,Fighter Wing Alpha,Movie,Action,Hindi,145
E11205,U1371,C113,pause,2026-01-28,Tablet,28,0,26-35,Male,Chennai,Tamil Nadu,Free,Kaithi Revenge Chronicles,Movie,Drama,Tamil,140
E11206,U1512,C104,complete,2026-02-22,Web,48,1,26-35,Female,Mumbai,Maharashtra,VIP,IND vs ENG Test Day 3 Highlights,Sports,Sports,English,50
E11207,U1125,C140,complete,2026-01-21,Smart TV,47,1,18-25,Male,Bengaluru,Karnataka,Premium,Dance India Dance Championship,Show,Reality,Hindi,50
E11208,U1582,C122,play,2026-01-21,Smart TV,5,0,26-35,Male,Bengaluru,Karnataka,Premium,Taarak Laugh Fest Episodes,Show,Comedy,Hindi,22
E11209,U1108,C140,pause,2026-02-03,Smart TV,28,0,18-25,Female,Ahmedabad,Gujarat,VIP,Dance India Dance Championship,Show,Reality,Hindi,50
E11210,U1737,C134,play,2026-01-31,Smart TV,40,0,18-25,Male,Chennai,Tamil Nadu,Free,Night Hunter Squad,Movie,Action,English,130
E11211,U1701,C143,complete,2026-02-23,Mobile,43,1,18-25,Male,Mumbai,Maharashtra,Free,Roadies Quest,Show,Reality,Hindi,45
E11212,U1566,C120,play,2026-01-26,Mobile,12,0,18-25,Female,Kolkata,West Bengal,Free,Succession Politics India,Series,Drama,Hindi,45
E11213,U1034,C118,complete,2026-01-18,Smart TV,45,1,26-35,Male,Hyderabad,Telangana,Free,Kerala Waterfront Mystery,Series,Drama,Malayalam,48
E11214,U1012,C137,pause,2026-01-21,Mobile,13,0,18-25,Male,Hyderabad,Telangana,VIP,Bigg Boss All-Stars Hindi,Show,Reality,Hindi,60
E11215,U1325,C117,pause,2026-01-29,Smart TV,16,0,26-35,Male,Kochi,Kerala,Free,Ghar Ek Mandir Classic,Show,Drama,Marathi,24
E11216,U1646,C104,complete,2026-02-16,Mobile,47,1,26-35,Male,Hyderabad,Telangana,Premium,IND vs ENG Test Day 3 Highlights,Sports,Sports,English,50
E11217,U1449,C153,play,2026-02-15,Web,16,0,18-25,Male,Hyderabad,Telangana,Premium,India at 2030: Space Ambitions,Show,News,English,50
E11218,U1370,C111,complete,2026-02-10,Smart TV,20,1,18-25,Male,Bengaluru,Karnataka,Free,Yeh Rishta: Family Bonds,Show,Drama,Hindi,22
E11219,U1256,C126,complete,2026-02-26,Mobile,28,1,26-35,Male,Hyderabad,Telangana,Free,Telugu Comedy Superstars,Show,Comedy,Telugu,30
E11220,U1569,C114,complete,2026-01-10,Smart TV,41,1,26-35,Male,Mumbai,Maharashtra,Premium,Telugu Royal Heritage,Series,Drama,Telugu,45
E11221,U1446,C129,complete,2026-02-04,Smart TV,144,1,26-35,Male,Delhi,Delhi,VIP,Tiger Underground Strike,Movie,Action,Hindi,155
E11222,U1579,C110,complete,2026-02-19,Mobile,22,1,36-45,Female,Delhi,Delhi,Free,Anupama: New Beginnings,Show,Drama,Hindi,25
E11223,U1586,C144,pause,2026-02-19,Smart TV,36,0,18-25,Male,Mumbai,Maharashtra,Premium,Koffee Spotlight Lounge,Show,Reality,English,45
E11224,U1339,C145,pause,2026-02-13,Mobile,26,0,18-25,Female,Chennai,Tamil Nadu,Free,Chhota Bheem Himalayan Tour,Movie,Kids,Hindi,85
E11225,U1725,C110,pause,2026-01-28,Smart TV,5,0,26-35,Female,Bengaluru,Karnataka,VIP,Anupama: New Beginnings,Show,Drama,Hindi,25
E11226,U1299,C123,pause,2026-01-02,Mobile,13,0,18-25,Male,Chennai,Tamil Nadu,Premium,Sarabhai Classic Revival,Series,Comedy,Hindi,25
E11227,U1430,C160,pause,2026-01-19,Tablet,9,0,46+,Female,Bengaluru,Karnataka,Premium,Maharashtra Maha News,News,News,Marathi,30
E11228,U1436,C132,complete,2026-02-19,Smart TV,41,1,46+,Female,Mumbai,Maharashtra,Premium,Commando Force Mumbai,Series,Action,Hindi,42
E11229,U1072,C106,pause,2026-02-11,Mobile,21,0,18-25,Female,Mumbai,Maharashtra,Free,WPL T20 Blockbuster Match,Sports,Sports,Hindi,60
E11230,U1744,C139,complete,2026-01-29,Smart TV,55,1,26-35,Male,Mumbai,Maharashtra,Premium,Bigg Boss Telugu Live,Show,Reality,Telugu,60
E11231,U1672,C160,complete,2026-02-06,Mobile,27,1,26-35,Male,Delhi,Delhi,VIP,Maharashtra Maha News,News,News,Marathi,30
E11232,U1255,C126,pause,2026-02-06,Smart TV,12,0,18-25,Male,Hyderabad,Telangana,VIP,Telugu Comedy Superstars,Show,Comedy,Telugu,30
E11233,U1217,C132,complete,2026-01-10,Mobile,39,1,18-25,Male,Patna,Bihar,Free,Commando Force Mumbai,Series,Action,Hindi,42
E11234,U1186,C108,complete,2026-02-12,Smart TV,56,1,46+,Male,Pune,Maharashtra,Free,ISL Football Clash of Titans,Sports,Sports,Bengali,60
E11235,U1138,C142,pause,2026-01-13,Web,23,0,18-25,Male,Kolkata,West Bengal,Free,Master Chef Kitchen Wars,Show,Reality,Hindi,45
E11236,U1588,C108,complete,2026-02-24,Mobile,57,1,26-35,Male,Kolkata,West Bengal,VIP,ISL Football Clash of Titans,Sports,Sports,Bengali,60
E11237,U1023,C105,complete,2026-03-01,Mobile,69,1,36-45,Male,Kolkata,West Bengal,VIP,Pro Kabaddi League Finals,Sports,Sports,Tamil,70
E11238,U1159,C108,play,2026-01-14,Mobile,12,0,26-35,Female,Jaipur,Rajasthan,VIP,ISL Football Clash of Titans,Sports,Sports,Bengali,60
E11239,U1587,C101,play,2026-01-02,Web,7,0,18-25,Male,Hyderabad,Telangana,VIP,IND vs AUS T20 Cup Highlights,Sports,Sports,Hindi,45
E11240,U1339,C139,complete,2026-01-26,Smart TV,56,1,18-25,Female,Chennai,Tamil Nadu,Free,Bigg Boss Telugu Live,Show,Reality,Telugu,60
E11241,U1137,C140,complete,2026-02-02,Smart TV,49,1,26-35,Female,Delhi,Delhi,VIP,Dance India Dance Championship,Show,Reality,Hindi,50
E11242,U1687,C138,pause,2026-02-08,Mobile,8,0,36-45,Female,Chennai,Tamil Nadu,Free,Bigg Boss Tamil Season 8,Show,Reality,Tamil,60
E11243,U1273,C160,complete,2026-02-02,Mobile,27,1,26-35,Other,Delhi,Delhi,Premium,Maharashtra Maha News,News,News,Marathi,30
E11244,U1274,C110,play,2026-01-26,Mobile,2,0,18-25,Male,Bengaluru,Karnataka,Free,Anupama: New Beginnings,Show,Drama,Hindi,25
E11245,U1720,C104,complete,2026-02-24,Mobile,45,1,26-35,Male,Chennai,Tamil Nadu,VIP,IND vs ENG Test Day 3 Highlights,Sports,Sports,English,50
E11246,U1497,C109,play,2026-01-02,Smart TV,32,0,26-35,Male,Bengaluru,Karnataka,Free,Special Ops: Desert Falcon,Series,Drama,Hindi,45
E11247,U1711,C111,complete,2026-01-16,Smart TV,20,1,18-25,Male,Bengaluru,Karnataka,VIP,Yeh Rishta: Family Bonds,Show,Drama,Hindi,22
E11248,U1120,C101,complete,2026-01-03,Mobile,42,1,26-35,Female,Mumbai,Maharashtra,Free,IND vs AUS T20 Cup Highlights,Sports,Sports,Hindi,45
E11249,U1038,C141,pause,2026-01-11,Web,17,0,18-25,Male,Chennai,Tamil Nadu,VIP,Shark Pitch India S4,Show,Reality,Hindi,55
E11250,U1317,C107,complete,2026-02-12,Mobile,39,1,36-45,Male,Kolkata,West Bengal,VIP,Champions Trophy Pre-Show,Sports,Sports,Telugu,40
E11251,U1123,C145,complete,2026-01-20,Mobile,80,1,18-25,Female,Ahmedabad,Gujarat,VIP,Chhota Bheem Himalayan Tour,Movie,Kids,Hindi,85
E11252,U1304,C116,pause,2026-01-02,Web,13,0,36-45,Female,Bengaluru,Karnataka,Free,Kolkata Love Diary,Movie,Drama,Bengali,125
E11253,U1672,C102,pause,2026-02-08,Web,10,0,26-35,Male,Delhi,Delhi,VIP,IPL Mega Auction Live Replay,Sports,Sports,Hindi,90
E11254,U1552,C107,complete,2026-01-27,Mobile,36,1,18-25,Female,Ahmedabad,Gujarat,VIP,Champions Trophy Pre-Show,Sports,Sports,Telugu,40
E11255,U1743,C105,pause,2026-01-09,Mobile,35,0,18-25,Female,Delhi,Delhi,VIP,Pro Kabaddi League Finals,Sports,Sports,Tamil,70
E11256,U1646,C141,pause,2026-01-21,Mobile,29,0,26-35,Male,Hyderabad,Telangana,Premium,Shark Pitch India S4,Show,Reality,Hindi,55
E11257,U1502,C116,play,2026-02-24,Smart TV,58,0,18-25,Female,Delhi,Delhi,Free,Kolkata Love Diary,Movie,Drama,Bengali,125
E11258,U1433,C105,play,2026-02-17,Mobile,10,0,18-25,Male,Kochi,Kerala,Premium,Pro Kabaddi League Finals,Sports,Sports,Tamil,70
E11259,U1062,C118,complete,2026-01-12,Web,44,1,18-25,Male,Chennai,Tamil Nadu,Free,Kerala Waterfront Mystery,Series,Drama,Malayalam,48
E11260,U1555,C112,complete,2026-02-03,Smart TV,47,1,26-35,Female,Jaipur,Rajasthan,VIP,City of Dreams: The Succession,Series,Drama,Hindi,50
E11261,U1439,C145,complete,2026-02-12,Smart TV,80,1,18-25,Male,Bengaluru,Karnataka,VIP,Chhota Bheem Himalayan Tour,Movie,Kids,Hindi,85
E11262,U1100,C138,pause,2026-02-20,Web,33,0,26-35,Female,Bengaluru,Karnataka,Free,Bigg Boss Tamil Season 8,Show,Reality,Tamil,60
E11263,U1137,C107,complete,2026-01-11,Mobile,39,1,26-35,Female,Delhi,Delhi,VIP,Champions Trophy Pre-Show,Sports,Sports,Telugu,40
E11264,U1300,C101,play,2026-02-06,Mobile,7,0,18-25,Female,Jaipur,Rajasthan,Free,IND vs AUS T20 Cup Highlights,Sports,Sports,Hindi,45
E11265,U1305,C159,complete,2026-02-17,Mobile,23,1,18-25,Other,Bengaluru,Karnataka,Free,Bengal Morning Bulletin,News,News,Bengali,25
E11266,U1204,C140,complete,2026-01-17,Web,49,1,26-35,Female,Hyderabad,Telangana,Premium,Dance India Dance Championship,Show,Reality,Hindi,50
E11267,U1255,C144,complete,2026-02-24,Smart TV,40,1,18-25,Male,Hyderabad,Telangana,VIP,Koffee Spotlight Lounge,Show,Reality,English,45
E11268,U1255,C125,complete,2026-02-04,Mobile,38,1,18-25,Male,Hyderabad,Telangana,VIP,Chennai Roast Arena,Show,Comedy,Tamil,40
E11269,U1085,C109,complete,2026-01-19,Mobile,42,1,26-35,Male,Delhi,Delhi,Free,Special Ops: Desert Falcon,Series,Drama,Hindi,45
E11270,U1085,C115,play,2026-02-02,Mobile,21,0,26-35,Male,Delhi,Delhi,Free,Bengal Courtroom Secrets,Series,Drama,Bengali,40
E11271,U1125,C142,complete,2026-02-13,Web,41,1,18-25,Male,Bengaluru,Karnataka,Premium,Master Chef Kitchen Wars,Show,Reality,Hindi,45
E11272,U1153,C101,complete,2026-01-10,Smart TV,43,1,18-25,Male,Delhi,Delhi,Premium,IND vs AUS T20 Cup Highlights,Sports,Sports,Hindi,45
E11273,U1429,C126,play,2026-02-03,Mobile,10,0,26-35,Male,Mumbai,Maharashtra,Free,Telugu Comedy Superstars,Show,Comedy,Telugu,30
E11274,U1114,C106,pause,2026-03-01,Smart TV,44,0,26-35,Male,Jaipur,Rajasthan,Free,WPL T20 Blockbuster Match,Sports,Sports,Hindi,60
E11275,U1569,C106,pause,2026-01-26,Web,35,0,26-35,Male,Mumbai,Maharashtra,Premium,WPL T20 Blockbuster Match,Sports,Sports,Hindi,60
E11276,U1220,C147,pause,2026-01-20,Tablet,8,0,26-35,Male,Chennai,Tamil Nadu,Free,Little Singham Rescue Mission,Series,Kids,Hindi,20
E11277,U1001,C110,complete,2026-02-09,Smart TV,24,1,26-35,Male,Delhi,Delhi,Free,Anupama: New Beginnings,Show,Drama,Hindi,25
E11278,U1450,C103,complete,2026-01-11,Smart TV,56,1,18-25,Female,Ahmedabad,Gujarat,Free,Premier League Weekly Showdown,Sports,Sports,English,60
E11279,U1581,C141,complete,2026-02-11,Tablet,53,1,46+,Male,Ahmedabad,Gujarat,VIP,Shark Pitch India S4,Show,Reality,Hindi,55
E11280,U1317,C130,complete,2026-01-18,Mobile,152,1,36-45,Male,Kolkata,West Bengal,VIP,Vikram: Shadow Commander,Movie,Action,Tamil,165
E11281,U1097,C118,complete,2026-01-14,Smart TV,46,1,26-35,Male,Delhi,Delhi,Premium,Kerala Waterfront Mystery,Series,Drama,Malayalam,48
E11282,U1339,C135,complete,2026-01-20,Smart TV,132,1,18-25,Female,Chennai,Tamil Nadu,Free,Fighter Wing Alpha,Movie,Action,Hindi,145
E11283,U1399,C140,complete,2026-02-22,Smart TV,47,1,18-25,Male,Bengaluru,Karnataka,VIP,Dance India Dance Championship,Show,Reality,Hindi,50
E11284,U1084,C138,complete,2026-02-28,Mobile,59,1,46+,Female,Hyderabad,Telangana,VIP,Bigg Boss Tamil Season 8,Show,Reality,Tamil,60
E11285,U1550,C144,complete,2026-01-17,Web,44,1,26-35,Male,Kochi,Kerala,VIP,Koffee Spotlight Lounge,Show,Reality,English,45
E11286,U1072,C121,play,2026-02-18,Smart TV,21,0,18-25,Female,Mumbai,Maharashtra,Free,The Great Indian Comedy Lab,Show,Comedy,Hindi,35
E11287,U1215,C125,play,2026-01-16,Mobile,22,0,46+,Male,Hyderabad,Telangana,VIP,Chennai Roast Arena,Show,Comedy,Tamil,40
E11288,U1658,C134,pause,2026-02-25,Web,44,0,18-25,Female,Mumbai,Maharashtra,VIP,Night Hunter Squad,Movie,Action,English,130
E11289,U1586,C143,pause,2026-02-12,Smart TV,26,0,18-25,Male,Mumbai,Maharashtra,Premium,Roadies Quest,Show,Reality,Hindi,45
E11290,U1632,C158,complete,2026-01-16,Mobile,29,1,18-25,Male,Chennai,Tamil Nadu,Free,State Express News Tamil,News,News,Tamil,30
E11291,U1444,C108,complete,2026-02-22,Mobile,59,1,46+,Female,Bengaluru,Karnataka,VIP,ISL Football Clash of Titans,Sports,Sports,Bengali,60
E11292,U1541,C128,complete,2026-03-01,Web,109,1,26-35,Female,Delhi,Delhi,VIP,College Boys Chaos,Movie,Comedy,Hindi,115
E11293,U1507,C102,pause,2026-01-07,Mobile,36,0,26-35,Male,Kolkata,West Bengal,Premium,IPL Mega Auction Live Replay,Sports,Sports,Hindi,90
E11294,U1079,C139,pause,2026-01-26,Mobile,31,0,46+,Male,Kochi,Kerala,Free,Bigg Boss Telugu Live,Show,Reality,Telugu,60
E11295,U1549,C102,complete,2026-02-25,Smart TV,85,1,18-25,Female,Kochi,Kerala,VIP,IPL Mega Auction Live Replay,Sports,Sports,Hindi,90
E11296,U1397,C151,play,2026-01-02,Web,16,0,26-35,Male,Mumbai,Maharashtra,VIP,Daily Headlines 360,News,News,Hindi,30
E11297,U1149,C107,complete,2026-01-27,Smart TV,37,1,46+,Male,Hyderabad,Telangana,Free,Champions Trophy Pre-Show,Sports,Sports,Telugu,40
E11298,U1604,C138,complete,2026-01-23,Web,58,1,18-25,Male,Bengaluru,Karnataka,Free,Bigg Boss Tamil Season 8,Show,Reality,Tamil,60
E11299,U1269,C155,play,2026-02-10,Mobile,12,0,36-45,Male,Kochi,Kerala,VIP,Wildlife Wonders: Western Ghats,Show,News,English,52
E11300,U1191,C141,pause,2026-01-26,Mobile,19,0,26-35,Female,Bengaluru,Karnataka,VIP,Shark Pitch India S4,Show,Reality,Hindi,55
E11301,U1570,C140,pause,2026-02-04,Mobile,6,0,18-25,Female,Mumbai,Maharashtra,VIP,Dance India Dance Championship,Show,Reality,Hindi,50
E11302,U1561,C143,play,2026-02-10,Mobile,5,0,26-35,Female,Mumbai,Maharashtra,Premium,Roadies Quest,Show,Reality,Hindi,45
E11303,U1305,C132,play,2026-02-01,Smart TV,11,0,18-25,Other,Bengaluru,Karnataka,Free,Commando Force Mumbai,Series,Action,Hindi,42
E11304,U1266,C141,pause,2026-01-08,Web,36,0,18-25,Female,Delhi,Delhi,VIP,Shark Pitch India S4,Show,Reality,Hindi,55
E11305,U1129,C113,pause,2026-01-12,Mobile,31,0,26-35,Male,Ahmedabad,Gujarat,Premium,Kaithi Revenge Chronicles,Movie,Drama,Tamil,140
E11306,U1301,C136,complete,2026-02-26,Mobile,115,1,36-45,Female,Mumbai,Maharashtra,Premium,Speed Street Heist,Movie,Action,English,120
E11307,U1505,C143,complete,2026-01-09,Mobile,42,1,18-25,Female,Hyderabad,Telangana,VIP,Roadies Quest,Show,Reality,Hindi,45
E11308,U1694,C104,pause,2026-02-06,Tablet,33,0,18-25,Female,Delhi,Delhi,Premium,IND vs ENG Test Day 3 Highlights,Sports,Sports,English,50
E11309,U1725,C114,pause,2026-01-18,Mobile,9,0,26-35,Female,Bengaluru,Karnataka,VIP,Telugu Royal Heritage,Series,Drama,Telugu,45
E11310,U1016,C109,complete,2026-01-29,Smart TV,44,1,36-45,Male,Mumbai,Maharashtra,Premium,Special Ops: Desert Falcon,Series,Drama,Hindi,45
E11311,U1493,C108,complete,2026-02-09,Mobile,54,1,26-35,Male,Bengaluru,Karnataka,Free,ISL Football Clash of Titans,Sports,Sports,Bengali,60
E11312,U1366,C120,pause,2026-02-03,Smart TV,11,0,46+,Male,Jaipur,Rajasthan,VIP,Succession Politics India,Series,Drama,Hindi,45
E11313,U1442,C132,play,2026-01-24,Web,22,0,18-25,Male,Mumbai,Maharashtra,VIP,Commando Force Mumbai,Series,Action,Hindi,42
E11314,U1607,C111,pause,2026-01-23,Mobile,12,0,36-45,Male,Mumbai,Maharashtra,Free,Yeh Rishta: Family Bonds,Show,Drama,Hindi,22
E11315,U1050,C136,play,2026-02-07,Mobile,51,0,26-35,Female,Kolkata,West Bengal,Free,Speed Street Heist,Movie,Action,English,120
E11316,U1087,C158,pause,2026-02-21,Smart TV,13,0,26-35,Female,Hyderabad,Telangana,Free,State Express News Tamil,News,News,Tamil,30
E11317,U1623,C109,play,2026-01-15,Mobile,25,0,26-35,Female,Delhi,Delhi,VIP,Special Ops: Desert Falcon,Series,Drama,Hindi,45
E11318,U1356,C129,pause,2026-01-11,Mobile,50,0,18-25,Male,Hyderabad,Telangana,VIP,Tiger Underground Strike,Movie,Action,Hindi,155
E11319,U1015,C120,play,2026-01-05,Smart TV,20,0,26-35,Female,Pune,Maharashtra,Free,Succession Politics India,Series,Drama,Hindi,45
E11320,U1519,C103,complete,2026-02-16,Smart TV,59,1,26-35,Male,Bengaluru,Karnataka,VIP,Premier League Weekly Showdown,Sports,Sports,English,60
E11321,U1017,C130,pause,2026-02-12,Mobile,23,0,36-45,Male,Hyderabad,Telangana,Free,Vikram: Shadow Commander,Movie,Action,Tamil,165
E11322,U1344,C126,complete,2026-02-26,Smart TV,28,1,46+,Female,Delhi,Delhi,VIP,Telugu Comedy Superstars,Show,Comedy,Telugu,30
E11323,U1386,C118,play,2026-02-09,Smart TV,26,0,46+,Female,Kolkata,West Bengal,Free,Kerala Waterfront Mystery,Series,Drama,Malayalam,48
E11324,U1032,C139,pause,2026-01-27,Smart TV,9,0,26-35,Female,Mumbai,Maharashtra,VIP,Bigg Boss Telugu Live,Show,Reality,Telugu,60
E11325,U1556,C138,pause,2026-01-12,Mobile,27,0,18-25,Male,Pune,Maharashtra,VIP,Bigg Boss Tamil Season 8,Show,Reality,Tamil,60
E11326,U1019,C150,complete,2026-01-26,Smart TV,20,1,18-25,Female,Jaipur,Rajasthan,Free,Super Bheem Galactic Battle,Series,Kids,Telugu,22
E11327,U1435,C153,pause,2026-01-22,Mobile,21,0,18-25,Male,Bengaluru,Karnataka,Free,India at 2030: Space Ambitions,Show,News,English,50
E11328,U1125,C113,complete,2026-01-06,Mobile,129,1,18-25,Male,Bengaluru,Karnataka,Premium,Kaithi Revenge Chronicles,Movie,Drama,Tamil,140
E11329,U1126,C118,pause,2026-02-18,Mobile,18,0,26-35,Male,Bengaluru,Karnataka,Premium,Kerala Waterfront Mystery,Series,Drama,Malayalam,48
E11330,U1061,C110,complete,2026-02-13,Web,23,1,26-35,Female,Mumbai,Maharashtra,Premium,Anupama: New Beginnings,Show,Drama,Hindi,25
E11331,U1283,C107,pause,2026-01-02,Tablet,4,0,18-25,Female,Pune,Maharashtra,VIP,Champions Trophy Pre-Show,Sports,Sports,Telugu,40
E11332,U1602,C128,complete,2026-02-10,Mobile,105,1,26-35,Female,Mumbai,Maharashtra,Premium,College Boys Chaos,Movie,Comedy,Hindi,115
E11333,U1467,C107,play,2026-02-08,Mobile,20,0,18-25,Male,Bengaluru,Karnataka,Free,Champions Trophy Pre-Show,Sports,Sports,Telugu,40
E11334,U1284,C107,pause,2026-02-22,Mobile,18,0,18-25,Female,Bengaluru,Karnataka,Free,Champions Trophy Pre-Show,Sports,Sports,Telugu,40
E11335,U1620,C102,play,2026-02-21,Mobile,50,0,26-35,Female,Delhi,Delhi,Premium,IPL Mega Auction Live Replay,Sports,Sports,Hindi,90
E11336,U1701,C150,pause,2026-01-07,Mobile,8,0,18-25,Male,Mumbai,Maharashtra,Free,Super Bheem Galactic Battle,Series,Kids,Telugu,22
E11337,U1378,C131,play,2026-02-05,Tablet,113,0,26-35,Male,Chennai,Tamil Nadu,VIP,Devara Storm Rising,Movie,Action,Telugu,160
E11338,U1628,C140,pause,2026-01-10,Web,6,0,36-45,Male,Mumbai,Maharashtra,VIP,Dance India Dance Championship,Show,Reality,Hindi,50
E11339,U1169,C142,play,2026-02-28,Mobile,11,0,36-45,Female,Kolkata,West Bengal,Free,Master Chef Kitchen Wars,Show,Reality,Hindi,45
E11340,U1365,C143,play,2026-01-06,Smart TV,24,0,18-25,Female,Delhi,Delhi,VIP,Roadies Quest,Show,Reality,Hindi,45
E11341,U1505,C114,pause,2026-02-04,Mobile,15,0,18-25,Female,Hyderabad,Telangana,VIP,Telugu Royal Heritage,Series,Drama,Telugu,45
E11342,U1488,C112,pause,2026-01-26,Mobile,11,0,18-25,Male,Hyderabad,Telangana,Free,City of Dreams: The Succession,Series,Drama,Hindi,50
E11343,U1331,C103,complete,2026-02-09,Mobile,57,1,26-35,Female,Mumbai,Maharashtra,VIP,Premier League Weekly Showdown,Sports,Sports,English,60
E11344,U1295,C123,complete,2026-01-04,Smart TV,24,1,18-25,Male,Bengaluru,Karnataka,VIP,Sarabhai Classic Revival,Series,Comedy,Hindi,25
E11345,U1400,C102,complete,2026-02-27,Web,86,1,18-25,Female,Lucknow,Uttar Pradesh,Free,IPL Mega Auction Live Replay,Sports,Sports,Hindi,90
E11346,U1433,C107,complete,2026-01-20,Mobile,36,1,18-25,Male,Kochi,Kerala,Premium,Champions Trophy Pre-Show,Sports,Sports,Telugu,40
E11347,U1292,C115,pause,2026-02-02,Mobile,16,0,36-45,Male,Chennai,Tamil Nadu,VIP,Bengal Courtroom Secrets,Series,Drama,Bengali,40
E11348,U1399,C107,pause,2026-01-12,Mobile,21,0,18-25,Male,Bengaluru,Karnataka,VIP,Champions Trophy Pre-Show,Sports,Sports,Telugu,40
E11349,U1673,C137,complete,2026-02-10,Mobile,55,1,26-35,Male,Pune,Maharashtra,VIP,Bigg Boss All-Stars Hindi,Show,Reality,Hindi,60
E11350,U1465,C102,pause,2026-02-27,Mobile,12,0,26-35,Female,Mumbai,Maharashtra,Premium,IPL Mega Auction Live Replay,Sports,Sports,Hindi,90
E11351,U1169,C142,play,2026-01-24,Web,30,0,36-45,Female,Kolkata,West Bengal,Free,Master Chef Kitchen Wars,Show,Reality,Hindi,45
E11352,U1690,C118,pause,2026-03-01,Mobile,18,0,36-45,Female,Delhi,Delhi,VIP,Kerala Waterfront Mystery,Series,Drama,Malayalam,48
E11353,U1321,C129,play,2026-02-17,Web,32,0,18-25,Male,Pune,Maharashtra,Premium,Tiger Underground Strike,Movie,Action,Hindi,155
E11354,U1687,C118,play,2026-01-13,Mobile,12,0,36-45,Female,Chennai,Tamil Nadu,Free,Kerala Waterfront Mystery,Series,Drama,Malayalam,48
E11355,U1618,C123,play,2026-01-29,Smart TV,10,0,18-25,Male,Pune,Maharashtra,VIP,Sarabhai Classic Revival,Series,Comedy,Hindi,25
E11356,U1087,C136,complete,2026-02-20,Mobile,109,1,26-35,Female,Hyderabad,Telangana,Free,Speed Street Heist,Movie,Action,English,120
E11357,U1373,C107,play,2026-03-01,Mobile,8,0,18-25,Female,Bengaluru,Karnataka,VIP,Champions Trophy Pre-Show,Sports,Sports,Telugu,40
E11358,U1533,C112,play,2026-01-26,Mobile,10,0,18-25,Female,Chennai,Tamil Nadu,Free,City of Dreams: The Succession,Series,Drama,Hindi,50
E11359,U1621,C145,pause,2026-01-03,Tablet,36,0,18-25,Male,Bengaluru,Karnataka,VIP,Chhota Bheem Himalayan Tour,Movie,Kids,Hindi,85
E11360,U1357,C104,play,2026-02-21,Mobile,8,0,18-25,Female,Hyderabad,Telangana,Free,IND vs ENG Test Day 3 Highlights,Sports,Sports,English,50
E11361,U1043,C120,play,2026-02-12,Mobile,13,0,26-35,Male,Delhi,Delhi,Free,Succession Politics India,Series,Drama,Hindi,45
E11362,U1700,C140,complete,2026-02-06,Mobile,46,1,36-45,Male,Delhi,Delhi,Premium,Dance India Dance Championship,Show,Reality,Hindi,50
E11363,U1011,C106,complete,2026-01-30,Web,55,1,18-25,Male,Delhi,Delhi,VIP,WPL T20 Blockbuster Match,Sports,Sports,Hindi,60
E11364,U1138,C133,complete,2026-01-05,Mobile,44,1,18-25,Male,Kolkata,West Bengal,Free,Rudra: The Edge of Darkness,Series,Action,Hindi,48
E11365,U1157,C132,pause,2026-02-23,Mobile,3,0,26-35,Female,Lucknow,Uttar Pradesh,Free,Commando Force Mumbai,Series,Action,Hindi,42
E11366,U1175,C126,complete,2026-01-04,Smart TV,29,1,18-25,Female,Bengaluru,Karnataka,Premium,Telugu Comedy Superstars,Show,Comedy,Telugu,30
E11367,U1071,C103,complete,2026-02-16,Mobile,58,1,26-35,Female,Mumbai,Maharashtra,Premium,Premier League Weekly Showdown,Sports,Sports,English,60
E11368,U1700,C116,complete,2026-01-25,Mobile,115,1,36-45,Male,Delhi,Delhi,Premium,Kolkata Love Diary,Movie,Drama,Bengali,125
E11369,U1002,C103,play,2026-01-03,Mobile,30,0,18-25,Female,Chennai,Tamil Nadu,VIP,Premier League Weekly Showdown,Sports,Sports,English,60
E11370,U1429,C103,pause,2026-01-19,Smart TV,48,0,26-35,Male,Mumbai,Maharashtra,Free,Premier League Weekly Showdown,Sports,Sports,English,60
E11371,U1523,C117,complete,2026-01-17,Web,22,1,26-35,Female,Delhi,Delhi,Free,Ghar Ek Mandir Classic,Show,Drama,Marathi,24
E11372,U1258,C159,pause,2026-01-24,Mobile,3,0,26-35,Female,Delhi,Delhi,Free,Bengal Morning Bulletin,News,News,Bengali,25
E11373,U1155,C112,pause,2026-01-11,Smart TV,20,0,36-45,Male,Mumbai,Maharashtra,Free,City of Dreams: The Succession,Series,Drama,Hindi,50
E11374,U1280,C101,complete,2026-02-15,Web,42,1,36-45,Female,Patna,Bihar,Free,IND vs AUS T20 Cup Highlights,Sports,Sports,Hindi,45
E11375,U1666,C143,complete,2026-01-14,Tablet,43,1,46+,Male,Patna,Bihar,Premium,Roadies Quest,Show,Reality,Hindi,45
E11376,U1706,C119,pause,2026-01-24,Mobile,16,0,36-45,Female,Delhi,Delhi,Free,The Crown Dynasty Legacy,Series,Drama,English,55
E11377,U1253,C134,play,2026-02-06,Mobile,26,0,26-35,Male,Bengaluru,Karnataka,Free,Night Hunter Squad,Movie,Action,English,130
E11378,U1135,C144,pause,2026-02-18,Smart TV,35,0,26-35,Female,Mumbai,Maharashtra,Free,Koffee Spotlight Lounge,Show,Reality,English,45
E11379,U1598,C116,complete,2026-02-04,Mobile,118,1,18-25,Female,Delhi,Delhi,VIP,Kolkata Love Diary,Movie,Drama,Bengali,125
E11380,U1497,C112,pause,2026-01-14,Web,22,0,26-35,Male,Bengaluru,Karnataka,Free,City of Dreams: The Succession,Series,Drama,Hindi,50
E11381,U1253,C146,play,2026-01-02,Smart TV,32,0,26-35,Male,Bengaluru,Karnataka,Free,Motu Patlu Space Adventure,Movie,Kids,Hindi,75
E11382,U1531,C117,complete,2026-02-06,Smart TV,23,1,36-45,Female,Hyderabad,Telangana,VIP,Ghar Ek Mandir Classic,Show,Drama,Marathi,24
E11383,U1585,C133,pause,2026-01-16,Smart TV,10,0,26-35,Female,Mumbai,Maharashtra,VIP,Rudra: The Edge of Darkness,Series,Action,Hindi,48
E11384,U1656,C105,complete,2026-02-09,Web,69,1,18-25,Female,Hyderabad,Telangana,VIP,Pro Kabaddi League Finals,Sports,Sports,Tamil,70
E11385,U1401,C132,complete,2026-01-02,Mobile,38,1,36-45,Male,Hyderabad,Telangana,VIP,Commando Force Mumbai,Series,Action,Hindi,42
E11386,U1006,C144,play,2026-01-13,Mobile,10,0,18-25,Male,Pune,Maharashtra,Free,Koffee Spotlight Lounge,Show,Reality,English,45
E11387,U1563,C154,complete,2026-01-21,Mobile,33,1,46+,Female,Delhi,Delhi,Premium,Elections Ground Pulse,News,News,Hindi,35
E11388,U1444,C142,pause,2026-02-05,Mobile,10,0,46+,Female,Bengaluru,Karnataka,VIP,Master Chef Kitchen Wars,Show,Reality,Hindi,45
E11389,U1111,C145,complete,2026-01-27,Mobile,84,1,18-25,Male,Mumbai,Maharashtra,VIP,Chhota Bheem Himalayan Tour,Movie,Kids,Hindi,85
E11390,U1110,C127,play,2026-01-08,Mobile,12,0,26-35,Male,Hyderabad,Telangana,VIP,Pune Pun Factory,Show,Comedy,Marathi,30
E11391,U1506,C106,pause,2026-01-25,Mobile,8,0,36-45,Male,Kolkata,West Bengal,Premium,WPL T20 Blockbuster Match,Sports,Sports,Hindi,60
E11392,U1362,C140,pause,2026-02-06,Smart TV,19,0,18-25,Male,Chennai,Tamil Nadu,Free,Dance India Dance Championship,Show,Reality,Hindi,50
E11393,U1124,C146,play,2026-01-06,Tablet,35,0,36-45,Female,Mumbai,Maharashtra,VIP,Motu Patlu Space Adventure,Movie,Kids,Hindi,75
E11394,U1671,C103,complete,2026-01-10,Mobile,56,1,18-25,Male,Delhi,Delhi,VIP,Premier League Weekly Showdown,Sports,Sports,English,60
E11395,U1071,C150,complete,2026-01-19,Tablet,21,1,26-35,Female,Mumbai,Maharashtra,Premium,Super Bheem Galactic Battle,Series,Kids,Telugu,22
E11396,U1544,C153,pause,2026-02-27,Mobile,23,0,36-45,Male,Delhi,Delhi,Premium,India at 2030: Space Ambitions,Show,News,English,50
E11397,U1447,C159,complete,2026-02-03,Mobile,23,1,36-45,Male,Kolkata,West Bengal,Premium,Bengal Morning Bulletin,News,News,Bengali,25
E11398,U1678,C101,complete,2026-02-14,Mobile,43,1,26-35,Female,Ahmedabad,Gujarat,Premium,IND vs AUS T20 Cup Highlights,Sports,Sports,Hindi,45
E11399,U1227,C120,complete,2026-02-18,Mobile,43,1,18-25,Female,Pune,Maharashtra,VIP,Succession Politics India,Series,Drama,Hindi,45
E11400,U1502,C134,complete,2026-03-01,Mobile,128,1,18-25,Female,Delhi,Delhi,Free,Night Hunter Squad,Movie,Action,English,130
E11401,U1469,C138,complete,2026-01-25,Mobile,59,1,26-35,Male,Mumbai,Maharashtra,VIP,Bigg Boss Tamil Season 8,Show,Reality,Tamil,60
E11402,U1295,C136,complete,2026-02-02,Mobile,112,1,18-25,Male,Bengaluru,Karnataka,VIP,Speed Street Heist,Movie,Action,English,120
E11403,U1643,C140,complete,2026-02-16,Mobile,49,1,26-35,Male,Chennai,Tamil Nadu,Free,Dance India Dance Championship,Show,Reality,Hindi,50
E11404,U1188,C107,complete,2026-02-12,Mobile,37,1,26-35,Female,Hyderabad,Telangana,Premium,Champions Trophy Pre-Show,Sports,Sports,Telugu,40
E11405,U1055,C134,play,2026-02-21,Mobile,17,0,18-25,Female,Delhi,Delhi,Free,Night Hunter Squad,Movie,Action,English,130
E11406,U1579,C109,complete,2026-01-16,Mobile,43,1,36-45,Female,Delhi,Delhi,Free,Special Ops: Desert Falcon,Series,Drama,Hindi,45
E11407,U1591,C144,complete,2026-02-25,Mobile,44,1,18-25,Male,Mumbai,Maharashtra,VIP,Koffee Spotlight Lounge,Show,Reality,English,45
E11408,U1680,C103,pause,2026-01-22,Smart TV,49,0,26-35,Male,Jaipur,Rajasthan,VIP,Premier League Weekly Showdown,Sports,Sports,English,60
E11409,U1594,C104,play,2026-01-06,Mobile,8,0,18-25,Female,Delhi,Delhi,Free,IND vs ENG Test Day 3 Highlights,Sports,Sports,English,50
E11410,U1127,C137,complete,2026-01-14,Mobile,58,1,26-35,Male,Kolkata,West Bengal,Premium,Bigg Boss All-Stars Hindi,Show,Reality,Hindi,60
E11411,U1030,C103,pause,2026-02-01,Mobile,18,0,18-25,Male,Chennai,Tamil Nadu,Free,Premier League Weekly Showdown,Sports,Sports,English,60
E11412,U1460,C107,pause,2026-01-12,Mobile,20,0,26-35,Male,Mumbai,Maharashtra,Free,Champions Trophy Pre-Show,Sports,Sports,Telugu,40
E11413,U1385,C103,complete,2026-02-06,Tablet,59,1,26-35,Male,Delhi,Delhi,VIP,Premier League Weekly Showdown,Sports,Sports,English,60
E11414,U1726,C137,complete,2026-01-21,Smart TV,55,1,36-45,Male,Ahmedabad,Gujarat,VIP,Bigg Boss All-Stars Hindi,Show,Reality,Hindi,60
E11415,U1571,C109,pause,2026-02-10,Mobile,10,0,36-45,Female,Hyderabad,Telangana,Free,Special Ops: Desert Falcon,Series,Drama,Hindi,45
E11416,U1211,C119,play,2026-02-13,Web,22,0,26-35,Female,Bengaluru,Karnataka,Premium,The Crown Dynasty Legacy,Series,Drama,English,55
E11417,U1178,C139,complete,2026-02-16,Mobile,56,1,26-35,Female,Chennai,Tamil Nadu,VIP,Bigg Boss Telugu Live,Show,Reality,Telugu,60
E11418,U1038,C139,pause,2026-02-17,Mobile,31,0,18-25,Male,Chennai,Tamil Nadu,VIP,Bigg Boss Telugu Live,Show,Reality,Telugu,60
E11419,U1512,C113,pause,2026-01-05,Smart TV,88,0,26-35,Female,Mumbai,Maharashtra,VIP,Kaithi Revenge Chronicles,Movie,Drama,Tamil,140
E11420,U1432,C138,pause,2026-01-20,Mobile,29,0,36-45,Male,Ahmedabad,Gujarat,Free,Bigg Boss Tamil Season 8,Show,Reality,Tamil,60
E11421,U1579,C113,complete,2026-01-03,Tablet,134,1,36-45,Female,Delhi,Delhi,Free,Kaithi Revenge Chronicles,Movie,Drama,Tamil,140
E11422,U1528,C118,complete,2026-01-26,Web,47,1,18-25,Male,Delhi,Delhi,Premium,Kerala Waterfront Mystery,Series,Drama,Malayalam,48
E11423,U1355,C147,complete,2026-01-27,Mobile,19,1,46+,Male,Lucknow,Uttar Pradesh,Free,Little Singham Rescue Mission,Series,Kids,Hindi,20
E11424,U1711,C144,complete,2026-01-10,Smart TV,44,1,18-25,Male,Bengaluru,Karnataka,VIP,Koffee Spotlight Lounge,Show,Reality,English,45
E11425,U1301,C101,complete,2026-02-07,Smart TV,41,1,36-45,Female,Mumbai,Maharashtra,Premium,IND vs AUS T20 Cup Highlights,Sports,Sports,Hindi,45
E11426,U1710,C108,pause,2026-02-01,Mobile,12,0,26-35,Female,Delhi,Delhi,Premium,ISL Football Clash of Titans,Sports,Sports,Bengali,60
E11427,U1297,C113,pause,2026-02-16,Tablet,34,0,26-35,Male,Pune,Maharashtra,VIP,Kaithi Revenge Chronicles,Movie,Drama,Tamil,140
E11428,U1379,C119,pause,2026-01-07,Web,26,0,18-25,Female,Bengaluru,Karnataka,VIP,The Crown Dynasty Legacy,Series,Drama,English,55
E11429,U1042,C114,complete,2026-02-01,Mobile,41,1,26-35,Female,Mumbai,Maharashtra,Free,Telugu Royal Heritage,Series,Drama,Telugu,45
E11430,U1607,C118,complete,2026-02-10,Mobile,43,1,36-45,Male,Mumbai,Maharashtra,Free,Kerala Waterfront Mystery,Series,Drama,Malayalam,48
E11431,U1230,C131,pause,2026-01-24,Smart TV,80,0,18-25,Male,Mumbai,Maharashtra,Free,Devara Storm Rising,Movie,Action,Telugu,160
E11432,U1610,C144,pause,2026-01-27,Mobile,4,0,18-25,Other,Bengaluru,Karnataka,Premium,Koffee Spotlight Lounge,Show,Reality,English,45
E11433,U1175,C152,pause,2026-02-27,Smart TV,19,0,18-25,Female,Bengaluru,Karnataka,Premium,Global Tech & Economy Report,News,News,English,25
E11434,U1726,C140,complete,2026-01-13,Smart TV,46,1,36-45,Male,Ahmedabad,Gujarat,VIP,Dance India Dance Championship,Show,Reality,Hindi,50
E11435,U1678,C155,complete,2026-02-15,Smart TV,51,1,26-35,Female,Ahmedabad,Gujarat,Premium,Wildlife Wonders: Western Ghats,Show,News,English,52
E11436,U1449,C109,complete,2026-01-02,Web,42,1,18-25,Male,Hyderabad,Telangana,Premium,Special Ops: Desert Falcon,Series,Drama,Hindi,45
E11437,U1231,C145,complete,2026-02-03,Mobile,79,1,26-35,Male,Mumbai,Maharashtra,Free,Chhota Bheem Himalayan Tour,Movie,Kids,Hindi,85
E11438,U1374,C131,pause,2026-02-19,Web,39,0,26-35,Male,Mumbai,Maharashtra,VIP,Devara Storm Rising,Movie,Action,Telugu,160
E11439,U1134,C140,complete,2026-01-31,Smart TV,48,1,26-35,Female,Delhi,Delhi,VIP,Dance India Dance Championship,Show,Reality,Hindi,50
E11440,U1175,C132,pause,2026-01-18,Mobile,13,0,18-25,Female,Bengaluru,Karnataka,Premium,Commando Force Mumbai,Series,Action,Hindi,42
E11441,U1716,C123,play,2026-01-13,Mobile,4,0,18-25,Female,Jaipur,Rajasthan,Premium,Sarabhai Classic Revival,Series,Comedy,Hindi,25
E11442,U1717,C130,pause,2026-02-21,Mobile,73,0,36-45,Male,Delhi,Delhi,Free,Vikram: Shadow Commander,Movie,Action,Tamil,165
E11443,U1381,C110,pause,2026-01-14,Mobile,12,0,26-35,Male,Hyderabad,Telangana,Premium,Anupama: New Beginnings,Show,Drama,Hindi,25
E11444,U1099,C101,pause,2026-02-28,Smart TV,7,0,46+,Female,Hyderabad,Telangana,VIP,IND vs AUS T20 Cup Highlights,Sports,Sports,Hindi,45
E11445,U1744,C120,complete,2026-01-21,Mobile,42,1,26-35,Male,Mumbai,Maharashtra,Premium,Succession Politics India,Series,Drama,Hindi,45
E11446,U1069,C111,pause,2026-01-09,Mobile,6,0,36-45,Female,Ahmedabad,Gujarat,Premium,Yeh Rishta: Family Bonds,Show,Drama,Hindi,22
E11447,U1238,C101,complete,2026-01-10,Mobile,42,1,26-35,Male,Kolkata,West Bengal,Premium,IND vs AUS T20 Cup Highlights,Sports,Sports,Hindi,45
E11448,U1234,C137,pause,2026-01-21,Smart TV,35,0,46+,Male,Bengaluru,Karnataka,Free,Bigg Boss All-Stars Hindi,Show,Reality,Hindi,60
E11449,U1465,C139,complete,2026-01-03,Smart TV,58,1,26-35,Female,Mumbai,Maharashtra,Premium,Bigg Boss Telugu Live,Show,Reality,Telugu,60
E11450,U1670,C102,complete,2026-01-05,Smart TV,81,1,18-25,Male,Chennai,Tamil Nadu,VIP,IPL Mega Auction Live Replay,Sports,Sports,Hindi,90
E11451,U1097,C104,pause,2026-01-23,Mobile,6,0,26-35,Male,Delhi,Delhi,Premium,IND vs ENG Test Day 3 Highlights,Sports,Sports,English,50
E11452,U1253,C118,complete,2026-02-03,Smart TV,45,1,26-35,Male,Bengaluru,Karnataka,Free,Kerala Waterfront Mystery,Series,Drama,Malayalam,48
E11453,U1314,C141,complete,2026-01-14,Smart TV,49,1,26-35,Female,Bengaluru,Karnataka,Premium,Shark Pitch India S4,Show,Reality,Hindi,55
E11454,U1340,C105,complete,2026-02-11,Web,64,1,18-25,Male,Kolkata,West Bengal,Premium,Pro Kabaddi League Finals,Sports,Sports,Tamil,70
E11455,U1521,C101,pause,2026-02-18,Smart TV,21,0,18-25,Male,Kolkata,West Bengal,Free,IND vs AUS T20 Cup Highlights,Sports,Sports,Hindi,45
E11456,U1163,C106,complete,2026-02-18,Web,55,1,18-25,Other,Bengaluru,Karnataka,Premium,WPL T20 Blockbuster Match,Sports,Sports,Hindi,60
E11457,U1479,C117,complete,2026-02-15,Mobile,21,1,26-35,Male,Lucknow,Uttar Pradesh,VIP,Ghar Ek Mandir Classic,Show,Drama,Marathi,24
E11458,U1536,C127,pause,2026-01-01,Mobile,5,0,18-25,Male,Mumbai,Maharashtra,Free,Pune Pun Factory,Show,Comedy,Marathi,30
E11459,U1265,C103,pause,2026-01-10,Web,34,0,18-25,Female,Bengaluru,Karnataka,VIP,Premier League Weekly Showdown,Sports,Sports,English,60
E11460,U1408,C148,complete,2026-02-02,Smart TV,19,1,36-45,Male,Chennai,Tamil Nadu,Free,Doraemon Magic Gadgets,Series,Kids,Hindi,20
E11461,U1295,C143,complete,2026-02-27,Smart TV,41,1,18-25,Male,Bengaluru,Karnataka,VIP,Roadies Quest,Show,Reality,Hindi,45
E11462,U1187,C105,complete,2026-02-11,Mobile,67,1,26-35,Female,Ahmedabad,Gujarat,Premium,Pro Kabaddi League Finals,Sports,Sports,Tamil,70
E11463,U1511,C140,complete,2026-01-07,Mobile,46,1,26-35,Male,Kochi,Kerala,VIP,Dance India Dance Championship,Show,Reality,Hindi,50
E11464,U1562,C144,play,2026-02-13,Mobile,20,0,26-35,Male,Kochi,Kerala,Free,Koffee Spotlight Lounge,Show,Reality,English,45
E11465,U1148,C130,pause,2026-02-26,Mobile,66,0,26-35,Female,Delhi,Delhi,VIP,Vikram: Shadow Commander,Movie,Action,Tamil,165
E11466,U1671,C110,complete,2026-01-12,Mobile,23,1,18-25,Male,Delhi,Delhi,VIP,Anupama: New Beginnings,Show,Drama,Hindi,25
E11467,U1650,C108,complete,2026-01-26,Web,55,1,26-35,Male,Delhi,Delhi,Premium,ISL Football Clash of Titans,Sports,Sports,Bengali,60
E11468,U1456,C106,play,2026-02-24,Mobile,13,0,18-25,Female,Bengaluru,Karnataka,Free,WPL T20 Blockbuster Match,Sports,Sports,Hindi,60
E11469,U1702,C103,complete,2026-01-04,Mobile,54,1,18-25,Female,Chennai,Tamil Nadu,VIP,Premier League Weekly Showdown,Sports,Sports,English,60
E11470,U1647,C152,complete,2026-02-06,Web,23,1,26-35,Female,Ahmedabad,Gujarat,Free,Global Tech & Economy Report,News,News,English,25
E11471,U1719,C104,play,2026-01-24,Mobile,28,0,26-35,Female,Patna,Bihar,Premium,IND vs ENG Test Day 3 Highlights,Sports,Sports,English,50
E11472,U1049,C119,pause,2026-01-17,Mobile,29,0,26-35,Female,Mumbai,Maharashtra,Free,The Crown Dynasty Legacy,Series,Drama,English,55
E11473,U1346,C150,pause,2026-02-13,Tablet,3,0,36-45,Male,Bengaluru,Karnataka,VIP,Super Bheem Galactic Battle,Series,Kids,Telugu,22
E11474,U1599,C145,complete,2026-02-16,Web,77,1,46+,Male,Kochi,Kerala,Free,Chhota Bheem Himalayan Tour,Movie,Kids,Hindi,85
E11475,U1166,C144,play,2026-01-31,Smart TV,14,0,36-45,Male,Mumbai,Maharashtra,Free,Koffee Spotlight Lounge,Show,Reality,English,45
E11476,U1040,C136,pause,2026-01-28,Mobile,32,0,18-25,Female,Bengaluru,Karnataka,Free,Speed Street Heist,Movie,Action,English,120
E11477,U1627,C118,pause,2026-02-19,Tablet,6,0,18-25,Female,Pune,Maharashtra,Free,Kerala Waterfront Mystery,Series,Drama,Malayalam,48
E11478,U1664,C137,complete,2026-02-12,Smart TV,55,1,36-45,Male,Delhi,Delhi,Premium,Bigg Boss All-Stars Hindi,Show,Reality,Hindi,60
E11479,U1197,C144,play,2026-02-25,Mobile,3,0,18-25,Male,Bengaluru,Karnataka,VIP,Koffee Spotlight Lounge,Show,Reality,English,45
E11480,U1429,C144,play,2026-02-17,Smart TV,31,0,26-35,Male,Mumbai,Maharashtra,Free,Koffee Spotlight Lounge,Show,Reality,English,45
E11481,U1028,C116,complete,2026-01-11,Smart TV,118,1,46+,Female,Lucknow,Uttar Pradesh,VIP,Kolkata Love Diary,Movie,Drama,Bengali,125
E11482,U1283,C147,complete,2026-02-10,Smart TV,18,1,18-25,Female,Pune,Maharashtra,VIP,Little Singham Rescue Mission,Series,Kids,Hindi,20
E11483,U1261,C107,pause,2026-02-22,Mobile,10,0,18-25,Female,Delhi,Delhi,VIP,Champions Trophy Pre-Show,Sports,Sports,Telugu,40
E11484,U1512,C146,complete,2026-01-06,Smart TV,74,1,26-35,Female,Mumbai,Maharashtra,VIP,Motu Patlu Space Adventure,Movie,Kids,Hindi,75
E11485,U1456,C145,play,2026-02-25,Mobile,26,0,18-25,Female,Bengaluru,Karnataka,Free,Chhota Bheem Himalayan Tour,Movie,Kids,Hindi,85
E11486,U1518,C146,pause,2026-01-22,Mobile,42,0,18-25,Male,Kochi,Kerala,Free,Motu Patlu Space Adventure,Movie,Kids,Hindi,75
E11487,U1411,C142,play,2026-01-14,Mobile,6,0,18-25,Female,Jaipur,Rajasthan,Premium,Master Chef Kitchen Wars,Show,Reality,Hindi,45
E11488,U1622,C117,pause,2026-02-03,Web,16,0,18-25,Female,Mumbai,Maharashtra,Premium,Ghar Ek Mandir Classic,Show,Drama,Marathi,24
E11489,U1067,C101,pause,2026-02-15,Web,8,0,18-25,Female,Jaipur,Rajasthan,VIP,IND vs AUS T20 Cup Highlights,Sports,Sports,Hindi,45
E11490,U1595,C123,play,2026-02-03,Mobile,6,0,46+,Female,Chennai,Tamil Nadu,VIP,Sarabhai Classic Revival,Series,Comedy,Hindi,25
E11491,U1502,C117,play,2026-01-15,Smart TV,14,0,18-25,Female,Delhi,Delhi,Free,Ghar Ek Mandir Classic,Show,Drama,Marathi,24
E11492,U1485,C120,pause,2026-02-20,Web,9,0,18-25,Male,Ahmedabad,Gujarat,Free,Succession Politics India,Series,Drama,Hindi,45
E11493,U1725,C141,pause,2026-02-18,Mobile,23,0,26-35,Female,Bengaluru,Karnataka,VIP,Shark Pitch India S4,Show,Reality,Hindi,55
E11494,U1305,C142,complete,2026-01-02,Mobile,44,1,18-25,Other,Bengaluru,Karnataka,Free,Master Chef Kitchen Wars,Show,Reality,Hindi,45
E11495,U1011,C112,pause,2026-01-29,Mobile,20,0,18-25,Male,Delhi,Delhi,VIP,City of Dreams: The Succession,Series,Drama,Hindi,50
E11496,U1711,C119,pause,2026-01-25,Mobile,23,0,18-25,Male,Bengaluru,Karnataka,VIP,The Crown Dynasty Legacy,Series,Drama,English,55
E11497,U1284,C113,pause,2026-02-13,Smart TV,81,0,18-25,Female,Bengaluru,Karnataka,Free,Kaithi Revenge Chronicles,Movie,Drama,Tamil,140
E11498,U1374,C102,complete,2026-02-25,Mobile,87,1,26-35,Male,Mumbai,Maharashtra,VIP,IPL Mega Auction Live Replay,Sports,Sports,Hindi,90
E11499,U1602,C139,complete,2026-02-26,Smart TV,57,1,26-35,Female,Mumbai,Maharashtra,Premium,Bigg Boss Telugu Live,Show,Reality,Telugu,60
E11500,U1267,C156,complete,2026-02-01,Mobile,40,1,18-25,Female,Kolkata,West Bengal,Free,Cricket Icons: The Untold Story,Show,News,Hindi,45
E11501,U1574,C104,complete,2026-02-23,Mobile,46,1,18-25,Male,Kolkata,West Bengal,VIP,IND vs ENG Test Day 3 Highlights,Sports,Sports,English,50
E11502,U1545,C149,play,2026-01-03,Mobile,3,0,26-35,Other,Pune,Maharashtra,Free,Shinchan Laugh Club,Series,Kids,Tamil,20
E11503,U1238,C127,complete,2026-01-07,Smart TV,28,1,26-35,Male,Kolkata,West Bengal,Premium,Pune Pun Factory,Show,Comedy,Marathi,30
E11504,U1006,C105,pause,2026-02-02,Web,45,0,18-25,Male,Pune,Maharashtra,Free,Pro Kabaddi League Finals,Sports,Sports,Tamil,70
E11505,U1123,C111,play,2026-01-17,Smart TV,11,0,18-25,Female,Ahmedabad,Gujarat,VIP,Yeh Rishta: Family Bonds,Show,Drama,Hindi,22
E11506,U1444,C136,pause,2026-01-19,Mobile,26,0,46+,Female,Bengaluru,Karnataka,VIP,Speed Street Heist,Movie,Action,English,120
E11507,U1455,C119,pause,2026-01-16,Smart TV,9,0,26-35,Male,Delhi,Delhi,Free,The Crown Dynasty Legacy,Series,Drama,English,55
E11508,U1004,C140,pause,2026-01-12,Web,27,0,26-35,Female,Bengaluru,Karnataka,Free,Dance India Dance Championship,Show,Reality,Hindi,50
E11509,U1154,C144,complete,2026-02-21,Smart TV,43,1,26-35,Female,Pune,Maharashtra,VIP,Koffee Spotlight Lounge,Show,Reality,English,45
E11510,U1537,C148,complete,2026-02-08,Mobile,19,1,18-25,Female,Hyderabad,Telangana,Free,Doraemon Magic Gadgets,Series,Kids,Hindi,20
E11511,U1429,C120,pause,2026-02-14,Mobile,3,0,26-35,Male,Mumbai,Maharashtra,Free,Succession Politics India,Series,Drama,Hindi,45
E11512,U1280,C127,complete,2026-02-14,Mobile,28,1,36-45,Female,Patna,Bihar,Free,Pune Pun Factory,Show,Comedy,Marathi,30
E11513,U1320,C103,pause,2026-02-28,Mobile,15,0,26-35,Male,Mumbai,Maharashtra,VIP,Premier League Weekly Showdown,Sports,Sports,English,60
E11514,U1171,C150,complete,2026-01-12,Mobile,19,1,46+,Female,Delhi,Delhi,Free,Super Bheem Galactic Battle,Series,Kids,Telugu,22
E11515,U1506,C120,complete,2026-01-05,Tablet,41,1,36-45,Male,Kolkata,West Bengal,Premium,Succession Politics India,Series,Drama,Hindi,45
E11516,U1725,C134,complete,2026-01-13,Smart TV,117,1,26-35,Female,Bengaluru,Karnataka,VIP,Night Hunter Squad,Movie,Action,English,130
E11517,U1101,C105,complete,2026-02-20,Smart TV,63,1,26-35,Male,Delhi,Delhi,VIP,Pro Kabaddi League Finals,Sports,Sports,Tamil,70
E11518,U1008,C125,play,2026-01-21,Mobile,9,0,26-35,Male,Lucknow,Uttar Pradesh,Free,Chennai Roast Arena,Show,Comedy,Tamil,40
E11519,U1693,C144,complete,2026-01-31,Web,42,1,18-25,Female,Lucknow,Uttar Pradesh,Premium,Koffee Spotlight Lounge,Show,Reality,English,45
E11520,U1147,C107,pause,2026-02-12,Smart TV,29,0,46+,Male,Delhi,Delhi,VIP,Champions Trophy Pre-Show,Sports,Sports,Telugu,40
E11521,U1085,C124,complete,2026-01-05,Web,61,1,26-35,Male,Delhi,Delhi,Free,Standup Special: Bangalore Humor,Show,Comedy,English,65
E11522,U1430,C110,pause,2026-01-17,Smart TV,9,0,46+,Female,Bengaluru,Karnataka,Premium,Anupama: New Beginnings,Show,Drama,Hindi,25
E11523,U1305,C139,complete,2026-01-13,Mobile,56,1,18-25,Other,Bengaluru,Karnataka,Free,Bigg Boss Telugu Live,Show,Reality,Telugu,60
E11524,U1511,C150,play,2026-01-09,Mobile,11,0,26-35,Male,Kochi,Kerala,VIP,Super Bheem Galactic Battle,Series,Kids,Telugu,22
E11525,U1364,C153,complete,2026-02-10,Mobile,49,1,36-45,Male,Kochi,Kerala,Premium,India at 2030: Space Ambitions,Show,News,English,50
E11526,U1109,C130,pause,2026-01-05,Mobile,48,0,26-35,Female,Delhi,Delhi,Free,Vikram: Shadow Commander,Movie,Action,Tamil,165
E11527,U1428,C137,pause,2026-01-18,Smart TV,8,0,18-25,Other,Lucknow,Uttar Pradesh,Free,Bigg Boss All-Stars Hindi,Show,Reality,Hindi,60
E11528,U1355,C141,complete,2026-01-21,Web,52,1,46+,Male,Lucknow,Uttar Pradesh,Free,Shark Pitch India S4,Show,Reality,Hindi,55
E11529,U1693,C143,play,2026-02-07,Mobile,20,0,18-25,Female,Lucknow,Uttar Pradesh,Premium,Roadies Quest,Show,Reality,Hindi,45
E11530,U1533,C149,pause,2026-01-06,Smart TV,10,0,18-25,Female,Chennai,Tamil Nadu,Free,Shinchan Laugh Club,Series,Kids,Tamil,20
E11531,U1529,C157,pause,2026-03-01,Mobile,4,0,46+,Male,Bengaluru,Karnataka,Free,Startup Founders Blueprint,Show,News,English,40
E11532,U1196,C112,complete,2026-02-28,Mobile,49,1,26-35,Female,Bengaluru,Karnataka,Free,City of Dreams: The Succession,Series,Drama,Hindi,50
E11533,U1169,C107,complete,2026-02-13,Tablet,37,1,36-45,Female,Kolkata,West Bengal,Free,Champions Trophy Pre-Show,Sports,Sports,Telugu,40
E11534,U1311,C111,play,2026-01-09,Mobile,10,0,36-45,Male,Mumbai,Maharashtra,Premium,Yeh Rishta: Family Bonds,Show,Drama,Hindi,22
E11535,U1605,C136,pause,2026-01-14,Mobile,52,0,26-35,Male,Hyderabad,Telangana,VIP,Speed Street Heist,Movie,Action,English,120
E11536,U1602,C129,pause,2026-01-14,Mobile,80,0,26-35,Female,Mumbai,Maharashtra,Premium,Tiger Underground Strike,Movie,Action,Hindi,155
E11537,U1453,C132,pause,2026-01-26,Mobile,20,0,18-25,Female,Mumbai,Maharashtra,Premium,Commando Force Mumbai,Series,Action,Hindi,42
E11538,U1366,C111,complete,2026-02-08,Smart TV,20,1,46+,Male,Jaipur,Rajasthan,VIP,Yeh Rishta: Family Bonds,Show,Drama,Hindi,22
E11539,U1047,C105,pause,2026-02-21,Mobile,19,0,18-25,Male,Patna,Bihar,Free,Pro Kabaddi League Finals,Sports,Sports,Tamil,70
E11540,U1701,C150,pause,2026-02-06,Mobile,8,0,18-25,Male,Mumbai,Maharashtra,Free,Super Bheem Galactic Battle,Series,Kids,Telugu,22
E11541,U1319,C111,pause,2026-01-28,Tablet,9,0,36-45,Male,Pune,Maharashtra,VIP,Yeh Rishta: Family Bonds,Show,Drama,Hindi,22
E11542,U1294,C105,complete,2026-01-04,Mobile,68,1,18-25,Male,Kolkata,West Bengal,VIP,Pro Kabaddi League Finals,Sports,Sports,Tamil,70
E11543,U1024,C103,pause,2026-02-17,Mobile,8,0,36-45,Female,Bengaluru,Karnataka,Free,Premier League Weekly Showdown,Sports,Sports,English,60
E11544,U1523,C108,pause,2026-02-09,Web,5,0,26-35,Female,Delhi,Delhi,Free,ISL Football Clash of Titans,Sports,Sports,Bengali,60
E11545,U1550,C112,complete,2026-02-18,Mobile,48,1,26-35,Male,Kochi,Kerala,VIP,City of Dreams: The Succession,Series,Drama,Hindi,50
E11546,U1192,C127,complete,2026-01-21,Web,28,1,18-25,Male,Mumbai,Maharashtra,Free,Pune Pun Factory,Show,Comedy,Marathi,30
E11547,U1579,C107,complete,2026-01-02,Tablet,38,1,36-45,Female,Delhi,Delhi,Free,Champions Trophy Pre-Show,Sports,Sports,Telugu,40
E11548,U1714,C104,pause,2026-01-07,Smart TV,15,0,18-25,Male,Patna,Bihar,VIP,IND vs ENG Test Day 3 Highlights,Sports,Sports,English,50
E11549,U1175,C118,play,2026-01-18,Mobile,25,0,18-25,Female,Bengaluru,Karnataka,Premium,Kerala Waterfront Mystery,Series,Drama,Malayalam,48
E11550,U1069,C109,pause,2026-01-14,Mobile,17,0,36-45,Female,Ahmedabad,Gujarat,Premium,Special Ops: Desert Falcon,Series,Drama,Hindi,45
E11551,U1162,C143,play,2026-02-24,Mobile,6,0,18-25,Female,Bengaluru,Karnataka,VIP,Roadies Quest,Show,Reality,Hindi,45
E11552,U1465,C117,complete,2026-02-01,Mobile,23,1,26-35,Female,Mumbai,Maharashtra,Premium,Ghar Ek Mandir Classic,Show,Drama,Marathi,24
E11553,U1332,C144,complete,2026-01-25,Mobile,42,1,18-25,Female,Hyderabad,Telangana,Premium,Koffee Spotlight Lounge,Show,Reality,English,45
E11554,U1633,C131,play,2026-01-25,Mobile,60,0,18-25,Male,Hyderabad,Telangana,VIP,Devara Storm Rising,Movie,Action,Telugu,160
E11555,U1115,C118,complete,2026-02-15,Mobile,44,1,26-35,Female,Bengaluru,Karnataka,VIP,Kerala Waterfront Mystery,Series,Drama,Malayalam,48
E11556,U1214,C109,complete,2026-03-01,Smart TV,40,1,46+,Male,Delhi,Delhi,Free,Special Ops: Desert Falcon,Series,Drama,Hindi,45
E11557,U1429,C133,pause,2026-01-24,Mobile,4,0,26-35,Male,Mumbai,Maharashtra,Free,Rudra: The Edge of Darkness,Series,Action,Hindi,48
E11558,U1288,C123,pause,2026-01-15,Smart TV,4,0,26-35,Male,Mumbai,Maharashtra,VIP,Sarabhai Classic Revival,Series,Comedy,Hindi,25
E11559,U1194,C148,complete,2026-02-07,Mobile,18,1,18-25,Female,Bengaluru,Karnataka,VIP,Doraemon Magic Gadgets,Series,Kids,Hindi,20
E11560,U1490,C130,pause,2026-02-18,Web,110,0,18-25,Female,Mumbai,Maharashtra,Free,Vikram: Shadow Commander,Movie,Action,Tamil,165
E11561,U1158,C137,pause,2026-02-03,Mobile,21,0,26-35,Female,Lucknow,Uttar Pradesh,VIP,Bigg Boss All-Stars Hindi,Show,Reality,Hindi,60
E11562,U1699,C120,play,2026-01-15,Mobile,9,0,18-25,Female,Bengaluru,Karnataka,VIP,Succession Politics India,Series,Drama,Hindi,45
E11563,U1308,C106,pause,2026-02-20,Mobile,23,0,26-35,Female,Jaipur,Rajasthan,Free,WPL T20 Blockbuster Match,Sports,Sports,Hindi,60
E11564,U1594,C153,complete,2026-01-28,Web,47,1,18-25,Female,Delhi,Delhi,Free,India at 2030: Space Ambitions,Show,News,English,50
E11565,U1675,C109,complete,2026-01-05,Web,43,1,18-25,Male,Mumbai,Maharashtra,Free,Special Ops: Desert Falcon,Series,Drama,Hindi,45
E11566,U1587,C111,complete,2026-02-05,Smart TV,21,1,18-25,Male,Hyderabad,Telangana,VIP,Yeh Rishta: Family Bonds,Show,Drama,Hindi,22
E11567,U1577,C138,pause,2026-02-24,Mobile,12,0,46+,Male,Ahmedabad,Gujarat,Premium,Bigg Boss Tamil Season 8,Show,Reality,Tamil,60
E11568,U1117,C111,complete,2026-01-26,Web,21,1,18-25,Male,Delhi,Delhi,Premium,Yeh Rishta: Family Bonds,Show,Drama,Hindi,22
E11569,U1092,C102,complete,2026-02-23,Mobile,88,1,18-25,Male,Pune,Maharashtra,Free,IPL Mega Auction Live Replay,Sports,Sports,Hindi,90
E11570,U1278,C140,play,2026-01-11,Mobile,21,0,26-35,Male,Jaipur,Rajasthan,VIP,Dance India Dance Championship,Show,Reality,Hindi,50
E11571,U1485,C139,pause,2026-02-21,Mobile,4,0,18-25,Male,Ahmedabad,Gujarat,Free,Bigg Boss Telugu Live,Show,Reality,Telugu,60
E11572,U1374,C139,pause,2026-02-11,Smart TV,46,0,26-35,Male,Mumbai,Maharashtra,VIP,Bigg Boss Telugu Live,Show,Reality,Telugu,60
E11573,U1706,C115,play,2026-02-03,Smart TV,26,0,36-45,Female,Delhi,Delhi,Free,Bengal Courtroom Secrets,Series,Drama,Bengali,40
E11574,U1701,C106,complete,2026-01-05,Web,54,1,18-25,Male,Mumbai,Maharashtra,Free,WPL T20 Blockbuster Match,Sports,Sports,Hindi,60
E11575,U1454,C116,pause,2026-01-24,Mobile,35,0,18-25,Other,Bengaluru,Karnataka,Free,Kolkata Love Diary,Movie,Drama,Bengali,125
E11576,U1015,C123,complete,2026-02-18,Smart TV,24,1,26-35,Female,Pune,Maharashtra,Free,Sarabhai Classic Revival,Series,Comedy,Hindi,25
E11577,U1101,C144,pause,2026-01-16,Smart TV,26,0,26-35,Male,Delhi,Delhi,VIP,Koffee Spotlight Lounge,Show,Reality,English,45
E11578,U1097,C147,complete,2026-02-15,Web,18,1,26-35,Male,Delhi,Delhi,Premium,Little Singham Rescue Mission,Series,Kids,Hindi,20
E11579,U1355,C145,play,2026-02-27,Mobile,8,0,46+,Male,Lucknow,Uttar Pradesh,Free,Chhota Bheem Himalayan Tour,Movie,Kids,Hindi,85
E11580,U1484,C104,complete,2026-02-26,Mobile,49,1,18-25,Other,Kolkata,West Bengal,VIP,IND vs ENG Test Day 3 Highlights,Sports,Sports,English,50
E11581,U1499,C119,complete,2026-01-31,Smart TV,52,1,26-35,Male,Mumbai,Maharashtra,Free,The Crown Dynasty Legacy,Series,Drama,English,55
E11582,U1024,C158,complete,2026-01-20,Web,27,1,36-45,Female,Bengaluru,Karnataka,Free,State Express News Tamil,News,News,Tamil,30
E11583,U1694,C106,complete,2026-01-18,Tablet,58,1,18-25,Female,Delhi,Delhi,Premium,WPL T20 Blockbuster Match,Sports,Sports,Hindi,60
E11584,U1038,C124,complete,2026-01-22,Smart TV,61,1,18-25,Male,Chennai,Tamil Nadu,VIP,Standup Special: Bangalore Humor,Show,Comedy,English,65
E11585,U1602,C121,complete,2026-02-03,Smart TV,31,1,26-35,Female,Mumbai,Maharashtra,Premium,The Great Indian Comedy Lab,Show,Comedy,Hindi,35
E11586,U1444,C145,complete,2026-02-12,Smart TV,80,1,46+,Female,Bengaluru,Karnataka,VIP,Chhota Bheem Himalayan Tour,Movie,Kids,Hindi,85
E11587,U1592,C138,complete,2026-03-01,Smart TV,59,1,26-35,Female,Kolkata,West Bengal,Free,Bigg Boss Tamil Season 8,Show,Reality,Tamil,60
E11588,U1622,C114,pause,2026-02-18,Smart TV,26,0,18-25,Female,Mumbai,Maharashtra,Premium,Telugu Royal Heritage,Series,Drama,Telugu,45
E11589,U1689,C104,pause,2026-01-09,Mobile,4,0,46+,Female,Mumbai,Maharashtra,Free,IND vs ENG Test Day 3 Highlights,Sports,Sports,English,50
E11590,U1135,C128,pause,2026-01-17,Mobile,17,0,26-35,Female,Mumbai,Maharashtra,Free,College Boys Chaos,Movie,Comedy,Hindi,115
E11591,U1743,C108,complete,2026-02-16,Tablet,54,1,18-25,Female,Delhi,Delhi,VIP,ISL Football Clash of Titans,Sports,Sports,Bengali,60
E11592,U1366,C103,pause,2026-01-06,Mobile,32,0,46+,Male,Jaipur,Rajasthan,VIP,Premier League Weekly Showdown,Sports,Sports,English,60
E11593,U1509,C142,pause,2026-01-17,Mobile,11,0,26-35,Female,Pune,Maharashtra,Free,Master Chef Kitchen Wars,Show,Reality,Hindi,45
E11594,U1438,C127,pause,2026-01-10,Web,13,0,18-25,Male,Hyderabad,Telangana,VIP,Pune Pun Factory,Show,Comedy,Marathi,30
E11595,U1507,C143,play,2026-01-16,Smart TV,31,0,26-35,Male,Kolkata,West Bengal,Premium,Roadies Quest,Show,Reality,Hindi,45
E11596,U1157,C101,complete,2026-02-01,Mobile,42,1,26-35,Female,Lucknow,Uttar Pradesh,Free,IND vs AUS T20 Cup Highlights,Sports,Sports,Hindi,45
E11597,U1726,C159,pause,2026-02-22,Mobile,11,0,36-45,Male,Ahmedabad,Gujarat,VIP,Bengal Morning Bulletin,News,News,Bengali,25
E11598,U1101,C108,play,2026-03-01,Smart TV,17,0,26-35,Male,Delhi,Delhi,VIP,ISL Football Clash of Titans,Sports,Sports,Bengali,60
E11599,U1065,C127,pause,2026-01-06,Mobile,8,0,36-45,Male,Delhi,Delhi,Free,Pune Pun Factory,Show,Comedy,Marathi,30
E11600,U1170,C132,play,2026-01-04,Web,23,0,18-25,Male,Jaipur,Rajasthan,VIP,Commando Force Mumbai,Series,Action,Hindi,42
E11601,U1331,C142,play,2026-01-08,Mobile,4,0,26-35,Female,Mumbai,Maharashtra,VIP,Master Chef Kitchen Wars,Show,Reality,Hindi,45
E11602,U1228,C123,pause,2026-01-28,Tablet,8,0,36-45,Male,Mumbai,Maharashtra,Free,Sarabhai Classic Revival,Series,Comedy,Hindi,25
E11603,U1640,C112,complete,2026-01-21,Smart TV,45,1,18-25,Other,Delhi,Delhi,Premium,City of Dreams: The Succession,Series,Drama,Hindi,50
E11604,U1450,C143,complete,2026-01-10,Mobile,43,1,18-25,Female,Ahmedabad,Gujarat,Free,Roadies Quest,Show,Reality,Hindi,45
E11605,U1411,C123,pause,2026-01-04,Mobile,12,0,18-25,Female,Jaipur,Rajasthan,Premium,Sarabhai Classic Revival,Series,Comedy,Hindi,25
E11606,U1001,C107,play,2026-02-22,Mobile,10,0,26-35,Male,Delhi,Delhi,Free,Champions Trophy Pre-Show,Sports,Sports,Telugu,40
E11607,U1536,C134,complete,2026-01-07,Mobile,121,1,18-25,Male,Mumbai,Maharashtra,Free,Night Hunter Squad,Movie,Action,English,130
E11608,U1023,C129,pause,2026-01-11,Tablet,98,0,36-45,Male,Kolkata,West Bengal,VIP,Tiger Underground Strike,Movie,Action,Hindi,155
E11609,U1676,C142,complete,2026-02-23,Mobile,41,1,18-25,Male,Mumbai,Maharashtra,VIP,Master Chef Kitchen Wars,Show,Reality,Hindi,45
E11610,U1400,C142,complete,2026-01-17,Mobile,43,1,18-25,Female,Lucknow,Uttar Pradesh,Free,Master Chef Kitchen Wars,Show,Reality,Hindi,45
E11611,U1109,C140,pause,2026-01-26,Mobile,9,0,26-35,Female,Delhi,Delhi,Free,Dance India Dance Championship,Show,Reality,Hindi,50
E11612,U1642,C134,pause,2026-01-19,Smart TV,49,0,26-35,Female,Kolkata,West Bengal,Premium,Night Hunter Squad,Movie,Action,English,130
E11613,U1499,C142,play,2026-02-12,Mobile,21,0,26-35,Male,Mumbai,Maharashtra,Free,Master Chef Kitchen Wars,Show,Reality,Hindi,45
E11614,U1242,C109,complete,2026-02-07,Mobile,40,1,46+,Male,Ahmedabad,Gujarat,Free,Special Ops: Desert Falcon,Series,Drama,Hindi,45
E11615,U1663,C106,complete,2026-01-19,Tablet,58,1,26-35,Female,Delhi,Delhi,VIP,WPL T20 Blockbuster Match,Sports,Sports,Hindi,60
E11616,U1586,C136,pause,2026-02-11,Smart TV,52,0,18-25,Male,Mumbai,Maharashtra,Premium,Speed Street Heist,Movie,Action,English,120
E11617,U1507,C135,complete,2026-02-27,Smart TV,140,1,26-35,Male,Kolkata,West Bengal,Premium,Fighter Wing Alpha,Movie,Action,Hindi,145
E11618,U1360,C102,complete,2026-01-03,Mobile,81,1,26-35,Male,Delhi,Delhi,VIP,IPL Mega Auction Live Replay,Sports,Sports,Hindi,90
E11619,U1633,C141,play,2026-02-20,Mobile,17,0,18-25,Male,Hyderabad,Telangana,VIP,Shark Pitch India S4,Show,Reality,Hindi,55
E11620,U1542,C114,complete,2026-01-28,Mobile,44,1,26-35,Female,Pune,Maharashtra,Free,Telugu Royal Heritage,Series,Drama,Telugu,45
E11621,U1503,C154,play,2026-01-11,Smart TV,8,0,46+,Male,Kolkata,West Bengal,VIP,Elections Ground Pulse,News,News,Hindi,35
E11622,U1713,C118,play,2026-01-16,Mobile,7,0,36-45,Female,Hyderabad,Telangana,Free,Kerala Waterfront Mystery,Series,Drama,Malayalam,48
E11623,U1387,C123,complete,2026-01-03,Mobile,22,1,26-35,Female,Patna,Bihar,VIP,Sarabhai Classic Revival,Series,Comedy,Hindi,25
E11624,U1586,C132,pause,2026-01-31,Smart TV,16,0,18-25,Male,Mumbai,Maharashtra,Premium,Commando Force Mumbai,Series,Action,Hindi,42
E11625,U1587,C156,complete,2026-02-24,Mobile,43,1,18-25,Male,Hyderabad,Telangana,VIP,Cricket Icons: The Untold Story,Show,News,Hindi,45
E11626,U1560,C124,pause,2026-02-09,Mobile,37,0,26-35,Male,Kolkata,West Bengal,Free,Standup Special: Bangalore Humor,Show,Comedy,English,65
E11627,U1135,C140,complete,2026-02-07,Smart TV,49,1,26-35,Female,Mumbai,Maharashtra,Free,Dance India Dance Championship,Show,Reality,Hindi,50
E11628,U1416,C126,complete,2026-01-27,Smart TV,27,1,18-25,Female,Lucknow,Uttar Pradesh,Premium,Telugu Comedy Superstars,Show,Comedy,Telugu,30
E11629,U1446,C155,pause,2026-02-26,Mobile,14,0,26-35,Male,Delhi,Delhi,VIP,Wildlife Wonders: Western Ghats,Show,News,English,52
E11630,U1461,C109,pause,2026-02-11,Mobile,13,0,26-35,Male,Chennai,Tamil Nadu,Premium,Special Ops: Desert Falcon,Series,Drama,Hindi,45
E11631,U1642,C142,complete,2026-01-01,Smart TV,42,1,26-35,Female,Kolkata,West Bengal,Premium,Master Chef Kitchen Wars,Show,Reality,Hindi,45
E11632,U1401,C102,complete,2026-01-28,Tablet,84,1,36-45,Male,Hyderabad,Telangana,VIP,IPL Mega Auction Live Replay,Sports,Sports,Hindi,90
E11633,U1029,C103,complete,2026-01-27,Web,59,1,18-25,Female,Jaipur,Rajasthan,Premium,Premier League Weekly Showdown,Sports,Sports,English,60
E11634,U1011,C144,play,2026-02-12,Smart TV,31,0,18-25,Male,Delhi,Delhi,VIP,Koffee Spotlight Lounge,Show,Reality,English,45
E11635,U1030,C159,pause,2026-01-16,Mobile,5,0,18-25,Male,Chennai,Tamil Nadu,Free,Bengal Morning Bulletin,News,News,Bengali,25
E11636,U1697,C117,complete,2026-01-01,Smart TV,23,1,18-25,Male,Lucknow,Uttar Pradesh,Free,Ghar Ek Mandir Classic,Show,Drama,Marathi,24
E11637,U1522,C103,pause,2026-02-17,Smart TV,7,0,26-35,Female,Mumbai,Maharashtra,Premium,Premier League Weekly Showdown,Sports,Sports,English,60
E11638,U1556,C107,complete,2026-01-28,Mobile,36,1,18-25,Male,Pune,Maharashtra,VIP,Champions Trophy Pre-Show,Sports,Sports,Telugu,40
E11639,U1142,C106,pause,2026-02-05,Mobile,13,0,26-35,Male,Kochi,Kerala,VIP,WPL T20 Blockbuster Match,Sports,Sports,Hindi,60
E11640,U1483,C103,complete,2026-01-16,Mobile,59,1,36-45,Female,Chennai,Tamil Nadu,Free,Premier League Weekly Showdown,Sports,Sports,English,60
E11641,U1041,C140,complete,2026-02-18,Smart TV,45,1,26-35,Female,Patna,Bihar,Free,Dance India Dance Championship,Show,Reality,Hindi,50
E11642,U1343,C105,pause,2026-02-12,Smart TV,32,0,46+,Female,Pune,Maharashtra,VIP,Pro Kabaddi League Finals,Sports,Sports,Tamil,70
E11643,U1465,C140,complete,2026-02-21,Mobile,45,1,26-35,Female,Mumbai,Maharashtra,Premium,Dance India Dance Championship,Show,Reality,Hindi,50
E11644,U1128,C152,play,2026-02-19,Smart TV,14,0,26-35,Female,Pune,Maharashtra,VIP,Global Tech & Economy Report,News,News,English,25
E11645,U1058,C103,complete,2026-02-04,Mobile,58,1,18-25,Male,Lucknow,Uttar Pradesh,Premium,Premier League Weekly Showdown,Sports,Sports,English,60
E11646,U1135,C159,complete,2026-01-25,Smart TV,23,1,26-35,Female,Mumbai,Maharashtra,Free,Bengal Morning Bulletin,News,News,Bengali,25
E11647,U1598,C119,pause,2026-02-09,Web,18,0,18-25,Female,Delhi,Delhi,VIP,The Crown Dynasty Legacy,Series,Drama,English,55
E11648,U1482,C140,complete,2026-01-15,Smart TV,49,1,18-25,Male,Mumbai,Maharashtra,Free,Dance India Dance Championship,Show,Reality,Hindi,50
E11649,U1631,C150,complete,2026-01-21,Smart TV,20,1,26-35,Male,Hyderabad,Telangana,VIP,Super Bheem Galactic Battle,Series,Kids,Telugu,22
E11650,U1487,C108,pause,2026-02-12,Mobile,4,0,18-25,Other,Chennai,Tamil Nadu,Free,ISL Football Clash of Titans,Sports,Sports,Bengali,60
E11651,U1701,C133,play,2026-01-06,Mobile,27,0,18-25,Male,Mumbai,Maharashtra,Free,Rudra: The Edge of Darkness,Series,Action,Hindi,48
E11652,U1091,C104,pause,2026-02-05,Mobile,18,0,26-35,Female,Delhi,Delhi,Premium,IND vs ENG Test Day 3 Highlights,Sports,Sports,English,50
E11653,U1748,C138,play,2026-01-21,Mobile,5,0,26-35,Female,Chennai,Tamil Nadu,VIP,Bigg Boss Tamil Season 8,Show,Reality,Tamil,60
E11654,U1175,C126,complete,2026-01-20,Mobile,27,1,18-25,Female,Bengaluru,Karnataka,Premium,Telugu Comedy Superstars,Show,Comedy,Telugu,30
E11655,U1506,C160,pause,2026-02-24,Smart TV,25,0,36-45,Male,Kolkata,West Bengal,Premium,Maharashtra Maha News,News,News,Marathi,30
E11656,U1312,C103,complete,2026-01-20,Mobile,55,1,26-35,Female,Chennai,Tamil Nadu,VIP,Premier League Weekly Showdown,Sports,Sports,English,60
E11657,U1305,C101,complete,2026-01-09,Mobile,40,1,18-25,Other,Bengaluru,Karnataka,Free,IND vs AUS T20 Cup Highlights,Sports,Sports,Hindi,45
E11658,U1699,C131,complete,2026-01-17,Web,145,1,18-25,Female,Bengaluru,Karnataka,VIP,Devara Storm Rising,Movie,Action,Telugu,160
E11659,U1583,C113,pause,2026-01-04,Mobile,51,0,18-25,Male,Delhi,Delhi,Free,Kaithi Revenge Chronicles,Movie,Drama,Tamil,140
E11660,U1203,C143,play,2026-02-05,Smart TV,33,0,18-25,Female,Delhi,Delhi,Free,Roadies Quest,Show,Reality,Hindi,45
E11661,U1701,C144,pause,2026-01-26,Mobile,18,0,18-25,Male,Mumbai,Maharashtra,Free,Koffee Spotlight Lounge,Show,Reality,English,45
E11662,U1570,C102,complete,2026-01-18,Web,86,1,18-25,Female,Mumbai,Maharashtra,VIP,IPL Mega Auction Live Replay,Sports,Sports,Hindi,90
E11663,U1561,C105,play,2026-01-03,Mobile,5,0,26-35,Female,Mumbai,Maharashtra,Premium,Pro Kabaddi League Finals,Sports,Sports,Tamil,70
E11664,U1357,C116,complete,2026-02-05,Mobile,119,1,18-25,Female,Hyderabad,Telangana,Free,Kolkata Love Diary,Movie,Drama,Bengali,125
E11665,U1675,C110,complete,2026-02-14,Mobile,24,1,18-25,Male,Mumbai,Maharashtra,Free,Anupama: New Beginnings,Show,Drama,Hindi,25
E11666,U1654,C132,complete,2026-01-11,Mobile,40,1,18-25,Male,Mumbai,Maharashtra,VIP,Commando Force Mumbai,Series,Action,Hindi,42
E11667,U1560,C142,complete,2026-02-13,Smart TV,42,1,26-35,Male,Kolkata,West Bengal,Free,Master Chef Kitchen Wars,Show,Reality,Hindi,45
E11668,U1397,C111,pause,2026-01-04,Smart TV,5,0,26-35,Male,Mumbai,Maharashtra,VIP,Yeh Rishta: Family Bonds,Show,Drama,Hindi,22
E11669,U1328,C131,pause,2026-02-07,Mobile,35,0,26-35,Male,Mumbai,Maharashtra,VIP,Devara Storm Rising,Movie,Action,Telugu,160
E11670,U1311,C129,play,2026-01-17,Mobile,81,0,36-45,Male,Mumbai,Maharashtra,Premium,Tiger Underground Strike,Movie,Action,Hindi,155
E11671,U1494,C123,complete,2026-01-17,Tablet,22,1,36-45,Female,Mumbai,Maharashtra,Free,Sarabhai Classic Revival,Series,Comedy,Hindi,25
E11672,U1529,C129,pause,2026-02-15,Web,102,0,46+,Male,Bengaluru,Karnataka,Free,Tiger Underground Strike,Movie,Action,Hindi,155
E11673,U1024,C160,pause,2026-01-14,Smart TV,18,0,36-45,Female,Bengaluru,Karnataka,Free,Maharashtra Maha News,News,News,Marathi,30
E11674,U1203,C105,complete,2026-02-14,Mobile,63,1,18-25,Female,Delhi,Delhi,Free,Pro Kabaddi League Finals,Sports,Sports,Tamil,70
E11675,U1010,C104,complete,2026-02-20,Mobile,48,1,18-25,Female,Pune,Maharashtra,Premium,IND vs ENG Test Day 3 Highlights,Sports,Sports,English,50
E11676,U1083,C116,complete,2026-01-18,Tablet,118,1,26-35,Female,Hyderabad,Telangana,Free,Kolkata Love Diary,Movie,Drama,Bengali,125
E11677,U1339,C108,complete,2026-02-25,Smart TV,56,1,18-25,Female,Chennai,Tamil Nadu,Free,ISL Football Clash of Titans,Sports,Sports,Bengali,60
E11678,U1506,C152,pause,2026-01-01,Mobile,5,0,36-45,Male,Kolkata,West Bengal,Premium,Global Tech & Economy Report,News,News,English,25
E11679,U1331,C106,pause,2026-01-14,Smart TV,39,0,26-35,Female,Mumbai,Maharashtra,VIP,WPL T20 Blockbuster Match,Sports,Sports,Hindi,60
E11680,U1312,C145,complete,2026-01-01,Mobile,80,1,26-35,Female,Chennai,Tamil Nadu,VIP,Chhota Bheem Himalayan Tour,Movie,Kids,Hindi,85
E11681,U1360,C139,pause,2026-01-13,Mobile,13,0,26-35,Male,Delhi,Delhi,VIP,Bigg Boss Telugu Live,Show,Reality,Telugu,60
E11682,U1526,C111,complete,2026-01-15,Mobile,20,1,18-25,Female,Delhi,Delhi,VIP,Yeh Rishta: Family Bonds,Show,Drama,Hindi,22
E11683,U1333,C105,play,2026-02-05,Smart TV,27,0,36-45,Female,Bengaluru,Karnataka,Free,Pro Kabaddi League Finals,Sports,Sports,Tamil,70
E11684,U1386,C150,play,2026-01-18,Mobile,7,0,46+,Female,Kolkata,West Bengal,Free,Super Bheem Galactic Battle,Series,Kids,Telugu,22
E11685,U1651,C125,play,2026-01-07,Mobile,4,0,46+,Female,Kochi,Kerala,VIP,Chennai Roast Arena,Show,Comedy,Tamil,40
E11686,U1169,C112,pause,2026-02-09,Web,24,0,36-45,Female,Kolkata,West Bengal,Free,City of Dreams: The Succession,Series,Drama,Hindi,50
E11687,U1436,C149,pause,2026-01-02,Web,13,0,46+,Female,Mumbai,Maharashtra,Premium,Shinchan Laugh Club,Series,Kids,Tamil,20
E11688,U1243,C136,pause,2026-01-07,Smart TV,13,0,26-35,Male,Mumbai,Maharashtra,Free,Speed Street Heist,Movie,Action,English,120
E11689,U1558,C137,pause,2026-01-26,Mobile,12,0,26-35,Male,Bengaluru,Karnataka,Free,Bigg Boss All-Stars Hindi,Show,Reality,Hindi,60
E11690,U1509,C154,complete,2026-02-09,Smart TV,32,1,26-35,Female,Pune,Maharashtra,Free,Elections Ground Pulse,News,News,Hindi,35
E11691,U1135,C110,complete,2026-01-16,Mobile,23,1,26-35,Female,Mumbai,Maharashtra,Free,Anupama: New Beginnings,Show,Drama,Hindi,25
E11692,U1404,C123,pause,2026-02-27,Mobile,10,0,18-25,Female,Mumbai,Maharashtra,Premium,Sarabhai Classic Revival,Series,Comedy,Hindi,25
E11693,U1093,C118,play,2026-01-07,Mobile,16,0,18-25,Male,Ahmedabad,Gujarat,Free,Kerala Waterfront Mystery,Series,Drama,Malayalam,48
E11694,U1519,C157,complete,2026-01-14,Mobile,38,1,26-35,Male,Bengaluru,Karnataka,VIP,Startup Founders Blueprint,Show,News,English,40
E11695,U1281,C102,pause,2026-02-07,Mobile,12,0,18-25,Male,Bengaluru,Karnataka,Free,IPL Mega Auction Live Replay,Sports,Sports,Hindi,90
E11696,U1672,C146,pause,2026-01-17,Mobile,28,0,26-35,Male,Delhi,Delhi,VIP,Motu Patlu Space Adventure,Movie,Kids,Hindi,75
E11697,U1597,C126,play,2026-02-04,Smart TV,4,0,36-45,Female,Mumbai,Maharashtra,VIP,Telugu Comedy Superstars,Show,Comedy,Telugu,30
E11698,U1114,C139,play,2026-02-20,Smart TV,28,0,26-35,Male,Jaipur,Rajasthan,Free,Bigg Boss Telugu Live,Show,Reality,Telugu,60
E11699,U1311,C114,pause,2026-01-28,Mobile,24,0,36-45,Male,Mumbai,Maharashtra,Premium,Telugu Royal Heritage,Series,Drama,Telugu,45
E11700,U1535,C150,complete,2026-02-17,Smart TV,20,1,18-25,Male,Delhi,Delhi,Premium,Super Bheem Galactic Battle,Series,Kids,Telugu,22
E11701,U1065,C132,complete,2026-01-11,Mobile,38,1,36-45,Male,Delhi,Delhi,Free,Commando Force Mumbai,Series,Action,Hindi,42
E11702,U1165,C102,pause,2026-01-04,Mobile,15,0,18-25,Female,Delhi,Delhi,Premium,IPL Mega Auction Live Replay,Sports,Sports,Hindi,90
E11703,U1504,C109,complete,2026-01-14,Mobile,44,1,36-45,Male,Delhi,Delhi,VIP,Special Ops: Desert Falcon,Series,Drama,Hindi,45
E11704,U1278,C139,play,2026-02-23,Smart TV,25,0,26-35,Male,Jaipur,Rajasthan,VIP,Bigg Boss Telugu Live,Show,Reality,Telugu,60
E11705,U1678,C122,complete,2026-02-13,Mobile,20,1,26-35,Female,Ahmedabad,Gujarat,Premium,Taarak Laugh Fest Episodes,Show,Comedy,Hindi,22
E11706,U1636,C119,complete,2026-01-27,Mobile,49,1,26-35,Male,Mumbai,Maharashtra,Free,The Crown Dynasty Legacy,Series,Drama,English,55
E11707,U1069,C109,complete,2026-02-05,Web,42,1,36-45,Female,Ahmedabad,Gujarat,Premium,Special Ops: Desert Falcon,Series,Drama,Hindi,45
E11708,U1671,C126,pause,2026-01-22,Web,19,0,18-25,Male,Delhi,Delhi,VIP,Telugu Comedy Superstars,Show,Comedy,Telugu,30
E11709,U1671,C106,play,2026-01-28,Tablet,28,0,18-25,Male,Delhi,Delhi,VIP,WPL T20 Blockbuster Match,Sports,Sports,Hindi,60
E11710,U1117,C143,complete,2026-03-01,Mobile,43,1,18-25,Male,Delhi,Delhi,Premium,Roadies Quest,Show,Reality,Hindi,45
E11711,U1558,C140,pause,2026-03-01,Mobile,13,0,26-35,Male,Bengaluru,Karnataka,Free,Dance India Dance Championship,Show,Reality,Hindi,50
E11712,U1060,C129,complete,2026-02-17,Smart TV,140,1,26-35,Other,Hyderabad,Telangana,Free,Tiger Underground Strike,Movie,Action,Hindi,155
E11713,U1537,C153,pause,2026-02-17,Mobile,26,0,18-25,Female,Hyderabad,Telangana,Free,India at 2030: Space Ambitions,Show,News,English,50
E11714,U1618,C102,pause,2026-01-04,Mobile,43,0,18-25,Male,Pune,Maharashtra,VIP,IPL Mega Auction Live Replay,Sports,Sports,Hindi,90
E11715,U1386,C131,complete,2026-01-22,Web,152,1,46+,Female,Kolkata,West Bengal,Free,Devara Storm Rising,Movie,Action,Telugu,160
E11716,U1400,C104,pause,2026-02-01,Mobile,24,0,18-25,Female,Lucknow,Uttar Pradesh,Free,IND vs ENG Test Day 3 Highlights,Sports,Sports,English,50
E11717,U1641,C108,complete,2026-02-03,Web,57,1,18-25,Female,Patna,Bihar,Free,ISL Football Clash of Titans,Sports,Sports,Bengali,60
E11718,U1101,C120,play,2026-01-30,Mobile,5,0,26-35,Male,Delhi,Delhi,VIP,Succession Politics India,Series,Drama,Hindi,45
E11719,U1114,C111,complete,2026-02-19,Web,21,1,26-35,Male,Jaipur,Rajasthan,Free,Yeh Rishta: Family Bonds,Show,Drama,Hindi,22
E11720,U1017,C134,pause,2026-02-18,Mobile,12,0,36-45,Male,Hyderabad,Telangana,Free,Night Hunter Squad,Movie,Action,English,130
E11721,U1562,C133,play,2026-01-29,Mobile,15,0,26-35,Male,Kochi,Kerala,Free,Rudra: The Edge of Darkness,Series,Action,Hindi,48
E11722,U1593,C126,pause,2026-02-16,Mobile,13,0,26-35,Female,Kolkata,West Bengal,Free,Telugu Comedy Superstars,Show,Comedy,Telugu,30
E11723,U1102,C115,complete,2026-02-11,Mobile,39,1,36-45,Male,Delhi,Delhi,Free,Bengal Courtroom Secrets,Series,Drama,Bengali,40
E11724,U1213,C112,play,2026-02-04,Mobile,7,0,18-25,Female,Delhi,Delhi,Free,City of Dreams: The Succession,Series,Drama,Hindi,50
E11725,U1362,C123,complete,2026-02-18,Web,22,1,18-25,Male,Chennai,Tamil Nadu,Free,Sarabhai Classic Revival,Series,Comedy,Hindi,25
E11726,U1213,C132,pause,2026-01-02,Mobile,4,0,18-25,Female,Delhi,Delhi,Free,Commando Force Mumbai,Series,Action,Hindi,42
E11727,U1027,C102,pause,2026-01-06,Smart TV,35,0,26-35,Female,Mumbai,Maharashtra,VIP,IPL Mega Auction Live Replay,Sports,Sports,Hindi,90
E11728,U1275,C125,pause,2026-01-10,Mobile,14,0,26-35,Male,Mumbai,Maharashtra,VIP,Chennai Roast Arena,Show,Comedy,Tamil,40
E11729,U1602,C124,complete,2026-01-20,Tablet,58,1,26-35,Female,Mumbai,Maharashtra,Premium,Standup Special: Bangalore Humor,Show,Comedy,English,65
E11730,U1621,C140,complete,2026-02-10,Mobile,48,1,18-25,Male,Bengaluru,Karnataka,VIP,Dance India Dance Championship,Show,Reality,Hindi,50
E11731,U1357,C118,pause,2026-01-23,Mobile,18,0,18-25,Female,Hyderabad,Telangana,Free,Kerala Waterfront Mystery,Series,Drama,Malayalam,48
E11732,U1594,C101,play,2026-01-12,Smart TV,36,0,18-25,Female,Delhi,Delhi,Free,IND vs AUS T20 Cup Highlights,Sports,Sports,Hindi,45
E11733,U1085,C103,pause,2026-02-03,Web,36,0,26-35,Male,Delhi,Delhi,Free,Premier League Weekly Showdown,Sports,Sports,English,60
E11734,U1084,C127,complete,2026-01-17,Mobile,28,1,46+,Female,Hyderabad,Telangana,VIP,Pune Pun Factory,Show,Comedy,Marathi,30
E11735,U1721,C133,pause,2026-01-13,Mobile,24,0,46+,Male,Delhi,Delhi,Free,Rudra: The Edge of Darkness,Series,Action,Hindi,48
E11736,U1286,C139,complete,2026-01-10,Mobile,55,1,26-35,Female,Delhi,Delhi,VIP,Bigg Boss Telugu Live,Show,Reality,Telugu,60
E11737,U1512,C106,pause,2026-02-11,Mobile,26,0,26-35,Female,Mumbai,Maharashtra,VIP,WPL T20 Blockbuster Match,Sports,Sports,Hindi,60
E11738,U1509,C138,complete,2026-01-27,Mobile,55,1,26-35,Female,Pune,Maharashtra,Free,Bigg Boss Tamil Season 8,Show,Reality,Tamil,60
E11739,U1572,C105,pause,2026-02-19,Smart TV,30,0,18-25,Female,Bengaluru,Karnataka,VIP,Pro Kabaddi League Finals,Sports,Sports,Tamil,70
E11740,U1178,C121,complete,2026-02-10,Mobile,34,1,26-35,Female,Chennai,Tamil Nadu,VIP,The Great Indian Comedy Lab,Show,Comedy,Hindi,35
E11741,U1296,C115,pause,2026-01-26,Smart TV,30,0,46+,Female,Kolkata,West Bengal,VIP,Bengal Courtroom Secrets,Series,Drama,Bengali,40
E11742,U1596,C137,pause,2026-02-25,Mobile,10,0,26-35,Female,Bengaluru,Karnataka,Free,Bigg Boss All-Stars Hindi,Show,Reality,Hindi,60
E11743,U1684,C101,complete,2026-01-18,Mobile,42,1,18-25,Female,Mumbai,Maharashtra,VIP,IND vs AUS T20 Cup Highlights,Sports,Sports,Hindi,45
E11744,U1652,C125,pause,2026-01-15,Tablet,27,0,26-35,Female,Jaipur,Rajasthan,VIP,Chennai Roast Arena,Show,Comedy,Tamil,40
E11745,U1556,C116,complete,2026-01-18,Smart TV,114,1,18-25,Male,Pune,Maharashtra,VIP,Kolkata Love Diary,Movie,Drama,Bengali,125
E11746,U1247,C156,play,2026-01-03,Mobile,4,0,18-25,Male,Ahmedabad,Gujarat,Free,Cricket Icons: The Untold Story,Show,News,Hindi,45
E11747,U1213,C133,complete,2026-01-14,Tablet,44,1,18-25,Female,Delhi,Delhi,Free,Rudra: The Edge of Darkness,Series,Action,Hindi,48
E11748,U1145,C139,pause,2026-02-15,Mobile,12,0,18-25,Female,Mumbai,Maharashtra,Free,Bigg Boss Telugu Live,Show,Reality,Telugu,60
E11749,U1082,C138,play,2026-01-30,Web,8,0,18-25,Male,Chennai,Tamil Nadu,Premium,Bigg Boss Tamil Season 8,Show,Reality,Tamil,60
E11750,U1400,C138,pause,2026-02-07,Smart TV,33,0,18-25,Female,Lucknow,Uttar Pradesh,Free,Bigg Boss Tamil Season 8,Show,Reality,Tamil,60
E11751,U1061,C135,complete,2026-01-15,Mobile,139,1,26-35,Female,Mumbai,Maharashtra,Premium,Fighter Wing Alpha,Movie,Action,Hindi,145
E11752,U1023,C118,complete,2026-02-18,Mobile,43,1,36-45,Male,Kolkata,West Bengal,VIP,Kerala Waterfront Mystery,Series,Drama,Malayalam,48
E11753,U1464,C124,complete,2026-01-30,Smart TV,61,1,26-35,Female,Chennai,Tamil Nadu,VIP,Standup Special: Bangalore Humor,Show,Comedy,English,65
E11754,U1719,C144,pause,2026-02-28,Smart TV,22,0,26-35,Female,Patna,Bihar,Premium,Koffee Spotlight Lounge,Show,Reality,English,45
E11755,U1127,C142,complete,2026-02-19,Tablet,40,1,26-35,Male,Kolkata,West Bengal,Premium,Master Chef Kitchen Wars,Show,Reality,Hindi,45
E11756,U1312,C127,play,2026-01-22,Web,2,0,26-35,Female,Chennai,Tamil Nadu,VIP,Pune Pun Factory,Show,Comedy,Marathi,30
E11757,U1358,C137,complete,2026-01-08,Mobile,59,1,26-35,Male,Kochi,Kerala,VIP,Bigg Boss All-Stars Hindi,Show,Reality,Hindi,60
E11758,U1719,C148,pause,2026-02-09,Web,9,0,26-35,Female,Patna,Bihar,Premium,Doraemon Magic Gadgets,Series,Kids,Hindi,20
E11759,U1598,C105,complete,2026-01-08,Mobile,63,1,18-25,Female,Delhi,Delhi,VIP,Pro Kabaddi League Finals,Sports,Sports,Tamil,70
E11760,U1660,C133,complete,2026-01-15,Smart TV,44,1,18-25,Male,Mumbai,Maharashtra,Free,Rudra: The Edge of Darkness,Series,Action,Hindi,48
E11761,U1300,C122,pause,2026-01-11,Web,11,0,18-25,Female,Jaipur,Rajasthan,Free,Taarak Laugh Fest Episodes,Show,Comedy,Hindi,22
E11762,U1616,C106,pause,2026-01-18,Mobile,9,0,26-35,Male,Lucknow,Uttar Pradesh,Free,WPL T20 Blockbuster Match,Sports,Sports,Hindi,60
E11763,U1250,C119,play,2026-01-19,Mobile,23,0,26-35,Female,Mumbai,Maharashtra,Free,The Crown Dynasty Legacy,Series,Drama,English,55
E11764,U1088,C126,complete,2026-01-02,Web,28,1,36-45,Male,Delhi,Delhi,VIP,Telugu Comedy Superstars,Show,Comedy,Telugu,30
E11765,U1590,C114,complete,2026-02-20,Mobile,42,1,26-35,Male,Kolkata,West Bengal,VIP,Telugu Royal Heritage,Series,Drama,Telugu,45
E11766,U1564,C125,play,2026-01-03,Mobile,11,0,18-25,Female,Delhi,Delhi,Free,Chennai Roast Arena,Show,Comedy,Tamil,40
E11767,U1707,C144,pause,2026-02-08,Mobile,11,0,26-35,Male,Bengaluru,Karnataka,Free,Koffee Spotlight Lounge,Show,Reality,English,45
E11768,U1059,C144,complete,2026-01-21,Mobile,42,1,18-25,Male,Bengaluru,Karnataka,VIP,Koffee Spotlight Lounge,Show,Reality,English,45
E11769,U1705,C108,pause,2026-01-04,Tablet,15,0,26-35,Female,Delhi,Delhi,Free,ISL Football Clash of Titans,Sports,Sports,Bengali,60
E11770,U1619,C124,play,2026-01-28,Mobile,20,0,18-25,Male,Mumbai,Maharashtra,VIP,Standup Special: Bangalore Humor,Show,Comedy,English,65
E11771,U1579,C133,complete,2026-01-17,Mobile,45,1,36-45,Female,Delhi,Delhi,Free,Rudra: The Edge of Darkness,Series,Action,Hindi,48
E11772,U1214,C155,complete,2026-02-20,Mobile,49,1,46+,Male,Delhi,Delhi,Free,Wildlife Wonders: Western Ghats,Show,News,English,52
E11773,U1400,C120,complete,2026-02-12,Mobile,42,1,18-25,Female,Lucknow,Uttar Pradesh,Free,Succession Politics India,Series,Drama,Hindi,45
E11774,U1686,C138,complete,2026-02-11,Mobile,55,1,26-35,Female,Chennai,Tamil Nadu,Premium,Bigg Boss Tamil Season 8,Show,Reality,Tamil,60
E11775,U1284,C138,play,2026-02-08,Mobile,18,0,18-25,Female,Bengaluru,Karnataka,Free,Bigg Boss Tamil Season 8,Show,Reality,Tamil,60
E11776,U1621,C124,pause,2026-02-06,Tablet,9,0,18-25,Male,Bengaluru,Karnataka,VIP,Standup Special: Bangalore Humor,Show,Comedy,English,65
E11777,U1123,C101,pause,2026-02-18,Tablet,21,0,18-25,Female,Ahmedabad,Gujarat,VIP,IND vs AUS T20 Cup Highlights,Sports,Sports,Hindi,45
E11778,U1453,C129,complete,2026-02-21,Web,149,1,18-25,Female,Mumbai,Maharashtra,Premium,Tiger Underground Strike,Movie,Action,Hindi,155
E11779,U1285,C140,pause,2026-02-16,Mobile,19,0,26-35,Female,Jaipur,Rajasthan,Free,Dance India Dance Championship,Show,Reality,Hindi,50
E11780,U1513,C139,complete,2026-01-10,Web,57,1,26-35,Male,Hyderabad,Telangana,VIP,Bigg Boss Telugu Live,Show,Reality,Telugu,60
E11781,U1406,C116,pause,2026-01-07,Mobile,25,0,18-25,Male,Delhi,Delhi,VIP,Kolkata Love Diary,Movie,Drama,Bengali,125
E11782,U1218,C140,play,2026-01-12,Web,27,0,36-45,Male,Bengaluru,Karnataka,VIP,Dance India Dance Championship,Show,Reality,Hindi,50
E11783,U1673,C104,play,2026-02-19,Web,11,0,26-35,Male,Pune,Maharashtra,VIP,IND vs ENG Test Day 3 Highlights,Sports,Sports,English,50
E11784,U1724,C118,play,2026-02-05,Smart TV,19,0,18-25,Male,Bengaluru,Karnataka,VIP,Kerala Waterfront Mystery,Series,Drama,Malayalam,48
E11785,U1359,C118,pause,2026-01-29,Mobile,27,0,36-45,Male,Bengaluru,Karnataka,VIP,Kerala Waterfront Mystery,Series,Drama,Malayalam,48
E11786,U1118,C108,pause,2026-01-21,Smart TV,16,0,18-25,Male,Hyderabad,Telangana,VIP,ISL Football Clash of Titans,Sports,Sports,Bengali,60
E11787,U1509,C130,complete,2026-01-09,Mobile,164,1,26-35,Female,Pune,Maharashtra,Free,Vikram: Shadow Commander,Movie,Action,Tamil,165
E11788,U1502,C128,pause,2026-01-23,Mobile,25,0,18-25,Female,Delhi,Delhi,Free,College Boys Chaos,Movie,Comedy,Hindi,115
E11789,U1719,C145,complete,2026-02-09,Mobile,82,1,26-35,Female,Patna,Bihar,Premium,Chhota Bheem Himalayan Tour,Movie,Kids,Hindi,85
E11790,U1331,C102,play,2026-02-04,Web,29,0,26-35,Female,Mumbai,Maharashtra,VIP,IPL Mega Auction Live Replay,Sports,Sports,Hindi,90
E11791,U1514,C119,pause,2026-01-27,Mobile,14,0,26-35,Male,Kolkata,West Bengal,Premium,The Crown Dynasty Legacy,Series,Drama,English,55
E11792,U1474,C149,pause,2026-02-23,Mobile,9,0,18-25,Female,Ahmedabad,Gujarat,VIP,Shinchan Laugh Club,Series,Kids,Tamil,20
E11793,U1523,C106,play,2026-02-18,Mobile,21,0,26-35,Female,Delhi,Delhi,Free,WPL T20 Blockbuster Match,Sports,Sports,Hindi,60
E11794,U1082,C143,complete,2026-02-07,Smart TV,41,1,18-25,Male,Chennai,Tamil Nadu,Premium,Roadies Quest,Show,Reality,Hindi,45
E11795,U1600,C113,pause,2026-01-11,Mobile,13,0,46+,Female,Bengaluru,Karnataka,Free,Kaithi Revenge Chronicles,Movie,Drama,Tamil,140
E11796,U1363,C108,pause,2026-02-26,Mobile,17,0,18-25,Male,Mumbai,Maharashtra,Free,ISL Football Clash of Titans,Sports,Sports,Bengali,60
E11797,U1296,C160,pause,2026-01-06,Mobile,8,0,46+,Female,Kolkata,West Bengal,VIP,Maharashtra Maha News,News,News,Marathi,30
E11798,U1507,C142,pause,2026-01-05,Mobile,22,0,26-35,Male,Kolkata,West Bengal,Premium,Master Chef Kitchen Wars,Show,Reality,Hindi,45
E11799,U1285,C102,complete,2026-01-05,Smart TV,86,1,26-35,Female,Jaipur,Rajasthan,Free,IPL Mega Auction Live Replay,Sports,Sports,Hindi,90
E11800,U1647,C114,pause,2026-02-25,Mobile,22,0,26-35,Female,Ahmedabad,Gujarat,Free,Telugu Royal Heritage,Series,Drama,Telugu,45
E11801,U1443,C120,complete,2026-01-15,Mobile,43,1,26-35,Male,Chennai,Tamil Nadu,VIP,Succession Politics India,Series,Drama,Hindi,45
E11802,U1482,C111,pause,2026-01-04,Web,9,0,18-25,Male,Mumbai,Maharashtra,Free,Yeh Rishta: Family Bonds,Show,Drama,Hindi,22
E11803,U1544,C120,complete,2026-02-12,Mobile,44,1,36-45,Male,Delhi,Delhi,Premium,Succession Politics India,Series,Drama,Hindi,45
E11804,U1088,C105,pause,2026-02-10,Mobile,31,0,36-45,Male,Delhi,Delhi,VIP,Pro Kabaddi League Finals,Sports,Sports,Tamil,70
E11805,U1623,C149,play,2026-01-05,Web,8,0,26-35,Female,Delhi,Delhi,VIP,Shinchan Laugh Club,Series,Kids,Tamil,20
E11806,U1585,C111,pause,2026-01-13,Mobile,7,0,26-35,Female,Mumbai,Maharashtra,VIP,Yeh Rishta: Family Bonds,Show,Drama,Hindi,22
E11807,U1137,C120,complete,2026-01-23,Mobile,44,1,26-35,Female,Delhi,Delhi,VIP,Succession Politics India,Series,Drama,Hindi,45
E11808,U1545,C107,pause,2026-01-06,Mobile,5,0,26-35,Other,Pune,Maharashtra,Free,Champions Trophy Pre-Show,Sports,Sports,Telugu,40
E11809,U1355,C108,pause,2026-01-11,Tablet,32,0,46+,Male,Lucknow,Uttar Pradesh,Free,ISL Football Clash of Titans,Sports,Sports,Bengali,60
E11810,U1001,C105,complete,2026-02-12,Smart TV,66,1,26-35,Male,Delhi,Delhi,Free,Pro Kabaddi League Finals,Sports,Sports,Tamil,70
E11811,U1236,C121,pause,2026-01-29,Mobile,9,0,26-35,Male,Delhi,Delhi,VIP,The Great Indian Comedy Lab,Show,Comedy,Hindi,35
E11812,U1049,C135,complete,2026-01-11,Mobile,131,1,26-35,Female,Mumbai,Maharashtra,Free,Fighter Wing Alpha,Movie,Action,Hindi,145
E11813,U1653,C114,play,2026-01-07,Mobile,15,0,18-25,Female,Mumbai,Maharashtra,Free,Telugu Royal Heritage,Series,Drama,Telugu,45
E11814,U1329,C112,play,2026-01-26,Mobile,20,0,26-35,Female,Mumbai,Maharashtra,Free,City of Dreams: The Succession,Series,Drama,Hindi,50
E11815,U1357,C104,play,2026-01-11,Mobile,23,0,18-25,Female,Hyderabad,Telangana,Free,IND vs ENG Test Day 3 Highlights,Sports,Sports,English,50
E11816,U1689,C103,play,2026-02-07,Web,36,0,46+,Female,Mumbai,Maharashtra,Free,Premier League Weekly Showdown,Sports,Sports,English,60
E11817,U1408,C107,complete,2026-01-27,Smart TV,39,1,36-45,Male,Chennai,Tamil Nadu,Free,Champions Trophy Pre-Show,Sports,Sports,Telugu,40
E11818,U1117,C127,complete,2026-02-08,Smart TV,29,1,18-25,Male,Delhi,Delhi,Premium,Pune Pun Factory,Show,Comedy,Marathi,30
E11819,U1333,C139,complete,2026-01-16,Web,58,1,36-45,Female,Bengaluru,Karnataka,Free,Bigg Boss Telugu Live,Show,Reality,Telugu,60
E11820,U1664,C143,pause,2026-01-15,Mobile,10,0,36-45,Male,Delhi,Delhi,Premium,Roadies Quest,Show,Reality,Hindi,45
E11821,U1434,C120,complete,2026-02-04,Smart TV,43,1,18-25,Male,Hyderabad,Telangana,VIP,Succession Politics India,Series,Drama,Hindi,45
E11822,U1550,C119,play,2026-01-26,Smart TV,24,0,26-35,Male,Kochi,Kerala,VIP,The Crown Dynasty Legacy,Series,Drama,English,55
E11823,U1650,C123,complete,2026-02-25,Web,24,1,26-35,Male,Delhi,Delhi,Premium,Sarabhai Classic Revival,Series,Comedy,Hindi,25
E11824,U1598,C116,play,2026-01-12,Mobile,14,0,18-25,Female,Delhi,Delhi,VIP,Kolkata Love Diary,Movie,Drama,Bengali,125
E11825,U1155,C115,complete,2026-02-25,Smart TV,37,1,36-45,Male,Mumbai,Maharashtra,Free,Bengal Courtroom Secrets,Series,Drama,Bengali,40
E11826,U1504,C101,play,2026-01-26,Mobile,24,0,36-45,Male,Delhi,Delhi,VIP,IND vs AUS T20 Cup Highlights,Sports,Sports,Hindi,45
E11827,U1432,C138,play,2026-01-09,Mobile,9,0,36-45,Male,Ahmedabad,Gujarat,Free,Bigg Boss Tamil Season 8,Show,Reality,Tamil,60
E11828,U1243,C118,pause,2026-02-19,Mobile,4,0,26-35,Male,Mumbai,Maharashtra,Free,Kerala Waterfront Mystery,Series,Drama,Malayalam,48
E11829,U1519,C109,complete,2026-02-25,Smart TV,44,1,26-35,Male,Bengaluru,Karnataka,VIP,Special Ops: Desert Falcon,Series,Drama,Hindi,45
E11830,U1011,C106,complete,2026-01-03,Web,55,1,18-25,Male,Delhi,Delhi,VIP,WPL T20 Blockbuster Match,Sports,Sports,Hindi,60
E11831,U1711,C136,play,2026-02-15,Mobile,35,0,18-25,Male,Bengaluru,Karnataka,VIP,Speed Street Heist,Movie,Action,English,120
E11832,U1529,C124,complete,2026-01-22,Mobile,64,1,46+,Male,Bengaluru,Karnataka,Free,Standup Special: Bangalore Humor,Show,Comedy,English,65
E11833,U1638,C131,complete,2026-01-23,Smart TV,145,1,26-35,Female,Patna,Bihar,Premium,Devara Storm Rising,Movie,Action,Telugu,160
E11834,U1344,C127,play,2026-01-29,Mobile,16,0,46+,Female,Delhi,Delhi,VIP,Pune Pun Factory,Show,Comedy,Marathi,30
E11835,U1061,C149,pause,2026-02-04,Mobile,6,0,26-35,Female,Mumbai,Maharashtra,Premium,Shinchan Laugh Club,Series,Kids,Tamil,20
E11836,U1585,C134,play,2026-02-09,Mobile,27,0,26-35,Female,Mumbai,Maharashtra,VIP,Night Hunter Squad,Movie,Action,English,130
E11837,U1040,C132,pause,2026-01-10,Tablet,18,0,18-25,Female,Bengaluru,Karnataka,Free,Commando Force Mumbai,Series,Action,Hindi,42
E11838,U1647,C129,play,2026-01-09,Mobile,77,0,26-35,Female,Ahmedabad,Gujarat,Free,Tiger Underground Strike,Movie,Action,Hindi,155
E11839,U1236,C129,pause,2026-02-13,Mobile,73,0,26-35,Male,Delhi,Delhi,VIP,Tiger Underground Strike,Movie,Action,Hindi,155
E11840,U1399,C118,pause,2026-01-18,Mobile,9,0,18-25,Male,Bengaluru,Karnataka,VIP,Kerala Waterfront Mystery,Series,Drama,Malayalam,48
E11841,U1669,C134,play,2026-01-22,Web,41,0,26-35,Female,Delhi,Delhi,Free,Night Hunter Squad,Movie,Action,English,130
E11842,U1523,C128,complete,2026-02-04,Mobile,106,1,26-35,Female,Delhi,Delhi,Free,College Boys Chaos,Movie,Comedy,Hindi,115
E11843,U1118,C139,complete,2026-02-03,Web,55,1,18-25,Male,Hyderabad,Telangana,VIP,Bigg Boss Telugu Live,Show,Reality,Telugu,60
E11844,U1297,C130,complete,2026-01-19,Mobile,161,1,26-35,Male,Pune,Maharashtra,VIP,Vikram: Shadow Commander,Movie,Action,Tamil,165
E11845,U1127,C110,play,2026-02-20,Tablet,14,0,26-35,Male,Kolkata,West Bengal,Premium,Anupama: New Beginnings,Show,Drama,Hindi,25
E11846,U1297,C144,complete,2026-03-01,Web,44,1,26-35,Male,Pune,Maharashtra,VIP,Koffee Spotlight Lounge,Show,Reality,English,45
E11847,U1435,C104,complete,2026-02-28,Mobile,48,1,18-25,Male,Bengaluru,Karnataka,Free,IND vs ENG Test Day 3 Highlights,Sports,Sports,English,50
E11848,U1244,C126,play,2026-01-22,Mobile,9,0,26-35,Female,Bengaluru,Karnataka,Premium,Telugu Comedy Superstars,Show,Comedy,Telugu,30
E11849,U1296,C156,play,2026-01-22,Mobile,8,0,46+,Female,Kolkata,West Bengal,VIP,Cricket Icons: The Untold Story,Show,News,Hindi,45
E11850,U1401,C140,complete,2026-02-02,Mobile,49,1,36-45,Male,Hyderabad,Telangana,VIP,Dance India Dance Championship,Show,Reality,Hindi,50
E11851,U1069,C137,complete,2026-02-03,Mobile,57,1,36-45,Female,Ahmedabad,Gujarat,Premium,Bigg Boss All-Stars Hindi,Show,Reality,Hindi,60
E11852,U1190,C117,complete,2026-02-18,Web,23,1,18-25,Male,Mumbai,Maharashtra,Premium,Ghar Ek Mandir Classic,Show,Drama,Marathi,24
E11853,U1372,C135,complete,2026-02-10,Web,133,1,26-35,Female,Ahmedabad,Gujarat,VIP,Fighter Wing Alpha,Movie,Action,Hindi,145
E11854,U1469,C144,play,2026-02-28,Web,6,0,26-35,Male,Mumbai,Maharashtra,VIP,Koffee Spotlight Lounge,Show,Reality,English,45
E11855,U1366,C123,pause,2026-01-18,Mobile,10,0,46+,Male,Jaipur,Rajasthan,VIP,Sarabhai Classic Revival,Series,Comedy,Hindi,25
E11856,U1600,C104,pause,2026-01-07,Mobile,6,0,46+,Female,Bengaluru,Karnataka,Free,IND vs ENG Test Day 3 Highlights,Sports,Sports,English,50
E11857,U1242,C114,play,2026-02-22,Mobile,11,0,46+,Male,Ahmedabad,Gujarat,Free,Telugu Royal Heritage,Series,Drama,Telugu,45
E11858,U1317,C138,complete,2026-01-29,Tablet,58,1,36-45,Male,Kolkata,West Bengal,VIP,Bigg Boss Tamil Season 8,Show,Reality,Tamil,60
E11859,U1642,C102,complete,2026-02-14,Tablet,88,1,26-35,Female,Kolkata,West Bengal,Premium,IPL Mega Auction Live Replay,Sports,Sports,Hindi,90
E11860,U1653,C141,play,2026-01-12,Mobile,6,0,18-25,Female,Mumbai,Maharashtra,Free,Shark Pitch India S4,Show,Reality,Hindi,55
E11861,U1346,C131,complete,2026-01-31,Web,153,1,36-45,Male,Bengaluru,Karnataka,VIP,Devara Storm Rising,Movie,Action,Telugu,160
E11862,U1427,C131,pause,2026-01-16,Web,15,0,18-25,Male,Mumbai,Maharashtra,Free,Devara Storm Rising,Movie,Action,Telugu,160
E11863,U1637,C125,complete,2026-01-09,Web,36,1,18-25,Female,Delhi,Delhi,Premium,Chennai Roast Arena,Show,Comedy,Tamil,40
E11864,U1701,C128,play,2026-02-25,Web,38,0,18-25,Male,Mumbai,Maharashtra,Free,College Boys Chaos,Movie,Comedy,Hindi,115
E11865,U1588,C124,complete,2026-01-20,Smart TV,61,1,26-35,Male,Kolkata,West Bengal,VIP,Standup Special: Bangalore Humor,Show,Comedy,English,65
E11866,U1652,C105,complete,2026-02-27,Smart TV,69,1,26-35,Female,Jaipur,Rajasthan,VIP,Pro Kabaddi League Finals,Sports,Sports,Tamil,70
E11867,U1509,C126,play,2026-01-21,Mobile,16,0,26-35,Female,Pune,Maharashtra,Free,Telugu Comedy Superstars,Show,Comedy,Telugu,30
E11868,U1595,C143,pause,2026-01-08,Mobile,10,0,46+,Female,Chennai,Tamil Nadu,VIP,Roadies Quest,Show,Reality,Hindi,45
E11869,U1724,C142,complete,2026-02-24,Mobile,41,1,18-25,Male,Bengaluru,Karnataka,VIP,Master Chef Kitchen Wars,Show,Reality,Hindi,45
E11870,U1004,C102,complete,2026-02-07,Mobile,86,1,26-35,Female,Bengaluru,Karnataka,Free,IPL Mega Auction Live Replay,Sports,Sports,Hindi,90
E11871,U1492,C109,complete,2026-02-26,Tablet,44,1,18-25,Male,Bengaluru,Karnataka,VIP,Special Ops: Desert Falcon,Series,Drama,Hindi,45
E11872,U1744,C105,complete,2026-01-21,Mobile,64,1,26-35,Male,Mumbai,Maharashtra,Premium,Pro Kabaddi League Finals,Sports,Sports,Tamil,70
E11873,U1255,C102,pause,2026-01-07,Mobile,32,0,18-25,Male,Hyderabad,Telangana,VIP,IPL Mega Auction Live Replay,Sports,Sports,Hindi,90
E11874,U1211,C112,pause,2026-02-15,Mobile,13,0,26-35,Female,Bengaluru,Karnataka,Premium,City of Dreams: The Succession,Series,Drama,Hindi,50
E11875,U1374,C124,pause,2026-02-10,Web,14,0,26-35,Male,Mumbai,Maharashtra,VIP,Standup Special: Bangalore Humor,Show,Comedy,English,65
E11876,U1597,C137,pause,2026-02-24,Mobile,27,0,36-45,Female,Mumbai,Maharashtra,VIP,Bigg Boss All-Stars Hindi,Show,Reality,Hindi,60
E11877,U1391,C138,complete,2026-01-05,Mobile,55,1,46+,Other,Pune,Maharashtra,VIP,Bigg Boss Tamil Season 8,Show,Reality,Tamil,60
E11878,U1400,C141,play,2026-01-13,Mobile,26,0,18-25,Female,Lucknow,Uttar Pradesh,Free,Shark Pitch India S4,Show,Reality,Hindi,55
E11879,U1632,C105,pause,2026-02-09,Smart TV,41,0,18-25,Male,Chennai,Tamil Nadu,Free,Pro Kabaddi League Finals,Sports,Sports,Tamil,70
E11880,U1061,C116,complete,2026-01-17,Mobile,115,1,26-35,Female,Mumbai,Maharashtra,Premium,Kolkata Love Diary,Movie,Drama,Bengali,125
E11881,U1374,C108,complete,2026-02-19,Smart TV,57,1,26-35,Male,Mumbai,Maharashtra,VIP,ISL Football Clash of Titans,Sports,Sports,Bengali,60
E11882,U1357,C125,play,2026-01-31,Mobile,18,0,18-25,Female,Hyderabad,Telangana,Free,Chennai Roast Arena,Show,Comedy,Tamil,40
E11883,U1355,C110,pause,2026-01-10,Tablet,6,0,46+,Male,Lucknow,Uttar Pradesh,Free,Anupama: New Beginnings,Show,Drama,Hindi,25
E11884,U1652,C151,play,2026-02-12,Mobile,10,0,26-35,Female,Jaipur,Rajasthan,VIP,Daily Headlines 360,News,News,Hindi,30
E11885,U1562,C117,complete,2026-01-04,Smart TV,21,1,26-35,Male,Kochi,Kerala,Free,Ghar Ek Mandir Classic,Show,Drama,Marathi,24
E11886,U1419,C107,complete,2026-01-05,Mobile,37,1,18-25,Female,Lucknow,Uttar Pradesh,VIP,Champions Trophy Pre-Show,Sports,Sports,Telugu,40
E11887,U1346,C108,pause,2026-02-07,Mobile,11,0,36-45,Male,Bengaluru,Karnataka,VIP,ISL Football Clash of Titans,Sports,Sports,Bengali,60
E11888,U1724,C154,complete,2026-02-06,Web,32,1,18-25,Male,Bengaluru,Karnataka,VIP,Elections Ground Pulse,News,News,Hindi,35
E11889,U1715,C148,pause,2026-01-28,Mobile,3,0,18-25,Female,Kochi,Kerala,VIP,Doraemon Magic Gadgets,Series,Kids,Hindi,20
E11890,U1602,C134,complete,2026-02-05,Smart TV,120,1,26-35,Female,Mumbai,Maharashtra,Premium,Night Hunter Squad,Movie,Action,English,130
E11891,U1099,C146,complete,2026-02-20,Mobile,74,1,46+,Female,Hyderabad,Telangana,VIP,Motu Patlu Space Adventure,Movie,Kids,Hindi,75
E11892,U1439,C146,pause,2026-02-01,Mobile,17,0,18-25,Male,Bengaluru,Karnataka,VIP,Motu Patlu Space Adventure,Movie,Kids,Hindi,75
E11893,U1553,C121,complete,2026-01-26,Smart TV,32,1,18-25,Male,Hyderabad,Telangana,VIP,The Great Indian Comedy Lab,Show,Comedy,Hindi,35
E11894,U1213,C151,complete,2026-02-21,Smart TV,27,1,18-25,Female,Delhi,Delhi,Free,Daily Headlines 360,News,News,Hindi,30
E11895,U1712,C123,complete,2026-02-08,Smart TV,24,1,26-35,Female,Mumbai,Maharashtra,Premium,Sarabhai Classic Revival,Series,Comedy,Hindi,25
E11896,U1623,C144,complete,2026-01-05,Mobile,41,1,26-35,Female,Delhi,Delhi,VIP,Koffee Spotlight Lounge,Show,Reality,English,45
E11897,U1111,C114,play,2026-02-16,Smart TV,30,0,18-25,Male,Mumbai,Maharashtra,VIP,Telugu Royal Heritage,Series,Drama,Telugu,45
E11898,U1072,C123,complete,2026-02-05,Web,23,1,18-25,Female,Mumbai,Maharashtra,Free,Sarabhai Classic Revival,Series,Comedy,Hindi,25
E11899,U1710,C125,complete,2026-01-07,Mobile,38,1,26-35,Female,Delhi,Delhi,Premium,Chennai Roast Arena,Show,Comedy,Tamil,40
E11900,U1091,C116,pause,2026-01-03,Smart TV,19,0,26-35,Female,Delhi,Delhi,Premium,Kolkata Love Diary,Movie,Drama,Bengali,125
E11901,U1670,C111,play,2026-02-03,Smart TV,17,0,18-25,Male,Chennai,Tamil Nadu,VIP,Yeh Rishta: Family Bonds,Show,Drama,Hindi,22
E11902,U1381,C144,play,2026-02-26,Mobile,19,0,26-35,Male,Hyderabad,Telangana,Premium,Koffee Spotlight Lounge,Show,Reality,English,45
E11903,U1283,C125,pause,2026-02-23,Mobile,11,0,18-25,Female,Pune,Maharashtra,VIP,Chennai Roast Arena,Show,Comedy,Tamil,40
E11904,U1694,C141,complete,2026-01-20,Web,49,1,18-25,Female,Delhi,Delhi,Premium,Shark Pitch India S4,Show,Reality,Hindi,55
E11905,U1166,C117,pause,2026-01-30,Mobile,11,0,36-45,Male,Mumbai,Maharashtra,Free,Ghar Ek Mandir Classic,Show,Drama,Marathi,24
E11906,U1041,C143,complete,2026-02-27,Mobile,43,1,26-35,Female,Patna,Bihar,Free,Roadies Quest,Show,Reality,Hindi,45
E11907,U1698,C104,play,2026-02-07,Smart TV,11,0,36-45,Female,Ahmedabad,Gujarat,VIP,IND vs ENG Test Day 3 Highlights,Sports,Sports,English,50
E11908,U1568,C134,complete,2026-02-25,Mobile,120,1,26-35,Female,Patna,Bihar,Free,Night Hunter Squad,Movie,Action,English,130
E11909,U1558,C107,complete,2026-01-27,Smart TV,36,1,26-35,Male,Bengaluru,Karnataka,Free,Champions Trophy Pre-Show,Sports,Sports,Telugu,40
E11910,U1744,C103,complete,2026-01-08,Smart TV,57,1,26-35,Male,Mumbai,Maharashtra,Premium,Premier League Weekly Showdown,Sports,Sports,English,60
E11911,U1100,C102,complete,2026-01-08,Mobile,82,1,26-35,Female,Bengaluru,Karnataka,Free,IPL Mega Auction Live Replay,Sports,Sports,Hindi,90
E11912,U1654,C149,complete,2026-01-09,Tablet,19,1,18-25,Male,Mumbai,Maharashtra,VIP,Shinchan Laugh Club,Series,Kids,Tamil,20
E11913,U1033,C131,complete,2026-01-26,Smart TV,145,1,26-35,Male,Chennai,Tamil Nadu,VIP,Devara Storm Rising,Movie,Action,Telugu,160
E11914,U1068,C148,pause,2026-01-22,Mobile,2,0,18-25,Female,Bengaluru,Karnataka,Free,Doraemon Magic Gadgets,Series,Kids,Hindi,20
E11915,U1504,C149,pause,2026-02-16,Smart TV,5,0,36-45,Male,Delhi,Delhi,VIP,Shinchan Laugh Club,Series,Kids,Tamil,20
E11916,U1147,C112,complete,2026-01-01,Mobile,46,1,46+,Male,Delhi,Delhi,VIP,City of Dreams: The Succession,Series,Drama,Hindi,50
E11917,U1504,C121,pause,2026-02-18,Web,19,0,36-45,Male,Delhi,Delhi,VIP,The Great Indian Comedy Lab,Show,Comedy,Hindi,35
E11918,U1594,C107,complete,2026-01-26,Mobile,38,1,18-25,Female,Delhi,Delhi,Free,Champions Trophy Pre-Show,Sports,Sports,Telugu,40
E11919,U1469,C106,complete,2026-01-09,Mobile,57,1,26-35,Male,Mumbai,Maharashtra,VIP,WPL T20 Blockbuster Match,Sports,Sports,Hindi,60
E11920,U1102,C112,play,2026-01-24,Mobile,18,0,36-45,Male,Delhi,Delhi,Free,City of Dreams: The Succession,Series,Drama,Hindi,50
E11921,U1745,C115,play,2026-01-01,Mobile,19,0,26-35,Male,Bengaluru,Karnataka,VIP,Bengal Courtroom Secrets,Series,Drama,Bengali,40
E11922,U1609,C108,play,2026-02-01,Smart TV,12,0,18-25,Female,Ahmedabad,Gujarat,VIP,ISL Football Clash of Titans,Sports,Sports,Bengali,60
E11923,U1621,C140,pause,2026-03-01,Mobile,7,0,18-25,Male,Bengaluru,Karnataka,VIP,Dance India Dance Championship,Show,Reality,Hindi,50
E11924,U1273,C114,complete,2026-01-14,Mobile,44,1,26-35,Other,Delhi,Delhi,Premium,Telugu Royal Heritage,Series,Drama,Telugu,45
E11925,U1638,C110,pause,2026-01-31,Mobile,3,0,26-35,Female,Patna,Bihar,Premium,Anupama: New Beginnings,Show,Drama,Hindi,25
E11926,U1699,C119,complete,2026-02-01,Mobile,50,1,18-25,Female,Bengaluru,Karnataka,VIP,The Crown Dynasty Legacy,Series,Drama,English,55
E11927,U1203,C106,complete,2026-01-06,Smart TV,58,1,18-25,Female,Delhi,Delhi,Free,WPL T20 Blockbuster Match,Sports,Sports,Hindi,60
E11928,U1329,C144,complete,2026-01-19,Mobile,41,1,26-35,Female,Mumbai,Maharashtra,Free,Koffee Spotlight Lounge,Show,Reality,English,45
E11929,U1401,C152,complete,2026-01-11,Mobile,24,1,36-45,Male,Hyderabad,Telangana,VIP,Global Tech & Economy Report,News,News,English,25
E11930,U1625,C136,complete,2026-01-19,Smart TV,116,1,18-25,Female,Bengaluru,Karnataka,VIP,Speed Street Heist,Movie,Action,English,120
E11931,U1021,C103,play,2026-02-06,Mobile,31,0,18-25,Female,Pune,Maharashtra,Free,Premier League Weekly Showdown,Sports,Sports,English,60
E11932,U1688,C133,pause,2026-01-29,Mobile,11,0,18-25,Female,Hyderabad,Telangana,Premium,Rudra: The Edge of Darkness,Series,Action,Hindi,48
E11933,U1447,C140,complete,2026-01-16,Mobile,49,1,36-45,Male,Kolkata,West Bengal,Premium,Dance India Dance Championship,Show,Reality,Hindi,50
E11934,U1178,C143,pause,2026-01-03,Mobile,13,0,26-35,Female,Chennai,Tamil Nadu,VIP,Roadies Quest,Show,Reality,Hindi,45
E11935,U1425,C140,complete,2026-01-02,Smart TV,45,1,18-25,Male,Bengaluru,Karnataka,VIP,Dance India Dance Championship,Show,Reality,Hindi,50
E11936,U1609,C138,complete,2026-01-18,Mobile,56,1,18-25,Female,Ahmedabad,Gujarat,VIP,Bigg Boss Tamil Season 8,Show,Reality,Tamil,60
E11937,U1579,C104,pause,2026-02-21,Mobile,17,0,36-45,Female,Delhi,Delhi,Free,IND vs ENG Test Day 3 Highlights,Sports,Sports,English,50
E11938,U1554,C116,pause,2026-01-22,Mobile,64,0,26-35,Female,Jaipur,Rajasthan,Free,Kolkata Love Diary,Movie,Drama,Bengali,125
E11939,U1538,C121,complete,2026-01-16,Mobile,33,1,26-35,Female,Chennai,Tamil Nadu,Free,The Great Indian Comedy Lab,Show,Comedy,Hindi,35
E11940,U1033,C137,pause,2026-02-03,Mobile,29,0,26-35,Male,Chennai,Tamil Nadu,VIP,Bigg Boss All-Stars Hindi,Show,Reality,Hindi,60
E11941,U1713,C123,pause,2026-01-02,Mobile,3,0,36-45,Female,Hyderabad,Telangana,Free,Sarabhai Classic Revival,Series,Comedy,Hindi,25
E11942,U1430,C107,pause,2026-01-28,Mobile,10,0,46+,Female,Bengaluru,Karnataka,Premium,Champions Trophy Pre-Show,Sports,Sports,Telugu,40
E11943,U1450,C123,play,2026-02-21,Mobile,6,0,18-25,Female,Ahmedabad,Gujarat,Free,Sarabhai Classic Revival,Series,Comedy,Hindi,25
E11944,U1660,C108,pause,2026-01-17,Mobile,32,0,18-25,Male,Mumbai,Maharashtra,Free,ISL Football Clash of Titans,Sports,Sports,Bengali,60
E11945,U1633,C146,complete,2026-01-05,Mobile,70,1,18-25,Male,Hyderabad,Telangana,VIP,Motu Patlu Space Adventure,Movie,Kids,Hindi,75
E11946,U1400,C142,complete,2026-01-18,Smart TV,40,1,18-25,Female,Lucknow,Uttar Pradesh,Free,Master Chef Kitchen Wars,Show,Reality,Hindi,45
E11947,U1303,C119,complete,2026-02-18,Mobile,52,1,18-25,Male,Lucknow,Uttar Pradesh,Free,The Crown Dynasty Legacy,Series,Drama,English,55
E11948,U1043,C105,play,2026-01-03,Mobile,21,0,26-35,Male,Delhi,Delhi,Free,Pro Kabaddi League Finals,Sports,Sports,Tamil,70
E11949,U1012,C134,complete,2026-01-05,Smart TV,129,1,18-25,Male,Hyderabad,Telangana,VIP,Night Hunter Squad,Movie,Action,English,130
E11950,U1620,C128,pause,2026-01-21,Smart TV,72,0,26-35,Female,Delhi,Delhi,Premium,College Boys Chaos,Movie,Comedy,Hindi,115
E11951,U1178,C160,pause,2026-02-02,Mobile,2,0,26-35,Female,Chennai,Tamil Nadu,VIP,Maharashtra Maha News,News,News,Marathi,30
E11952,U1023,C130,play,2026-02-20,Smart TV,79,0,36-45,Male,Kolkata,West Bengal,VIP,Vikram: Shadow Commander,Movie,Action,Tamil,165
E11953,U1461,C159,complete,2026-02-07,Smart TV,22,1,26-35,Male,Chennai,Tamil Nadu,Premium,Bengal Morning Bulletin,News,News,Bengali,25
E11954,U1334,C105,pause,2026-02-28,Mobile,31,0,36-45,Male,Bengaluru,Karnataka,VIP,Pro Kabaddi League Finals,Sports,Sports,Tamil,70
E11955,U1289,C104,complete,2026-01-31,Mobile,45,1,46+,Female,Mumbai,Maharashtra,VIP,IND vs ENG Test Day 3 Highlights,Sports,Sports,English,50
E11956,U1432,C110,pause,2026-02-14,Web,8,0,36-45,Male,Ahmedabad,Gujarat,Free,Anupama: New Beginnings,Show,Drama,Hindi,25
E11957,U1724,C135,complete,2026-02-09,Smart TV,143,1,18-25,Male,Bengaluru,Karnataka,VIP,Fighter Wing Alpha,Movie,Action,Hindi,145
E11958,U1339,C101,pause,2026-02-12,Smart TV,10,0,18-25,Female,Chennai,Tamil Nadu,Free,IND vs AUS T20 Cup Highlights,Sports,Sports,Hindi,45
E11959,U1097,C108,play,2026-01-07,Mobile,31,0,26-35,Male,Delhi,Delhi,Premium,ISL Football Clash of Titans,Sports,Sports,Bengali,60
E11960,U1059,C102,play,2026-02-10,Mobile,8,0,18-25,Male,Bengaluru,Karnataka,VIP,IPL Mega Auction Live Replay,Sports,Sports,Hindi,90
E11961,U1187,C143,pause,2026-01-24,Web,29,0,26-35,Female,Ahmedabad,Gujarat,Premium,Roadies Quest,Show,Reality,Hindi,45
E11962,U1521,C139,play,2026-01-29,Smart TV,46,0,18-25,Male,Kolkata,West Bengal,Free,Bigg Boss Telugu Live,Show,Reality,Telugu,60
E11963,U1677,C147,play,2026-02-02,Mobile,2,0,18-25,Female,Pune,Maharashtra,Free,Little Singham Rescue Mission,Series,Kids,Hindi,20
E11964,U1469,C155,play,2026-02-04,Web,29,0,26-35,Male,Mumbai,Maharashtra,VIP,Wildlife Wonders: Western Ghats,Show,News,English,52
E11965,U1698,C146,complete,2026-01-29,Mobile,73,1,36-45,Female,Ahmedabad,Gujarat,VIP,Motu Patlu Space Adventure,Movie,Kids,Hindi,75
E11966,U1710,C145,play,2026-02-02,Mobile,16,0,26-35,Female,Delhi,Delhi,Premium,Chhota Bheem Himalayan Tour,Movie,Kids,Hindi,85
E11967,U1284,C150,complete,2026-02-04,Mobile,19,1,18-25,Female,Bengaluru,Karnataka,Free,Super Bheem Galactic Battle,Series,Kids,Telugu,22
E11968,U1028,C122,complete,2026-02-23,Mobile,21,1,46+,Female,Lucknow,Uttar Pradesh,VIP,Taarak Laugh Fest Episodes,Show,Comedy,Hindi,22
E11969,U1128,C128,play,2026-03-01,Mobile,53,0,26-35,Female,Pune,Maharashtra,VIP,College Boys Chaos,Movie,Comedy,Hindi,115
E11970,U1109,C146,pause,2026-01-28,Smart TV,52,0,26-35,Female,Delhi,Delhi,Free,Motu Patlu Space Adventure,Movie,Kids,Hindi,75
E11971,U1426,C124,play,2026-03-01,Mobile,23,0,26-35,Female,Kolkata,West Bengal,Free,Standup Special: Bangalore Humor,Show,Comedy,English,65
E11972,U1639,C134,complete,2026-02-15,Mobile,121,1,18-25,Male,Chennai,Tamil Nadu,VIP,Night Hunter Squad,Movie,Action,English,130
E11973,U1079,C147,pause,2026-02-01,Mobile,2,0,46+,Male,Kochi,Kerala,Free,Little Singham Rescue Mission,Series,Kids,Hindi,20
E11974,U1677,C133,complete,2026-02-14,Mobile,47,1,18-25,Female,Pune,Maharashtra,Free,Rudra: The Edge of Darkness,Series,Action,Hindi,48
E11975,U1424,C108,complete,2026-01-30,Smart TV,58,1,18-25,Female,Mumbai,Maharashtra,VIP,ISL Football Clash of Titans,Sports,Sports,Bengali,60
E11976,U1442,C144,pause,2026-02-26,Smart TV,11,0,18-25,Male,Mumbai,Maharashtra,VIP,Koffee Spotlight Lounge,Show,Reality,English,45
E11977,U1459,C119,pause,2026-02-16,Smart TV,21,0,36-45,Female,Mumbai,Maharashtra,VIP,The Crown Dynasty Legacy,Series,Drama,English,55
E11978,U1191,C131,pause,2026-01-01,Mobile,37,0,26-35,Female,Bengaluru,Karnataka,VIP,Devara Storm Rising,Movie,Action,Telugu,160
E11979,U1105,C114,complete,2026-02-07,Mobile,44,1,26-35,Female,Bengaluru,Karnataka,Free,Telugu Royal Heritage,Series,Drama,Telugu,45
E11980,U1576,C142,pause,2026-02-06,Mobile,6,0,18-25,Female,Hyderabad,Telangana,VIP,Master Chef Kitchen Wars,Show,Reality,Hindi,45
E11981,U1719,C140,complete,2026-01-15,Mobile,48,1,26-35,Female,Patna,Bihar,Premium,Dance India Dance Championship,Show,Reality,Hindi,50
E11982,U1465,C145,complete,2026-02-18,Mobile,80,1,26-35,Female,Mumbai,Maharashtra,Premium,Chhota Bheem Himalayan Tour,Movie,Kids,Hindi,85
E11983,U1400,C130,complete,2026-01-06,Mobile,162,1,18-25,Female,Lucknow,Uttar Pradesh,Free,Vikram: Shadow Commander,Movie,Action,Tamil,165
E11984,U1224,C108,play,2026-01-23,Web,32,0,36-45,Male,Delhi,Delhi,VIP,ISL Football Clash of Titans,Sports,Sports,Bengali,60
E11985,U1504,C158,complete,2026-01-14,Smart TV,29,1,36-45,Male,Delhi,Delhi,VIP,State Express News Tamil,News,News,Tamil,30
E11986,U1545,C104,pause,2026-01-16,Mobile,26,0,26-35,Other,Pune,Maharashtra,Free,IND vs ENG Test Day 3 Highlights,Sports,Sports,English,50
E11987,U1027,C110,complete,2026-02-23,Smart TV,23,1,26-35,Female,Mumbai,Maharashtra,VIP,Anupama: New Beginnings,Show,Drama,Hindi,25
E11988,U1537,C148,pause,2026-01-17,Mobile,9,0,18-25,Female,Hyderabad,Telangana,Free,Doraemon Magic Gadgets,Series,Kids,Hindi,20
E11989,U1084,C104,complete,2026-01-19,Mobile,45,1,46+,Female,Hyderabad,Telangana,VIP,IND vs ENG Test Day 3 Highlights,Sports,Sports,English,50
E11990,U1200,C140,play,2026-02-27,Mobile,15,0,46+,Male,Kochi,Kerala,VIP,Dance India Dance Championship,Show,Reality,Hindi,50
E11991,U1684,C139,complete,2026-02-04,Smart TV,55,1,18-25,Female,Mumbai,Maharashtra,VIP,Bigg Boss Telugu Live,Show,Reality,Telugu,60
E11992,U1435,C127,pause,2026-01-26,Mobile,15,0,18-25,Male,Bengaluru,Karnataka,Free,Pune Pun Factory,Show,Comedy,Marathi,30
E11993,U1353,C127,complete,2026-02-03,Mobile,27,1,18-25,Female,Hyderabad,Telangana,Free,Pune Pun Factory,Show,Comedy,Marathi,30
E11994,U1639,C104,complete,2026-01-26,Mobile,45,1,18-25,Male,Chennai,Tamil Nadu,VIP,IND vs ENG Test Day 3 Highlights,Sports,Sports,English,50
E11995,U1470,C152,play,2026-01-16,Mobile,8,0,46+,Male,Pune,Maharashtra,VIP,Global Tech & Economy Report,News,News,English,25
E11996,U1536,C129,pause,2026-02-06,Smart TV,53,0,18-25,Male,Mumbai,Maharashtra,Free,Tiger Underground Strike,Movie,Action,Hindi,155
E11997,U1231,C146,complete,2026-01-21,Mobile,69,1,26-35,Male,Mumbai,Maharashtra,Free,Motu Patlu Space Adventure,Movie,Kids,Hindi,75
E11998,U1607,C102,complete,2026-01-12,Mobile,86,1,36-45,Male,Mumbai,Maharashtra,Free,IPL Mega Auction Live Replay,Sports,Sports,Hindi,90
E11999,U1036,C136,complete,2026-01-25,Mobile,116,1,26-35,Female,Mumbai,Maharashtra,VIP,Speed Street Heist,Movie,Action,English,120
E12000,U1672,C102,play,2026-01-15,Mobile,26,0,26-35,Male,Delhi,Delhi,VIP,IPL Mega Auction Live Replay,Sports,Sports,Hindi,90
E12001,U1628,C126,pause,2026-01-27,Smart TV,7,0,36-45,Male,Mumbai,Maharashtra,VIP,Telugu Comedy Superstars,Show,Comedy,Telugu,30
E12002,U1729,C133,pause,2026-01-25,Mobile,11,0,18-25,Other,Jaipur,Rajasthan,Premium,Rudra: The Edge of Darkness,Series,Action,Hindi,48
E12003,U1368,C102,complete,2026-01-09,Smart TV,83,1,18-25,Male,Hyderabad,Telangana,Premium,IPL Mega Auction Live Replay,Sports,Sports,Hindi,90
E12004,U1223,C156,complete,2026-01-25,Mobile,44,1,18-25,Male,Delhi,Delhi,Free,Cricket Icons: The Untold Story,Show,News,Hindi,45
E12005,U1520,C111,pause,2026-01-27,Web,9,0,26-35,Male,Bengaluru,Karnataka,VIP,Yeh Rishta: Family Bonds,Show,Drama,Hindi,22
E12006,U1030,C141,complete,2026-01-20,Mobile,53,1,18-25,Male,Chennai,Tamil Nadu,Free,Shark Pitch India S4,Show,Reality,Hindi,55
E12007,U1233,C144,pause,2026-01-29,Mobile,15,0,26-35,Female,Hyderabad,Telangana,Free,Koffee Spotlight Lounge,Show,Reality,English,45
E12008,U1593,C113,complete,2026-02-21,Mobile,136,1,26-35,Female,Kolkata,West Bengal,Free,Kaithi Revenge Chronicles,Movie,Drama,Tamil,140
E12009,U1461,C119,pause,2026-01-25,Mobile,11,0,26-35,Male,Chennai,Tamil Nadu,Premium,The Crown Dynasty Legacy,Series,Drama,English,55
E12010,U1593,C143,pause,2026-01-26,Mobile,19,0,26-35,Female,Kolkata,West Bengal,Free,Roadies Quest,Show,Reality,Hindi,45
E12011,U1478,C131,play,2026-01-28,Mobile,13,0,26-35,Male,Delhi,Delhi,Premium,Devara Storm Rising,Movie,Action,Telugu,160
E12012,U1111,C107,complete,2026-02-21,Mobile,39,1,18-25,Male,Mumbai,Maharashtra,VIP,Champions Trophy Pre-Show,Sports,Sports,Telugu,40
E12013,U1344,C155,pause,2026-01-21,Mobile,12,0,46+,Female,Delhi,Delhi,VIP,Wildlife Wonders: Western Ghats,Show,News,English,52
E12014,U1465,C117,complete,2026-01-07,Mobile,23,1,26-35,Female,Mumbai,Maharashtra,Premium,Ghar Ek Mandir Classic,Show,Drama,Marathi,24
E12015,U1061,C148,play,2026-02-10,Web,4,0,26-35,Female,Mumbai,Maharashtra,Premium,Doraemon Magic Gadgets,Series,Kids,Hindi,20
E12016,U1295,C103,pause,2026-02-03,Smart TV,7,0,18-25,Male,Bengaluru,Karnataka,VIP,Premier League Weekly Showdown,Sports,Sports,English,60
E12017,U1738,C122,pause,2026-02-06,Mobile,3,0,36-45,Male,Delhi,Delhi,VIP,Taarak Laugh Fest Episodes,Show,Comedy,Hindi,22
E12018,U1450,C151,play,2026-01-29,Mobile,2,0,18-25,Female,Ahmedabad,Gujarat,Free,Daily Headlines 360,News,News,Hindi,30
E12019,U1092,C137,pause,2026-01-10,Smart TV,35,0,18-25,Male,Pune,Maharashtra,Free,Bigg Boss All-Stars Hindi,Show,Reality,Hindi,60
E12020,U1556,C149,play,2026-01-31,Mobile,3,0,18-25,Male,Pune,Maharashtra,VIP,Shinchan Laugh Club,Series,Kids,Tamil,20
E12021,U1255,C119,pause,2026-01-30,Smart TV,41,0,18-25,Male,Hyderabad,Telangana,VIP,The Crown Dynasty Legacy,Series,Drama,English,55
E12022,U1424,C156,complete,2026-02-02,Smart TV,41,1,18-25,Female,Mumbai,Maharashtra,VIP,Cricket Icons: The Untold Story,Show,News,Hindi,45
E12023,U1118,C105,pause,2026-01-17,Smart TV,19,0,18-25,Male,Hyderabad,Telangana,VIP,Pro Kabaddi League Finals,Sports,Sports,Tamil,70
E12024,U1276,C139,complete,2026-01-28,Tablet,58,1,18-25,Female,Mumbai,Maharashtra,Premium,Bigg Boss Telugu Live,Show,Reality,Telugu,60
E12025,U1181,C134,play,2026-02-24,Mobile,58,0,26-35,Male,Pune,Maharashtra,Free,Night Hunter Squad,Movie,Action,English,130
E12026,U1666,C104,complete,2026-01-29,Web,48,1,46+,Male,Patna,Bihar,Premium,IND vs ENG Test Day 3 Highlights,Sports,Sports,English,50
E12027,U1212,C126,play,2026-02-16,Smart TV,14,0,18-25,Female,Mumbai,Maharashtra,VIP,Telugu Comedy Superstars,Show,Comedy,Telugu,30
E12028,U1617,C104,pause,2026-01-19,Mobile,23,0,26-35,Male,Mumbai,Maharashtra,VIP,IND vs ENG Test Day 3 Highlights,Sports,Sports,English,50
E12029,U1491,C135,complete,2026-02-23,Mobile,133,1,18-25,Male,Delhi,Delhi,Free,Fighter Wing Alpha,Movie,Action,Hindi,145
E12030,U1425,C117,complete,2026-02-15,Mobile,22,1,18-25,Male,Bengaluru,Karnataka,VIP,Ghar Ek Mandir Classic,Show,Drama,Marathi,24
E12031,U1009,C127,complete,2026-01-16,Web,29,1,36-45,Female,Ahmedabad,Gujarat,VIP,Pune Pun Factory,Show,Comedy,Marathi,30
E12032,U1624,C110,complete,2026-02-20,Smart TV,23,1,36-45,Male,Mumbai,Maharashtra,VIP,Anupama: New Beginnings,Show,Drama,Hindi,25
E12033,U1734,C114,play,2026-01-22,Mobile,9,0,46+,Male,Mumbai,Maharashtra,Free,Telugu Royal Heritage,Series,Drama,Telugu,45
E12034,U1639,C145,play,2026-02-17,Mobile,43,0,18-25,Male,Chennai,Tamil Nadu,VIP,Chhota Bheem Himalayan Tour,Movie,Kids,Hindi,85
E12035,U1067,C103,complete,2026-02-02,Web,57,1,18-25,Female,Jaipur,Rajasthan,VIP,Premier League Weekly Showdown,Sports,Sports,English,60
E12036,U1679,C143,complete,2026-02-28,Mobile,41,1,46+,Female,Lucknow,Uttar Pradesh,VIP,Roadies Quest,Show,Reality,Hindi,45
E12037,U1509,C116,complete,2026-02-22,Mobile,119,1,26-35,Female,Pune,Maharashtra,Free,Kolkata Love Diary,Movie,Drama,Bengali,125
E12038,U1406,C116,play,2026-02-05,Mobile,23,0,18-25,Male,Delhi,Delhi,VIP,Kolkata Love Diary,Movie,Drama,Bengali,125
E12039,U1069,C133,pause,2026-02-11,Smart TV,31,0,36-45,Female,Ahmedabad,Gujarat,Premium,Rudra: The Edge of Darkness,Series,Action,Hindi,48
E12040,U1450,C106,play,2026-02-17,Mobile,24,0,18-25,Female,Ahmedabad,Gujarat,Free,WPL T20 Blockbuster Match,Sports,Sports,Hindi,60
E12041,U1294,C132,play,2026-02-26,Smart TV,21,0,18-25,Male,Kolkata,West Bengal,VIP,Commando Force Mumbai,Series,Action,Hindi,42
E12042,U1671,C136,pause,2026-01-09,Mobile,28,0,18-25,Male,Delhi,Delhi,VIP,Speed Street Heist,Movie,Action,English,120
E12043,U1632,C104,pause,2026-02-21,Web,12,0,18-25,Male,Chennai,Tamil Nadu,Free,IND vs ENG Test Day 3 Highlights,Sports,Sports,English,50
E12044,U1059,C138,pause,2026-01-18,Smart TV,23,0,18-25,Male,Bengaluru,Karnataka,VIP,Bigg Boss Tamil Season 8,Show,Reality,Tamil,60
E12045,U1091,C108,complete,2026-02-03,Smart TV,56,1,26-35,Female,Delhi,Delhi,Premium,ISL Football Clash of Titans,Sports,Sports,Bengali,60
E12046,U1166,C128,play,2026-02-01,Mobile,65,0,36-45,Male,Mumbai,Maharashtra,Free,College Boys Chaos,Movie,Comedy,Hindi,115
E12047,U1019,C149,pause,2026-02-25,Mobile,3,0,18-25,Female,Jaipur,Rajasthan,Free,Shinchan Laugh Club,Series,Kids,Tamil,20
E12048,U1390,C102,pause,2026-02-22,Smart TV,21,0,26-35,Male,Delhi,Delhi,VIP,IPL Mega Auction Live Replay,Sports,Sports,Hindi,90
E12049,U1079,C107,complete,2026-02-03,Mobile,36,1,46+,Male,Kochi,Kerala,Free,Champions Trophy Pre-Show,Sports,Sports,Telugu,40
E12050,U1294,C119,pause,2026-02-12,Mobile,18,0,18-25,Male,Kolkata,West Bengal,VIP,The Crown Dynasty Legacy,Series,Drama,English,55
E12051,U1655,C149,pause,2026-02-22,Smart TV,4,0,18-25,Other,Kochi,Kerala,Free,Shinchan Laugh Club,Series,Kids,Tamil,20
E12052,U1220,C116,complete,2026-01-16,Smart TV,123,1,26-35,Male,Chennai,Tamil Nadu,Free,Kolkata Love Diary,Movie,Drama,Bengali,125
E12053,U1676,C112,complete,2026-02-07,Mobile,49,1,18-25,Male,Mumbai,Maharashtra,VIP,City of Dreams: The Succession,Series,Drama,Hindi,50
E12054,U1386,C102,play,2026-02-11,Mobile,40,0,46+,Female,Kolkata,West Bengal,Free,IPL Mega Auction Live Replay,Sports,Sports,Hindi,90
E12055,U1095,C113,play,2026-01-07,Mobile,33,0,18-25,Female,Mumbai,Maharashtra,VIP,Kaithi Revenge Chronicles,Movie,Drama,Tamil,140
E12056,U1022,C108,complete,2026-01-26,Smart TV,59,1,18-25,Female,Bengaluru,Karnataka,Free,ISL Football Clash of Titans,Sports,Sports,Bengali,60
E12057,U1689,C101,complete,2026-02-17,Web,41,1,46+,Female,Mumbai,Maharashtra,Free,IND vs AUS T20 Cup Highlights,Sports,Sports,Hindi,45
E12058,U1445,C120,complete,2026-01-28,Mobile,43,1,46+,Female,Pune,Maharashtra,Free,Succession Politics India,Series,Drama,Hindi,45
E12059,U1330,C146,complete,2026-02-27,Mobile,68,1,18-25,Female,Bengaluru,Karnataka,Premium,Motu Patlu Space Adventure,Movie,Kids,Hindi,75
E12060,U1492,C148,complete,2026-02-23,Mobile,18,1,18-25,Male,Bengaluru,Karnataka,VIP,Doraemon Magic Gadgets,Series,Kids,Hindi,20
E12061,U1673,C152,complete,2026-01-21,Tablet,23,1,26-35,Male,Pune,Maharashtra,VIP,Global Tech & Economy Report,News,News,English,25
E12062,U1066,C131,pause,2026-02-03,Web,87,0,18-25,Male,Kolkata,West Bengal,VIP,Devara Storm Rising,Movie,Action,Telugu,160
E12063,U1465,C116,complete,2026-01-13,Smart TV,117,1,26-35,Female,Mumbai,Maharashtra,Premium,Kolkata Love Diary,Movie,Drama,Bengali,125
E12064,U1218,C106,pause,2026-02-08,Mobile,23,0,36-45,Male,Bengaluru,Karnataka,VIP,WPL T20 Blockbuster Match,Sports,Sports,Hindi,60
E12065,U1349,C101,play,2026-02-06,Mobile,16,0,36-45,Female,Hyderabad,Telangana,VIP,IND vs AUS T20 Cup Highlights,Sports,Sports,Hindi,45
E12066,U1079,C126,pause,2026-01-02,Smart TV,20,0,46+,Male,Kochi,Kerala,Free,Telugu Comedy Superstars,Show,Comedy,Telugu,30
E12067,U1281,C130,pause,2026-01-25,Mobile,19,0,18-25,Male,Bengaluru,Karnataka,Free,Vikram: Shadow Commander,Movie,Action,Tamil,165
E12068,U1015,C130,play,2026-02-18,Mobile,23,0,26-35,Female,Pune,Maharashtra,Free,Vikram: Shadow Commander,Movie,Action,Tamil,165
E12069,U1743,C120,play,2026-01-25,Tablet,20,0,18-25,Female,Delhi,Delhi,VIP,Succession Politics India,Series,Drama,Hindi,45
E12070,U1011,C157,complete,2026-02-27,Smart TV,39,1,18-25,Male,Delhi,Delhi,VIP,Startup Founders Blueprint,Show,News,English,40
E12071,U1433,C150,pause,2026-01-08,Web,6,0,18-25,Male,Kochi,Kerala,Premium,Super Bheem Galactic Battle,Series,Kids,Telugu,22
E12072,U1351,C121,pause,2026-02-08,Smart TV,7,0,18-25,Male,Lucknow,Uttar Pradesh,Free,The Great Indian Comedy Lab,Show,Comedy,Hindi,35
E12073,U1127,C103,pause,2026-01-06,Mobile,24,0,26-35,Male,Kolkata,West Bengal,Premium,Premier League Weekly Showdown,Sports,Sports,English,60
E12074,U1461,C130,complete,2026-01-10,Web,151,1,26-35,Male,Chennai,Tamil Nadu,Premium,Vikram: Shadow Commander,Movie,Action,Tamil,165
E12075,U1457,C122,complete,2026-02-15,Mobile,19,1,36-45,Male,Pune,Maharashtra,VIP,Taarak Laugh Fest Episodes,Show,Comedy,Hindi,22
E12076,U1669,C148,pause,2026-02-22,Mobile,4,0,26-35,Female,Delhi,Delhi,Free,Doraemon Magic Gadgets,Series,Kids,Hindi,20
E12077,U1424,C135,pause,2026-02-02,Mobile,14,0,18-25,Female,Mumbai,Maharashtra,VIP,Fighter Wing Alpha,Movie,Action,Hindi,145
E12078,U1085,C143,play,2026-02-15,Mobile,11,0,26-35,Male,Delhi,Delhi,Free,Roadies Quest,Show,Reality,Hindi,45
E12079,U1436,C151,play,2026-01-22,Mobile,5,0,46+,Female,Mumbai,Maharashtra,Premium,Daily Headlines 360,News,News,Hindi,30
E12080,U1309,C153,complete,2026-02-24,Mobile,45,1,36-45,Female,Kolkata,West Bengal,VIP,India at 2030: Space Ambitions,Show,News,English,50
E12081,U1653,C159,play,2026-02-26,Mobile,9,0,18-25,Female,Mumbai,Maharashtra,Free,Bengal Morning Bulletin,News,News,Bengali,25
E12082,U1595,C101,play,2026-01-12,Mobile,24,0,46+,Female,Chennai,Tamil Nadu,VIP,IND vs AUS T20 Cup Highlights,Sports,Sports,Hindi,45
E12083,U1111,C110,complete,2026-01-05,Mobile,24,1,18-25,Male,Mumbai,Maharashtra,VIP,Anupama: New Beginnings,Show,Drama,Hindi,25
E12084,U1296,C150,pause,2026-01-04,Web,6,0,46+,Female,Kolkata,West Bengal,VIP,Super Bheem Galactic Battle,Series,Kids,Telugu,22
E12085,U1594,C152,pause,2026-01-24,Smart TV,3,0,18-25,Female,Delhi,Delhi,Free,Global Tech & Economy Report,News,News,English,25
E12086,U1727,C131,play,2026-01-06,Web,24,0,18-25,Female,Chennai,Tamil Nadu,Premium,Devara Storm Rising,Movie,Action,Telugu,160
E12087,U1234,C119,complete,2026-02-22,Smart TV,51,1,46+,Male,Bengaluru,Karnataka,Free,The Crown Dynasty Legacy,Series,Drama,English,55
E12088,U1651,C120,complete,2026-01-30,Web,40,1,46+,Female,Kochi,Kerala,VIP,Succession Politics India,Series,Drama,Hindi,45
E12089,U1045,C119,complete,2026-01-17,Mobile,54,1,46+,Female,Kochi,Kerala,Premium,The Crown Dynasty Legacy,Series,Drama,English,55
E12090,U1679,C142,pause,2026-02-15,Smart TV,24,0,46+,Female,Lucknow,Uttar Pradesh,VIP,Master Chef Kitchen Wars,Show,Reality,Hindi,45
E12091,U1243,C112,complete,2026-01-30,Web,47,1,26-35,Male,Mumbai,Maharashtra,Free,City of Dreams: The Succession,Series,Drama,Hindi,50
E12092,U1312,C127,pause,2026-01-18,Mobile,7,0,26-35,Female,Chennai,Tamil Nadu,VIP,Pune Pun Factory,Show,Comedy,Marathi,30
E12093,U1715,C139,play,2026-02-02,Mobile,33,0,18-25,Female,Kochi,Kerala,VIP,Bigg Boss Telugu Live,Show,Reality,Telugu,60
E12094,U1697,C157,complete,2026-01-14,Mobile,38,1,18-25,Male,Lucknow,Uttar Pradesh,Free,Startup Founders Blueprint,Show,News,English,40
E12095,U1678,C138,complete,2026-01-23,Mobile,54,1,26-35,Female,Ahmedabad,Gujarat,Premium,Bigg Boss Tamil Season 8,Show,Reality,Tamil,60
E12096,U1588,C134,play,2026-01-14,Mobile,14,0,26-35,Male,Kolkata,West Bengal,VIP,Night Hunter Squad,Movie,Action,English,130
E12097,U1725,C140,complete,2026-02-26,Smart TV,47,1,26-35,Female,Bengaluru,Karnataka,VIP,Dance India Dance Championship,Show,Reality,Hindi,50
E12098,U1621,C114,complete,2026-02-25,Web,40,1,18-25,Male,Bengaluru,Karnataka,VIP,Telugu Royal Heritage,Series,Drama,Telugu,45
E12099,U1199,C127,pause,2026-02-15,Mobile,5,0,36-45,Male,Bengaluru,Karnataka,Free,Pune Pun Factory,Show,Comedy,Marathi,30
E12100,U1748,C146,play,2026-01-21,Web,31,0,26-35,Female,Chennai,Tamil Nadu,VIP,Motu Patlu Space Adventure,Movie,Kids,Hindi,75
E12101,U1602,C117,pause,2026-02-28,Tablet,17,0,26-35,Female,Mumbai,Maharashtra,Premium,Ghar Ek Mandir Classic,Show,Drama,Marathi,24
E12102,U1095,C102,pause,2026-01-04,Mobile,27,0,18-25,Female,Mumbai,Maharashtra,VIP,IPL Mega Auction Live Replay,Sports,Sports,Hindi,90
E12103,U1297,C120,complete,2026-01-11,Mobile,44,1,26-35,Male,Pune,Maharashtra,VIP,Succession Politics India,Series,Drama,Hindi,45
E12104,U1144,C107,pause,2026-02-19,Web,16,0,26-35,Male,Bengaluru,Karnataka,Free,Champions Trophy Pre-Show,Sports,Sports,Telugu,40
E12105,U1239,C102,complete,2026-02-08,Smart TV,81,1,36-45,Female,Ahmedabad,Gujarat,Free,IPL Mega Auction Live Replay,Sports,Sports,Hindi,90
E12106,U1067,C109,pause,2026-01-25,Tablet,18,0,18-25,Female,Jaipur,Rajasthan,VIP,Special Ops: Desert Falcon,Series,Drama,Hindi,45
E12107,U1062,C158,complete,2026-01-29,Mobile,27,1,18-25,Male,Chennai,Tamil Nadu,Free,State Express News Tamil,News,News,Tamil,30
E12108,U1519,C102,complete,2026-02-15,Smart TV,81,1,26-35,Male,Bengaluru,Karnataka,VIP,IPL Mega Auction Live Replay,Sports,Sports,Hindi,90
E12109,U1467,C149,play,2026-02-13,Mobile,4,0,18-25,Male,Bengaluru,Karnataka,Free,Shinchan Laugh Club,Series,Kids,Tamil,20
E12110,U1119,C101,complete,2026-01-21,Mobile,42,1,26-35,Male,Bengaluru,Karnataka,VIP,IND vs AUS T20 Cup Highlights,Sports,Sports,Hindi,45
E12111,U1594,C147,play,2026-02-18,Mobile,2,0,18-25,Female,Delhi,Delhi,Free,Little Singham Rescue Mission,Series,Kids,Hindi,20
E12112,U1613,C149,complete,2026-02-16,Mobile,18,1,18-25,Male,Pune,Maharashtra,Free,Shinchan Laugh Club,Series,Kids,Tamil,20
E12113,U1699,C147,pause,2026-01-29,Mobile,8,0,18-25,Female,Bengaluru,Karnataka,VIP,Little Singham Rescue Mission,Series,Kids,Hindi,20
E12114,U1479,C131,complete,2026-02-01,Mobile,159,1,26-35,Male,Lucknow,Uttar Pradesh,VIP,Devara Storm Rising,Movie,Action,Telugu,160
E12115,U1065,C120,complete,2026-01-04,Mobile,43,1,36-45,Male,Delhi,Delhi,Free,Succession Politics India,Series,Drama,Hindi,45
E12116,U1699,C137,complete,2026-01-15,Smart TV,54,1,18-25,Female,Bengaluru,Karnataka,VIP,Bigg Boss All-Stars Hindi,Show,Reality,Hindi,60
E12117,U1506,C142,play,2026-01-14,Mobile,9,0,36-45,Male,Kolkata,West Bengal,Premium,Master Chef Kitchen Wars,Show,Reality,Hindi,45
E12118,U1725,C140,pause,2026-01-23,Mobile,18,0,26-35,Female,Bengaluru,Karnataka,VIP,Dance India Dance Championship,Show,Reality,Hindi,50
E12119,U1085,C102,complete,2026-02-18,Mobile,86,1,26-35,Male,Delhi,Delhi,Free,IPL Mega Auction Live Replay,Sports,Sports,Hindi,90
E12120,U1211,C103,pause,2026-02-11,Mobile,7,0,26-35,Female,Bengaluru,Karnataka,Premium,Premier League Weekly Showdown,Sports,Sports,English,60
E12121,U1253,C131,play,2026-01-16,Web,48,0,26-35,Male,Bengaluru,Karnataka,Free,Devara Storm Rising,Movie,Action,Telugu,160
E12122,U1681,C136,complete,2026-01-03,Mobile,112,1,26-35,Male,Chennai,Tamil Nadu,Premium,Speed Street Heist,Movie,Action,English,120
E12123,U1038,C155,complete,2026-01-26,Smart TV,50,1,18-25,Male,Chennai,Tamil Nadu,VIP,Wildlife Wonders: Western Ghats,Show,News,English,52
E12124,U1433,C152,pause,2026-01-29,Web,3,0,18-25,Male,Kochi,Kerala,Premium,Global Tech & Economy Report,News,News,English,25
E12125,U1363,C102,complete,2026-01-18,Smart TV,85,1,18-25,Male,Mumbai,Maharashtra,Free,IPL Mega Auction Live Replay,Sports,Sports,Hindi,90
E12126,U1532,C105,complete,2026-02-24,Web,64,1,18-25,Male,Delhi,Delhi,VIP,Pro Kabaddi League Finals,Sports,Sports,Tamil,70
E12127,U1213,C129,complete,2026-01-01,Tablet,142,1,18-25,Female,Delhi,Delhi,Free,Tiger Underground Strike,Movie,Action,Hindi,155
E12128,U1297,C121,pause,2026-01-11,Smart TV,12,0,26-35,Male,Pune,Maharashtra,VIP,The Great Indian Comedy Lab,Show,Comedy,Hindi,35
E12129,U1478,C142,complete,2026-01-17,Mobile,42,1,26-35,Male,Delhi,Delhi,Premium,Master Chef Kitchen Wars,Show,Reality,Hindi,45
E12130,U1088,C117,pause,2026-02-10,Mobile,4,0,36-45,Male,Delhi,Delhi,VIP,Ghar Ek Mandir Classic,Show,Drama,Marathi,24
E12131,U1127,C152,complete,2026-01-20,Smart TV,24,1,26-35,Male,Kolkata,West Bengal,Premium,Global Tech & Economy Report,News,News,English,25
E12132,U1247,C104,pause,2026-02-27,Mobile,18,0,18-25,Male,Ahmedabad,Gujarat,Free,IND vs ENG Test Day 3 Highlights,Sports,Sports,English,50
E12133,U1320,C135,complete,2026-02-04,Mobile,141,1,26-35,Male,Mumbai,Maharashtra,VIP,Fighter Wing Alpha,Movie,Action,Hindi,145
E12134,U1425,C118,complete,2026-01-08,Mobile,47,1,18-25,Male,Bengaluru,Karnataka,VIP,Kerala Waterfront Mystery,Series,Drama,Malayalam,48
E12135,U1059,C117,complete,2026-01-19,Mobile,23,1,18-25,Male,Bengaluru,Karnataka,VIP,Ghar Ek Mandir Classic,Show,Drama,Marathi,24
E12136,U1676,C114,play,2026-02-06,Tablet,14,0,18-25,Male,Mumbai,Maharashtra,VIP,Telugu Royal Heritage,Series,Drama,Telugu,45
E12137,U1425,C158,pause,2026-02-07,Mobile,15,0,18-25,Male,Bengaluru,Karnataka,VIP,State Express News Tamil,News,News,Tamil,30
E12138,U1560,C140,play,2026-01-27,Mobile,9,0,26-35,Male,Kolkata,West Bengal,Free,Dance India Dance Championship,Show,Reality,Hindi,50
E12139,U1510,C145,pause,2026-02-03,Smart TV,18,0,26-35,Male,Chennai,Tamil Nadu,Premium,Chhota Bheem Himalayan Tour,Movie,Kids,Hindi,85
E12140,U1127,C110,pause,2026-02-28,Tablet,13,0,26-35,Male,Kolkata,West Bengal,Premium,Anupama: New Beginnings,Show,Drama,Hindi,25
E12141,U1339,C104,complete,2026-02-05,Mobile,48,1,18-25,Female,Chennai,Tamil Nadu,Free,IND vs ENG Test Day 3 Highlights,Sports,Sports,English,50
E12142,U1004,C107,complete,2026-02-08,Smart TV,38,1,26-35,Female,Bengaluru,Karnataka,Free,Champions Trophy Pre-Show,Sports,Sports,Telugu,40
E12143,U1553,C107,pause,2026-02-28,Mobile,18,0,18-25,Male,Hyderabad,Telangana,VIP,Champions Trophy Pre-Show,Sports,Sports,Telugu,40
E12144,U1373,C101,complete,2026-01-08,Mobile,40,1,18-25,Female,Bengaluru,Karnataka,VIP,IND vs AUS T20 Cup Highlights,Sports,Sports,Hindi,45
E12145,U1381,C108,pause,2026-01-21,Mobile,7,0,26-35,Male,Hyderabad,Telangana,Premium,ISL Football Clash of Titans,Sports,Sports,Bengali,60
E12146,U1432,C121,complete,2026-01-25,Tablet,33,1,36-45,Male,Ahmedabad,Gujarat,Free,The Great Indian Comedy Lab,Show,Comedy,Hindi,35
E12147,U1425,C102,pause,2026-02-04,Mobile,22,0,18-25,Male,Bengaluru,Karnataka,VIP,IPL Mega Auction Live Replay,Sports,Sports,Hindi,90
E12148,U1581,C137,complete,2026-02-08,Web,59,1,46+,Male,Ahmedabad,Gujarat,VIP,Bigg Boss All-Stars Hindi,Show,Reality,Hindi,60
E12149,U1706,C124,pause,2026-02-26,Smart TV,45,0,36-45,Female,Delhi,Delhi,Free,Standup Special: Bangalore Humor,Show,Comedy,English,65
E12150,U1230,C102,play,2026-01-11,Mobile,14,0,18-25,Male,Mumbai,Maharashtra,Free,IPL Mega Auction Live Replay,Sports,Sports,Hindi,90
E12151,U1001,C107,complete,2026-03-01,Mobile,36,1,26-35,Male,Delhi,Delhi,Free,Champions Trophy Pre-Show,Sports,Sports,Telugu,40
E12152,U1633,C109,complete,2026-01-18,Smart TV,41,1,18-25,Male,Hyderabad,Telangana,VIP,Special Ops: Desert Falcon,Series,Drama,Hindi,45
E12153,U1204,C159,play,2026-02-17,Smart TV,19,0,26-35,Female,Hyderabad,Telangana,Premium,Bengal Morning Bulletin,News,News,Bengali,25
E12154,U1070,C119,complete,2026-01-13,Tablet,52,1,26-35,Female,Bengaluru,Karnataka,VIP,The Crown Dynasty Legacy,Series,Drama,English,55
E12155,U1537,C135,pause,2026-01-04,Smart TV,30,0,18-25,Female,Hyderabad,Telangana,Free,Fighter Wing Alpha,Movie,Action,Hindi,145
E12156,U1203,C137,pause,2026-01-23,Mobile,8,0,18-25,Female,Delhi,Delhi,Free,Bigg Boss All-Stars Hindi,Show,Reality,Hindi,60
E12157,U1641,C105,complete,2026-01-03,Web,68,1,18-25,Female,Patna,Bihar,Free,Pro Kabaddi League Finals,Sports,Sports,Tamil,70
E12158,U1676,C139,pause,2026-01-26,Mobile,31,0,18-25,Male,Mumbai,Maharashtra,VIP,Bigg Boss Telugu Live,Show,Reality,Telugu,60
E12159,U1136,C135,complete,2026-01-15,Web,141,1,18-25,Female,Bengaluru,Karnataka,VIP,Fighter Wing Alpha,Movie,Action,Hindi,145
E12160,U1701,C120,pause,2026-01-15,Mobile,16,0,18-25,Male,Mumbai,Maharashtra,Free,Succession Politics India,Series,Drama,Hindi,45
E12161,U1091,C103,complete,2026-01-27,Mobile,57,1,26-35,Female,Delhi,Delhi,Premium,Premier League Weekly Showdown,Sports,Sports,English,60
E12162,U1520,C142,complete,2026-02-25,Tablet,41,1,26-35,Male,Bengaluru,Karnataka,VIP,Master Chef Kitchen Wars,Show,Reality,Hindi,45
E12163,U1461,C144,pause,2026-02-20,Mobile,15,0,26-35,Male,Chennai,Tamil Nadu,Premium,Koffee Spotlight Lounge,Show,Reality,English,45
E12164,U1019,C110,pause,2026-01-26,Tablet,6,0,18-25,Female,Jaipur,Rajasthan,Free,Anupama: New Beginnings,Show,Drama,Hindi,25
E12165,U1111,C128,complete,2026-02-01,Web,104,1,18-25,Male,Mumbai,Maharashtra,VIP,College Boys Chaos,Movie,Comedy,Hindi,115
E12166,U1011,C102,pause,2026-02-28,Mobile,50,0,18-25,Male,Delhi,Delhi,VIP,IPL Mega Auction Live Replay,Sports,Sports,Hindi,90
E12167,U1297,C153,complete,2026-01-26,Web,46,1,26-35,Male,Pune,Maharashtra,VIP,India at 2030: Space Ambitions,Show,News,English,50
E12168,U1699,C103,complete,2026-01-20,Mobile,56,1,18-25,Female,Bengaluru,Karnataka,VIP,Premier League Weekly Showdown,Sports,Sports,English,60
E12169,U1442,C140,complete,2026-01-28,Smart TV,45,1,18-25,Male,Mumbai,Maharashtra,VIP,Dance India Dance Championship,Show,Reality,Hindi,50
E12170,U1297,C108,pause,2026-01-23,Mobile,26,0,26-35,Male,Pune,Maharashtra,VIP,ISL Football Clash of Titans,Sports,Sports,Bengali,60
E12171,U1006,C133,pause,2026-01-09,Mobile,6,0,18-25,Male,Pune,Maharashtra,Free,Rudra: The Edge of Darkness,Series,Action,Hindi,48
E12172,U1331,C143,play,2026-02-12,Mobile,9,0,26-35,Female,Mumbai,Maharashtra,VIP,Roadies Quest,Show,Reality,Hindi,45
E12173,U1094,C142,pause,2026-01-10,Mobile,19,0,36-45,Female,Kolkata,West Bengal,Free,Master Chef Kitchen Wars,Show,Reality,Hindi,45
E12174,U1067,C125,play,2026-02-08,Mobile,3,0,18-25,Female,Jaipur,Rajasthan,VIP,Chennai Roast Arena,Show,Comedy,Tamil,40
E12175,U1711,C131,pause,2026-01-20,Smart TV,35,0,18-25,Male,Bengaluru,Karnataka,VIP,Devara Storm Rising,Movie,Action,Telugu,160
E12176,U1679,C137,complete,2026-01-15,Smart TV,56,1,46+,Female,Lucknow,Uttar Pradesh,VIP,Bigg Boss All-Stars Hindi,Show,Reality,Hindi,60
E12177,U1139,C114,complete,2026-01-19,Mobile,44,1,26-35,Female,Delhi,Delhi,Free,Telugu Royal Heritage,Series,Drama,Telugu,45
E12178,U1710,C156,complete,2026-02-04,Mobile,40,1,26-35,Female,Delhi,Delhi,Premium,Cricket Icons: The Untold Story,Show,News,Hindi,45
E12179,U1166,C110,play,2026-01-05,Web,2,0,36-45,Male,Mumbai,Maharashtra,Free,Anupama: New Beginnings,Show,Drama,Hindi,25
E12180,U1051,C143,pause,2026-02-16,Web,14,0,26-35,Female,Chennai,Tamil Nadu,Free,Roadies Quest,Show,Reality,Hindi,45
E12181,U1192,C144,complete,2026-02-13,Smart TV,43,1,18-25,Male,Mumbai,Maharashtra,Free,Koffee Spotlight Lounge,Show,Reality,English,45
E12182,U1194,C114,play,2026-01-18,Mobile,23,0,18-25,Female,Bengaluru,Karnataka,VIP,Telugu Royal Heritage,Series,Drama,Telugu,45
E12183,U1551,C152,complete,2026-01-16,Web,22,1,18-25,Male,Hyderabad,Telangana,VIP,Global Tech & Economy Report,News,News,English,25
E12184,U1332,C128,complete,2026-02-16,Tablet,107,1,18-25,Female,Hyderabad,Telangana,Premium,College Boys Chaos,Movie,Comedy,Hindi,115
E12185,U1450,C124,complete,2026-01-18,Tablet,59,1,18-25,Female,Ahmedabad,Gujarat,Free,Standup Special: Bangalore Humor,Show,Comedy,English,65
E12186,U1085,C107,complete,2026-01-01,Mobile,38,1,26-35,Male,Delhi,Delhi,Free,Champions Trophy Pre-Show,Sports,Sports,Telugu,40
E12187,U1435,C149,pause,2026-01-22,Web,5,0,18-25,Male,Bengaluru,Karnataka,Free,Shinchan Laugh Club,Series,Kids,Tamil,20
E12188,U1127,C118,pause,2026-01-20,Mobile,12,0,26-35,Male,Kolkata,West Bengal,Premium,Kerala Waterfront Mystery,Series,Drama,Malayalam,48
E12189,U1636,C107,complete,2026-01-18,Web,37,1,26-35,Male,Mumbai,Maharashtra,Free,Champions Trophy Pre-Show,Sports,Sports,Telugu,40
E12190,U1093,C116,pause,2026-03-01,Smart TV,38,0,18-25,Male,Ahmedabad,Gujarat,Free,Kolkata Love Diary,Movie,Drama,Bengali,125
E12191,U1615,C102,complete,2026-01-13,Smart TV,85,1,18-25,Female,Kolkata,West Bengal,VIP,IPL Mega Auction Live Replay,Sports,Sports,Hindi,90
E12192,U1176,C146,pause,2026-01-20,Web,20,0,26-35,Male,Mumbai,Maharashtra,VIP,Motu Patlu Space Adventure,Movie,Kids,Hindi,75
E12193,U1146,C141,pause,2026-01-07,Mobile,22,0,18-25,Female,Mumbai,Maharashtra,Free,Shark Pitch India S4,Show,Reality,Hindi,55
E12194,U1719,C135,pause,2026-02-03,Mobile,61,0,26-35,Female,Patna,Bihar,Premium,Fighter Wing Alpha,Movie,Action,Hindi,145
E12195,U1621,C149,complete,2026-02-05,Mobile,18,1,18-25,Male,Bengaluru,Karnataka,VIP,Shinchan Laugh Club,Series,Kids,Tamil,20
E12196,U1340,C148,complete,2026-02-22,Smart TV,18,1,18-25,Male,Kolkata,West Bengal,Premium,Doraemon Magic Gadgets,Series,Kids,Hindi,20
E12197,U1725,C111,complete,2026-02-21,Web,21,1,26-35,Female,Bengaluru,Karnataka,VIP,Yeh Rishta: Family Bonds,Show,Drama,Hindi,22
E12198,U1352,C111,pause,2026-01-13,Smart TV,10,0,26-35,Male,Mumbai,Maharashtra,Free,Yeh Rishta: Family Bonds,Show,Drama,Hindi,22
E12199,U1487,C106,pause,2026-02-20,Smart TV,7,0,18-25,Other,Chennai,Tamil Nadu,Free,WPL T20 Blockbuster Match,Sports,Sports,Hindi,60
E12200,U1255,C138,pause,2026-01-28,Mobile,18,0,18-25,Male,Hyderabad,Telangana,VIP,Bigg Boss Tamil Season 8,Show,Reality,Tamil,60
E12201,U1301,C114,play,2026-02-11,Mobile,5,0,36-45,Female,Mumbai,Maharashtra,Premium,Telugu Royal Heritage,Series,Drama,Telugu,45
E12202,U1625,C149,complete,2026-01-29,Smart TV,18,1,18-25,Female,Bengaluru,Karnataka,VIP,Shinchan Laugh Club,Series,Kids,Tamil,20
E12203,U1700,C103,complete,2026-02-12,Web,57,1,36-45,Male,Delhi,Delhi,Premium,Premier League Weekly Showdown,Sports,Sports,English,60
E12204,U1741,C102,play,2026-01-05,Web,44,0,26-35,Male,Kolkata,West Bengal,Free,IPL Mega Auction Live Replay,Sports,Sports,Hindi,90
E12205,U1229,C113,pause,2026-01-20,Smart TV,28,0,18-25,Female,Mumbai,Maharashtra,Free,Kaithi Revenge Chronicles,Movie,Drama,Tamil,140
E12206,U1157,C129,pause,2026-02-21,Smart TV,42,0,26-35,Female,Lucknow,Uttar Pradesh,Free,Tiger Underground Strike,Movie,Action,Hindi,155
E12207,U1471,C104,pause,2026-02-09,Tablet,11,0,46+,Male,Lucknow,Uttar Pradesh,VIP,IND vs ENG Test Day 3 Highlights,Sports,Sports,English,50
E12208,U1259,C137,complete,2026-01-02,Mobile,59,1,18-25,Male,Lucknow,Uttar Pradesh,VIP,Bigg Boss All-Stars Hindi,Show,Reality,Hindi,60
E12209,U1455,C107,pause,2026-02-16,Smart TV,27,0,26-35,Male,Delhi,Delhi,Free,Champions Trophy Pre-Show,Sports,Sports,Telugu,40
E12210,U1284,C131,play,2026-01-10,Web,79,0,18-25,Female,Bengaluru,Karnataka,Free,Devara Storm Rising,Movie,Action,Telugu,160
E12211,U1115,C133,complete,2026-01-13,Smart TV,46,1,26-35,Female,Bengaluru,Karnataka,VIP,Rudra: The Edge of Darkness,Series,Action,Hindi,48
E12212,U1673,C131,complete,2026-02-14,Mobile,157,1,26-35,Male,Pune,Maharashtra,VIP,Devara Storm Rising,Movie,Action,Telugu,160
E12213,U1531,C146,pause,2026-01-28,Web,16,0,36-45,Female,Hyderabad,Telangana,VIP,Motu Patlu Space Adventure,Movie,Kids,Hindi,75
E12214,U1058,C115,complete,2026-02-05,Mobile,39,1,18-25,Male,Lucknow,Uttar Pradesh,Premium,Bengal Courtroom Secrets,Series,Drama,Bengali,40
E12215,U1729,C102,pause,2026-02-02,Mobile,42,0,18-25,Other,Jaipur,Rajasthan,Premium,IPL Mega Auction Live Replay,Sports,Sports,Hindi,90
E12216,U1610,C142,complete,2026-01-08,Mobile,40,1,18-25,Other,Bengaluru,Karnataka,Premium,Master Chef Kitchen Wars,Show,Reality,Hindi,45
E12217,U1108,C104,pause,2026-02-05,Smart TV,41,0,18-25,Female,Ahmedabad,Gujarat,VIP,IND vs ENG Test Day 3 Highlights,Sports,Sports,English,50
E12218,U1514,C132,complete,2026-02-12,Mobile,41,1,26-35,Male,Kolkata,West Bengal,Premium,Commando Force Mumbai,Series,Action,Hindi,42
E12219,U1600,C132,pause,2026-01-26,Web,17,0,46+,Female,Bengaluru,Karnataka,Free,Commando Force Mumbai,Series,Action,Hindi,42
E12220,U1363,C114,complete,2026-01-14,Smart TV,41,1,18-25,Male,Mumbai,Maharashtra,Free,Telugu Royal Heritage,Series,Drama,Telugu,45
E12221,U1739,C158,complete,2026-01-02,Mobile,29,1,26-35,Male,Kolkata,West Bengal,Free,State Express News Tamil,News,News,Tamil,30
E12222,U1479,C139,play,2026-02-24,Mobile,15,0,26-35,Male,Lucknow,Uttar Pradesh,VIP,Bigg Boss Telugu Live,Show,Reality,Telugu,60
E12223,U1561,C106,pause,2026-02-16,Web,27,0,26-35,Female,Mumbai,Maharashtra,Premium,WPL T20 Blockbuster Match,Sports,Sports,Hindi,60
E12224,U1717,C118,play,2026-01-14,Mobile,18,0,36-45,Male,Delhi,Delhi,Free,Kerala Waterfront Mystery,Series,Drama,Malayalam,48
E12225,U1282,C102,play,2026-02-25,Mobile,35,0,26-35,Male,Lucknow,Uttar Pradesh,Free,IPL Mega Auction Live Replay,Sports,Sports,Hindi,90
E12226,U1602,C103,complete,2026-02-13,Smart TV,55,1,26-35,Female,Mumbai,Maharashtra,Premium,Premier League Weekly Showdown,Sports,Sports,English,60
E12227,U1599,C111,complete,2026-01-15,Web,21,1,46+,Male,Kochi,Kerala,Free,Yeh Rishta: Family Bonds,Show,Drama,Hindi,22
E12228,U1646,C153,complete,2026-01-01,Smart TV,46,1,26-35,Male,Hyderabad,Telangana,Premium,India at 2030: Space Ambitions,Show,News,English,50
E12229,U1672,C103,complete,2026-02-02,Smart TV,57,1,26-35,Male,Delhi,Delhi,VIP,Premier League Weekly Showdown,Sports,Sports,English,60
E12230,U1594,C134,pause,2026-01-05,Mobile,40,0,18-25,Female,Delhi,Delhi,Free,Night Hunter Squad,Movie,Action,English,130
E12231,U1232,C111,complete,2026-01-05,Mobile,20,1,26-35,Male,Chennai,Tamil Nadu,Premium,Yeh Rishta: Family Bonds,Show,Drama,Hindi,22
E12232,U1602,C151,complete,2026-02-16,Smart TV,28,1,26-35,Female,Mumbai,Maharashtra,Premium,Daily Headlines 360,News,News,Hindi,30
E12233,U1192,C103,pause,2026-02-06,Smart TV,21,0,18-25,Male,Mumbai,Maharashtra,Free,Premier League Weekly Showdown,Sports,Sports,English,60
E12234,U1700,C104,complete,2026-01-21,Smart TV,46,1,36-45,Male,Delhi,Delhi,Premium,IND vs ENG Test Day 3 Highlights,Sports,Sports,English,50
E12235,U1342,C123,complete,2026-02-21,Web,24,1,26-35,Male,Delhi,Delhi,Free,Sarabhai Classic Revival,Series,Comedy,Hindi,25
E12236,U1094,C110,complete,2026-02-09,Mobile,22,1,36-45,Female,Kolkata,West Bengal,Free,Anupama: New Beginnings,Show,Drama,Hindi,25
E12237,U1654,C123,pause,2026-01-13,Mobile,3,0,18-25,Male,Mumbai,Maharashtra,VIP,Sarabhai Classic Revival,Series,Comedy,Hindi,25
E12238,U1433,C139,pause,2026-02-11,Mobile,16,0,18-25,Male,Kochi,Kerala,Premium,Bigg Boss Telugu Live,Show,Reality,Telugu,60
E12239,U1345,C102,complete,2026-01-28,Tablet,81,1,26-35,Male,Pune,Maharashtra,VIP,IPL Mega Auction Live Replay,Sports,Sports,Hindi,90
E12240,U1374,C122,pause,2026-02-11,Mobile,10,0,26-35,Male,Mumbai,Maharashtra,VIP,Taarak Laugh Fest Episodes,Show,Comedy,Hindi,22
E12241,U1296,C139,complete,2026-02-03,Mobile,57,1,46+,Female,Kolkata,West Bengal,VIP,Bigg Boss Telugu Live,Show,Reality,Telugu,60
E12242,U1405,C122,complete,2026-03-01,Mobile,21,1,18-25,Male,Lucknow,Uttar Pradesh,Premium,Taarak Laugh Fest Episodes,Show,Comedy,Hindi,22
E12243,U1144,C132,pause,2026-02-08,Smart TV,26,0,26-35,Male,Bengaluru,Karnataka,Free,Commando Force Mumbai,Series,Action,Hindi,42
E12244,U1061,C140,complete,2026-02-13,Mobile,49,1,26-35,Female,Mumbai,Maharashtra,Premium,Dance India Dance Championship,Show,Reality,Hindi,50
E12245,U1553,C129,complete,2026-01-11,Mobile,141,1,18-25,Male,Hyderabad,Telangana,VIP,Tiger Underground Strike,Movie,Action,Hindi,155
E12246,U1082,C103,pause,2026-01-19,Web,22,0,18-25,Male,Chennai,Tamil Nadu,Premium,Premier League Weekly Showdown,Sports,Sports,English,60
E12247,U1429,C121,pause,2026-01-27,Web,17,0,26-35,Male,Mumbai,Maharashtra,Free,The Great Indian Comedy Lab,Show,Comedy,Hindi,35
E12248,U1724,C121,pause,2026-01-20,Mobile,16,0,18-25,Male,Bengaluru,Karnataka,VIP,The Great Indian Comedy Lab,Show,Comedy,Hindi,35
E12249,U1434,C130,play,2026-01-25,Web,23,0,18-25,Male,Hyderabad,Telangana,VIP,Vikram: Shadow Commander,Movie,Action,Tamil,165
E12250,U1673,C119,complete,2026-01-02,Tablet,51,1,26-35,Male,Pune,Maharashtra,VIP,The Crown Dynasty Legacy,Series,Drama,English,55
E12251,U1305,C115,complete,2026-02-17,Smart TV,36,1,18-25,Other,Bengaluru,Karnataka,Free,Bengal Courtroom Secrets,Series,Drama,Bengali,40
E12252,U1294,C111,complete,2026-01-06,Mobile,20,1,18-25,Male,Kolkata,West Bengal,VIP,Yeh Rishta: Family Bonds,Show,Drama,Hindi,22
E12253,U1070,C133,complete,2026-01-15,Smart TV,46,1,26-35,Female,Bengaluru,Karnataka,VIP,Rudra: The Edge of Darkness,Series,Action,Hindi,48
E12254,U1237,C102,pause,2026-01-08,Mobile,7,0,26-35,Male,Hyderabad,Telangana,Free,IPL Mega Auction Live Replay,Sports,Sports,Hindi,90
E12255,U1111,C106,complete,2026-01-06,Mobile,55,1,18-25,Male,Mumbai,Maharashtra,VIP,WPL T20 Blockbuster Match,Sports,Sports,Hindi,60
E12256,U1643,C131,pause,2026-01-22,Web,67,0,26-35,Male,Chennai,Tamil Nadu,Free,Devara Storm Rising,Movie,Action,Telugu,160
E12257,U1464,C115,play,2026-02-18,Mobile,8,0,26-35,Female,Chennai,Tamil Nadu,VIP,Bengal Courtroom Secrets,Series,Drama,Bengali,40
E12258,U1189,C147,pause,2026-01-05,Web,5,0,36-45,Male,Mumbai,Maharashtra,VIP,Little Singham Rescue Mission,Series,Kids,Hindi,20
E12259,U1597,C113,pause,2026-02-08,Mobile,53,0,36-45,Female,Mumbai,Maharashtra,VIP,Kaithi Revenge Chronicles,Movie,Drama,Tamil,140
E12260,U1170,C137,complete,2026-01-15,Web,56,1,18-25,Male,Jaipur,Rajasthan,VIP,Bigg Boss All-Stars Hindi,Show,Reality,Hindi,60
E12261,U1437,C111,complete,2026-02-23,Mobile,21,1,26-35,Female,Jaipur,Rajasthan,Free,Yeh Rishta: Family Bonds,Show,Drama,Hindi,22
E12262,U1502,C128,complete,2026-01-27,Mobile,107,1,18-25,Female,Delhi,Delhi,Free,College Boys Chaos,Movie,Comedy,Hindi,115
E12263,U1087,C138,complete,2026-02-22,Smart TV,57,1,26-35,Female,Hyderabad,Telangana,Free,Bigg Boss Tamil Season 8,Show,Reality,Tamil,60
E12264,U1405,C140,pause,2026-01-07,Mobile,10,0,18-25,Male,Lucknow,Uttar Pradesh,Premium,Dance India Dance Championship,Show,Reality,Hindi,50
E12265,U1724,C160,complete,2026-01-12,Smart TV,27,1,18-25,Male,Bengaluru,Karnataka,VIP,Maharashtra Maha News,News,News,Marathi,30
E12266,U1076,C122,complete,2026-02-03,Mobile,21,1,18-25,Female,Jaipur,Rajasthan,Free,Taarak Laugh Fest Episodes,Show,Comedy,Hindi,22
E12267,U1262,C112,complete,2026-02-21,Smart TV,46,1,36-45,Male,Ahmedabad,Gujarat,Free,City of Dreams: The Succession,Series,Drama,Hindi,50
E12268,U1444,C144,complete,2026-01-18,Mobile,40,1,46+,Female,Bengaluru,Karnataka,VIP,Koffee Spotlight Lounge,Show,Reality,English,45
E12269,U1430,C143,complete,2026-01-15,Mobile,43,1,46+,Female,Bengaluru,Karnataka,Premium,Roadies Quest,Show,Reality,Hindi,45
E12270,U1430,C142,pause,2026-01-08,Mobile,11,0,46+,Female,Bengaluru,Karnataka,Premium,Master Chef Kitchen Wars,Show,Reality,Hindi,45
E12271,U1142,C144,complete,2026-02-15,Mobile,42,1,26-35,Male,Kochi,Kerala,VIP,Koffee Spotlight Lounge,Show,Reality,English,45
E12272,U1450,C107,play,2026-02-05,Smart TV,29,0,18-25,Female,Ahmedabad,Gujarat,Free,Champions Trophy Pre-Show,Sports,Sports,Telugu,40
E12273,U1704,C156,pause,2026-02-15,Mobile,8,0,26-35,Female,Bengaluru,Karnataka,Premium,Cricket Icons: The Untold Story,Show,News,Hindi,45
E12274,U1275,C112,complete,2026-01-06,Mobile,46,1,26-35,Male,Mumbai,Maharashtra,VIP,City of Dreams: The Succession,Series,Drama,Hindi,50
E12275,U1047,C150,complete,2026-02-26,Smart TV,20,1,18-25,Male,Patna,Bihar,Free,Super Bheem Galactic Battle,Series,Kids,Telugu,22
E12276,U1126,C142,play,2026-01-13,Mobile,6,0,26-35,Male,Bengaluru,Karnataka,Premium,Master Chef Kitchen Wars,Show,Reality,Hindi,45
E12277,U1229,C112,complete,2026-01-20,Mobile,45,1,18-25,Female,Mumbai,Maharashtra,Free,City of Dreams: The Succession,Series,Drama,Hindi,50
E12278,U1162,C120,complete,2026-02-21,Smart TV,43,1,18-25,Female,Bengaluru,Karnataka,VIP,Succession Politics India,Series,Drama,Hindi,45
E12279,U1503,C140,complete,2026-02-27,Mobile,47,1,46+,Male,Kolkata,West Bengal,VIP,Dance India Dance Championship,Show,Reality,Hindi,50
E12280,U1743,C134,pause,2026-02-18,Smart TV,69,0,18-25,Female,Delhi,Delhi,VIP,Night Hunter Squad,Movie,Action,English,130
E12281,U1443,C102,play,2026-01-29,Web,42,0,26-35,Male,Chennai,Tamil Nadu,VIP,IPL Mega Auction Live Replay,Sports,Sports,Hindi,90
E12282,U1672,C103,play,2026-01-04,Mobile,13,0,26-35,Male,Delhi,Delhi,VIP,Premier League Weekly Showdown,Sports,Sports,English,60
E12283,U1107,C126,complete,2026-01-11,Smart TV,27,1,36-45,Male,Mumbai,Maharashtra,Free,Telugu Comedy Superstars,Show,Comedy,Telugu,30
E12284,U1616,C131,play,2026-02-16,Mobile,26,0,26-35,Male,Lucknow,Uttar Pradesh,Free,Devara Storm Rising,Movie,Action,Telugu,160
E12285,U1660,C149,complete,2026-01-10,Mobile,19,1,18-25,Male,Mumbai,Maharashtra,Free,Shinchan Laugh Club,Series,Kids,Tamil,20
E12286,U1469,C109,complete,2026-01-07,Mobile,42,1,26-35,Male,Mumbai,Maharashtra,VIP,Special Ops: Desert Falcon,Series,Drama,Hindi,45
E12287,U1149,C144,complete,2026-01-30,Mobile,41,1,46+,Male,Hyderabad,Telangana,Free,Koffee Spotlight Lounge,Show,Reality,English,45
E12288,U1336,C138,pause,2026-02-22,Mobile,28,0,26-35,Female,Bengaluru,Karnataka,VIP,Bigg Boss Tamil Season 8,Show,Reality,Tamil,60
E12289,U1006,C144,play,2026-01-21,Mobile,17,0,18-25,Male,Pune,Maharashtra,Free,Koffee Spotlight Lounge,Show,Reality,English,45
E12290,U1178,C139,pause,2026-02-27,Mobile,10,0,26-35,Female,Chennai,Tamil Nadu,VIP,Bigg Boss Telugu Live,Show,Reality,Telugu,60
E12291,U1117,C109,pause,2026-01-02,Smart TV,32,0,18-25,Male,Delhi,Delhi,Premium,Special Ops: Desert Falcon,Series,Drama,Hindi,45
E12292,U1149,C137,complete,2026-01-19,Tablet,54,1,46+,Male,Hyderabad,Telangana,Free,Bigg Boss All-Stars Hindi,Show,Reality,Hindi,60
E12293,U1348,C152,play,2026-01-02,Smart TV,17,0,26-35,Male,Kolkata,West Bengal,Free,Global Tech & Economy Report,News,News,English,25
E12294,U1060,C137,pause,2026-01-24,Tablet,11,0,26-35,Other,Hyderabad,Telangana,Free,Bigg Boss All-Stars Hindi,Show,Reality,Hindi,60
E12295,U1036,C142,play,2026-01-30,Smart TV,13,0,26-35,Female,Mumbai,Maharashtra,VIP,Master Chef Kitchen Wars,Show,Reality,Hindi,45
E12296,U1555,C154,pause,2026-02-22,Web,16,0,26-35,Female,Jaipur,Rajasthan,VIP,Elections Ground Pulse,News,News,Hindi,35
E12297,U1187,C104,complete,2026-03-01,Smart TV,49,1,26-35,Female,Ahmedabad,Gujarat,Premium,IND vs ENG Test Day 3 Highlights,Sports,Sports,English,50
E12298,U1191,C117,complete,2026-01-29,Smart TV,23,1,26-35,Female,Bengaluru,Karnataka,VIP,Ghar Ek Mandir Classic,Show,Drama,Marathi,24
E12299,U1105,C135,complete,2026-01-05,Smart TV,143,1,26-35,Female,Bengaluru,Karnataka,Free,Fighter Wing Alpha,Movie,Action,Hindi,145
E12300,U1122,C113,pause,2026-01-26,Mobile,65,0,46+,Male,Hyderabad,Telangana,Premium,Kaithi Revenge Chronicles,Movie,Drama,Tamil,140
E12301,U1574,C111,play,2026-02-01,Mobile,9,0,18-25,Male,Kolkata,West Bengal,VIP,Yeh Rishta: Family Bonds,Show,Drama,Hindi,22
E12302,U1178,C107,pause,2026-01-06,Smart TV,28,0,26-35,Female,Chennai,Tamil Nadu,VIP,Champions Trophy Pre-Show,Sports,Sports,Telugu,40
E12303,U1057,C102,play,2026-02-14,Mobile,8,0,18-25,Female,Chennai,Tamil Nadu,Free,IPL Mega Auction Live Replay,Sports,Sports,Hindi,90
E12304,U1424,C141,complete,2026-02-27,Smart TV,54,1,18-25,Female,Mumbai,Maharashtra,VIP,Shark Pitch India S4,Show,Reality,Hindi,55
E12305,U1049,C143,play,2026-03-01,Web,22,0,26-35,Female,Mumbai,Maharashtra,Free,Roadies Quest,Show,Reality,Hindi,45
E12306,U1157,C106,play,2026-01-12,Mobile,23,0,26-35,Female,Lucknow,Uttar Pradesh,Free,WPL T20 Blockbuster Match,Sports,Sports,Hindi,60
E12307,U1453,C138,complete,2026-01-12,Web,54,1,18-25,Female,Mumbai,Maharashtra,Premium,Bigg Boss Tamil Season 8,Show,Reality,Tamil,60
E12308,U1097,C123,complete,2026-01-30,Mobile,23,1,26-35,Male,Delhi,Delhi,Premium,Sarabhai Classic Revival,Series,Comedy,Hindi,25
E12309,U1123,C101,complete,2026-01-12,Web,41,1,18-25,Female,Ahmedabad,Gujarat,VIP,IND vs AUS T20 Cup Highlights,Sports,Sports,Hindi,45
E12310,U1286,C113,play,2026-01-13,Web,66,0,26-35,Female,Delhi,Delhi,VIP,Kaithi Revenge Chronicles,Movie,Drama,Tamil,140
E12311,U1680,C138,play,2026-01-19,Mobile,10,0,26-35,Male,Jaipur,Rajasthan,VIP,Bigg Boss Tamil Season 8,Show,Reality,Tamil,60
E12312,U1224,C144,complete,2026-02-01,Web,44,1,36-45,Male,Delhi,Delhi,VIP,Koffee Spotlight Lounge,Show,Reality,English,45
E12313,U1386,C129,complete,2026-01-11,Mobile,139,1,46+,Female,Kolkata,West Bengal,Free,Tiger Underground Strike,Movie,Action,Hindi,155
E12314,U1006,C116,pause,2026-02-19,Smart TV,77,0,18-25,Male,Pune,Maharashtra,Free,Kolkata Love Diary,Movie,Drama,Bengali,125
E12315,U1663,C107,complete,2026-02-27,Smart TV,38,1,26-35,Female,Delhi,Delhi,VIP,Champions Trophy Pre-Show,Sports,Sports,Telugu,40
E12316,U1123,C119,complete,2026-02-17,Smart TV,54,1,18-25,Female,Ahmedabad,Gujarat,VIP,The Crown Dynasty Legacy,Series,Drama,English,55
E12317,U1234,C109,play,2026-01-11,Mobile,14,0,46+,Male,Bengaluru,Karnataka,Free,Special Ops: Desert Falcon,Series,Drama,Hindi,45
E12318,U1685,C128,complete,2026-02-04,Mobile,108,1,46+,Female,Mumbai,Maharashtra,Free,College Boys Chaos,Movie,Comedy,Hindi,115
E12319,U1054,C141,play,2026-01-10,Mobile,20,0,26-35,Male,Hyderabad,Telangana,VIP,Shark Pitch India S4,Show,Reality,Hindi,55
E12320,U1449,C105,pause,2026-01-03,Mobile,38,0,18-25,Male,Hyderabad,Telangana,Premium,Pro Kabaddi League Finals,Sports,Sports,Tamil,70
E12321,U1104,C113,pause,2026-01-30,Smart TV,57,0,18-25,Male,Mumbai,Maharashtra,Free,Kaithi Revenge Chronicles,Movie,Drama,Tamil,140
E12322,U1507,C142,complete,2026-01-19,Smart TV,43,1,26-35,Male,Kolkata,West Bengal,Premium,Master Chef Kitchen Wars,Show,Reality,Hindi,45
E12323,U1506,C153,complete,2026-01-17,Mobile,46,1,36-45,Male,Kolkata,West Bengal,Premium,India at 2030: Space Ambitions,Show,News,English,50
E12324,U1469,C101,complete,2026-02-16,Smart TV,41,1,26-35,Male,Mumbai,Maharashtra,VIP,IND vs AUS T20 Cup Highlights,Sports,Sports,Hindi,45
E12325,U1069,C134,complete,2026-02-04,Smart TV,120,1,36-45,Female,Ahmedabad,Gujarat,Premium,Night Hunter Squad,Movie,Action,English,130
E12326,U1642,C109,complete,2026-01-12,Web,43,1,26-35,Female,Kolkata,West Bengal,Premium,Special Ops: Desert Falcon,Series,Drama,Hindi,45
E12327,U1641,C104,pause,2026-02-12,Web,15,0,18-25,Female,Patna,Bihar,Free,IND vs ENG Test Day 3 Highlights,Sports,Sports,English,50
E12328,U1684,C105,complete,2026-01-27,Mobile,66,1,18-25,Female,Mumbai,Maharashtra,VIP,Pro Kabaddi League Finals,Sports,Sports,Tamil,70
E12329,U1407,C159,complete,2026-01-08,Mobile,24,1,46+,Male,Patna,Bihar,VIP,Bengal Morning Bulletin,News,News,Bengali,25
E12330,U1401,C110,complete,2026-02-18,Mobile,24,1,36-45,Male,Hyderabad,Telangana,VIP,Anupama: New Beginnings,Show,Drama,Hindi,25
E12331,U1091,C143,play,2026-02-28,Mobile,7,0,26-35,Female,Delhi,Delhi,Premium,Roadies Quest,Show,Reality,Hindi,45
E12332,U1700,C120,complete,2026-01-21,Mobile,41,1,36-45,Male,Delhi,Delhi,Premium,Succession Politics India,Series,Drama,Hindi,45
E12333,U1588,C154,complete,2026-02-17,Smart TV,34,1,26-35,Male,Kolkata,West Bengal,VIP,Elections Ground Pulse,News,News,Hindi,35
E12334,U1230,C139,play,2026-01-08,Smart TV,16,0,18-25,Male,Mumbai,Maharashtra,Free,Bigg Boss Telugu Live,Show,Reality,Telugu,60
E12335,U1463,C137,complete,2026-01-12,Mobile,54,1,26-35,Female,Bengaluru,Karnataka,Free,Bigg Boss All-Stars Hindi,Show,Reality,Hindi,60
E12336,U1011,C136,complete,2026-01-14,Mobile,111,1,18-25,Male,Delhi,Delhi,VIP,Speed Street Heist,Movie,Action,English,120
E12337,U1600,C105,pause,2026-02-25,Smart TV,55,0,46+,Female,Bengaluru,Karnataka,Free,Pro Kabaddi League Finals,Sports,Sports,Tamil,70
E12338,U1537,C104,play,2026-02-07,Mobile,7,0,18-25,Female,Hyderabad,Telangana,Free,IND vs ENG Test Day 3 Highlights,Sports,Sports,English,50
E12339,U1462,C157,pause,2026-02-14,Mobile,5,0,18-25,Female,Kochi,Kerala,VIP,Startup Founders Blueprint,Show,News,English,40
E12340,U1137,C138,complete,2026-01-27,Mobile,56,1,26-35,Female,Delhi,Delhi,VIP,Bigg Boss Tamil Season 8,Show,Reality,Tamil,60
E12341,U1013,C136,complete,2026-03-01,Mobile,108,1,26-35,Female,Mumbai,Maharashtra,VIP,Speed Street Heist,Movie,Action,English,120
E12342,U1135,C106,pause,2026-01-21,Mobile,10,0,26-35,Female,Mumbai,Maharashtra,Free,WPL T20 Blockbuster Match,Sports,Sports,Hindi,60
E12343,U1477,C114,complete,2026-01-16,Mobile,42,1,26-35,Male,Kochi,Kerala,Premium,Telugu Royal Heritage,Series,Drama,Telugu,45
E12344,U1419,C101,play,2026-02-09,Mobile,24,0,18-25,Female,Lucknow,Uttar Pradesh,VIP,IND vs AUS T20 Cup Highlights,Sports,Sports,Hindi,45
E12345,U1117,C140,complete,2026-02-04,Smart TV,47,1,18-25,Male,Delhi,Delhi,Premium,Dance India Dance Championship,Show,Reality,Hindi,50
E12346,U1536,C106,pause,2026-02-24,Mobile,11,0,18-25,Male,Mumbai,Maharashtra,Free,WPL T20 Blockbuster Match,Sports,Sports,Hindi,60
E12347,U1425,C146,play,2026-02-26,Web,46,0,18-25,Male,Bengaluru,Karnataka,VIP,Motu Patlu Space Adventure,Movie,Kids,Hindi,75
E12348,U1719,C108,pause,2026-01-08,Mobile,7,0,26-35,Female,Patna,Bihar,Premium,ISL Football Clash of Titans,Sports,Sports,Bengali,60
E12349,U1670,C155,pause,2026-01-30,Web,28,0,18-25,Male,Chennai,Tamil Nadu,VIP,Wildlife Wonders: Western Ghats,Show,News,English,52
E12350,U1068,C119,pause,2026-01-10,Mobile,4,0,18-25,Female,Bengaluru,Karnataka,Free,The Crown Dynasty Legacy,Series,Drama,English,55
E12351,U1506,C141,complete,2026-01-07,Mobile,52,1,36-45,Male,Kolkata,West Bengal,Premium,Shark Pitch India S4,Show,Reality,Hindi,55
E12352,U1512,C143,complete,2026-01-30,Smart TV,44,1,26-35,Female,Mumbai,Maharashtra,VIP,Roadies Quest,Show,Reality,Hindi,45
E12353,U1560,C138,play,2026-02-14,Mobile,25,0,26-35,Male,Kolkata,West Bengal,Free,Bigg Boss Tamil Season 8,Show,Reality,Tamil,60
E12354,U1012,C153,complete,2026-01-28,Mobile,48,1,18-25,Male,Hyderabad,Telangana,VIP,India at 2030: Space Ambitions,Show,News,English,50
E12355,U1571,C138,complete,2026-03-01,Web,57,1,36-45,Female,Hyderabad,Telangana,Free,Bigg Boss Tamil Season 8,Show,Reality,Tamil,60
E12356,U1409,C104,complete,2026-02-09,Smart TV,48,1,18-25,Male,Bengaluru,Karnataka,Free,IND vs ENG Test Day 3 Highlights,Sports,Sports,English,50
E12357,U1086,C131,complete,2026-02-14,Tablet,158,1,26-35,Female,Delhi,Delhi,VIP,Devara Storm Rising,Movie,Action,Telugu,160
E12358,U1071,C156,pause,2026-01-20,Mobile,18,0,26-35,Female,Mumbai,Maharashtra,Premium,Cricket Icons: The Untold Story,Show,News,Hindi,45
E12359,U1265,C123,complete,2026-02-16,Smart TV,24,1,18-25,Female,Bengaluru,Karnataka,VIP,Sarabhai Classic Revival,Series,Comedy,Hindi,25
E12360,U1103,C117,pause,2026-01-11,Mobile,6,0,18-25,Male,Delhi,Delhi,VIP,Ghar Ek Mandir Classic,Show,Drama,Marathi,24
E12361,U1464,C115,complete,2026-01-20,Web,37,1,26-35,Female,Chennai,Tamil Nadu,VIP,Bengal Courtroom Secrets,Series,Drama,Bengali,40
E12362,U1466,C130,complete,2026-02-08,Web,153,1,36-45,Male,Ahmedabad,Gujarat,Free,Vikram: Shadow Commander,Movie,Action,Tamil,165
E12363,U1198,C119,play,2026-02-07,Smart TV,36,0,46+,Female,Bengaluru,Karnataka,Free,The Crown Dynasty Legacy,Series,Drama,English,55
E12364,U1651,C101,pause,2026-02-07,Mobile,20,0,46+,Female,Kochi,Kerala,VIP,IND vs AUS T20 Cup Highlights,Sports,Sports,Hindi,45
E12365,U1743,C113,complete,2026-01-02,Smart TV,131,1,18-25,Female,Delhi,Delhi,VIP,Kaithi Revenge Chronicles,Movie,Drama,Tamil,140
E12366,U1429,C127,complete,2026-01-17,Smart TV,29,1,26-35,Male,Mumbai,Maharashtra,Free,Pune Pun Factory,Show,Comedy,Marathi,30
E12367,U1426,C136,complete,2026-02-02,Web,111,1,26-35,Female,Kolkata,West Bengal,Free,Speed Street Heist,Movie,Action,English,120
E12368,U1134,C131,complete,2026-01-16,Mobile,150,1,26-35,Female,Delhi,Delhi,VIP,Devara Storm Rising,Movie,Action,Telugu,160
E12369,U1213,C121,complete,2026-02-07,Web,32,1,18-25,Female,Delhi,Delhi,Free,The Great Indian Comedy Lab,Show,Comedy,Hindi,35
E12370,U1408,C126,complete,2026-01-02,Tablet,28,1,36-45,Male,Chennai,Tamil Nadu,Free,Telugu Comedy Superstars,Show,Comedy,Telugu,30
E12371,U1191,C113,complete,2026-02-21,Smart TV,134,1,26-35,Female,Bengaluru,Karnataka,VIP,Kaithi Revenge Chronicles,Movie,Drama,Tamil,140
E12372,U1298,C101,complete,2026-01-03,Tablet,44,1,18-25,Female,Chennai,Tamil Nadu,Free,IND vs AUS T20 Cup Highlights,Sports,Sports,Hindi,45
E12373,U1113,C105,pause,2026-01-04,Mobile,15,0,18-25,Male,Mumbai,Maharashtra,Free,Pro Kabaddi League Finals,Sports,Sports,Tamil,70
E12374,U1012,C127,pause,2026-01-15,Mobile,7,0,18-25,Male,Hyderabad,Telangana,VIP,Pune Pun Factory,Show,Comedy,Marathi,30
E12375,U1001,C144,complete,2026-01-03,Smart TV,43,1,26-35,Male,Delhi,Delhi,Free,Koffee Spotlight Lounge,Show,Reality,English,45
E12376,U1245,C113,play,2026-01-17,Web,63,0,36-45,Female,Kolkata,West Bengal,Premium,Kaithi Revenge Chronicles,Movie,Drama,Tamil,140
E12377,U1629,C138,complete,2026-01-16,Mobile,59,1,46+,Male,Kolkata,West Bengal,VIP,Bigg Boss Tamil Season 8,Show,Reality,Tamil,60
E12378,U1011,C149,complete,2026-01-01,Mobile,18,1,18-25,Male,Delhi,Delhi,VIP,Shinchan Laugh Club,Series,Kids,Tamil,20
E12379,U1146,C135,pause,2026-02-25,Smart TV,59,0,18-25,Female,Mumbai,Maharashtra,Free,Fighter Wing Alpha,Movie,Action,Hindi,145
E12380,U1591,C115,pause,2026-01-07,Mobile,22,0,18-25,Male,Mumbai,Maharashtra,VIP,Bengal Courtroom Secrets,Series,Drama,Bengali,40
E12381,U1426,C140,play,2026-01-19,Mobile,17,0,26-35,Female,Kolkata,West Bengal,Free,Dance India Dance Championship,Show,Reality,Hindi,50
E12382,U1330,C128,pause,2026-01-08,Mobile,50,0,18-25,Female,Bengaluru,Karnataka,Premium,College Boys Chaos,Movie,Comedy,Hindi,115
E12383,U1401,C106,pause,2026-01-14,Web,6,0,36-45,Male,Hyderabad,Telangana,VIP,WPL T20 Blockbuster Match,Sports,Sports,Hindi,60
E12384,U1325,C146,complete,2026-01-20,Mobile,74,1,26-35,Male,Kochi,Kerala,Free,Motu Patlu Space Adventure,Movie,Kids,Hindi,75
E12385,U1711,C110,pause,2026-01-22,Smart TV,10,0,18-25,Male,Bengaluru,Karnataka,VIP,Anupama: New Beginnings,Show,Drama,Hindi,25
E12386,U1714,C128,pause,2026-01-03,Web,35,0,18-25,Male,Patna,Bihar,VIP,College Boys Chaos,Movie,Comedy,Hindi,115
E12387,U1286,C140,complete,2026-02-08,Mobile,46,1,26-35,Female,Delhi,Delhi,VIP,Dance India Dance Championship,Show,Reality,Hindi,50
E12388,U1331,C122,play,2026-01-12,Mobile,3,0,26-35,Female,Mumbai,Maharashtra,VIP,Taarak Laugh Fest Episodes,Show,Comedy,Hindi,22
E12389,U1084,C101,pause,2026-02-20,Mobile,18,0,46+,Female,Hyderabad,Telangana,VIP,IND vs AUS T20 Cup Highlights,Sports,Sports,Hindi,45
E12390,U1019,C124,play,2026-01-21,Mobile,22,0,18-25,Female,Jaipur,Rajasthan,Free,Standup Special: Bangalore Humor,Show,Comedy,English,65
E12391,U1283,C108,complete,2026-02-22,Mobile,59,1,18-25,Female,Pune,Maharashtra,VIP,ISL Football Clash of Titans,Sports,Sports,Bengali,60
E12392,U1161,C109,pause,2026-02-16,Mobile,25,0,26-35,Male,Pune,Maharashtra,Premium,Special Ops: Desert Falcon,Series,Drama,Hindi,45
E12393,U1262,C104,pause,2026-01-16,Smart TV,27,0,36-45,Male,Ahmedabad,Gujarat,Free,IND vs ENG Test Day 3 Highlights,Sports,Sports,English,50
E12394,U1298,C134,play,2026-01-31,Web,17,0,18-25,Female,Chennai,Tamil Nadu,Free,Night Hunter Squad,Movie,Action,English,130
E12395,U1166,C140,pause,2026-01-18,Mobile,16,0,36-45,Male,Mumbai,Maharashtra,Free,Dance India Dance Championship,Show,Reality,Hindi,50
E12396,U1407,C127,complete,2026-02-13,Mobile,27,1,46+,Male,Patna,Bihar,VIP,Pune Pun Factory,Show,Comedy,Marathi,30
E12397,U1238,C114,play,2026-01-09,Mobile,7,0,26-35,Male,Kolkata,West Bengal,Premium,Telugu Royal Heritage,Series,Drama,Telugu,45
E12398,U1544,C113,pause,2026-01-06,Mobile,33,0,36-45,Male,Delhi,Delhi,Premium,Kaithi Revenge Chronicles,Movie,Drama,Tamil,140
E12399,U1340,C102,complete,2026-01-24,Web,86,1,18-25,Male,Kolkata,West Bengal,Premium,IPL Mega Auction Live Replay,Sports,Sports,Hindi,90
E12400,U1228,C104,complete,2026-02-18,Mobile,47,1,36-45,Male,Mumbai,Maharashtra,Free,IND vs ENG Test Day 3 Highlights,Sports,Sports,English,50
E12401,U1278,C108,complete,2026-02-16,Smart TV,59,1,26-35,Male,Jaipur,Rajasthan,VIP,ISL Football Clash of Titans,Sports,Sports,Bengali,60
E12402,U1563,C138,pause,2026-01-20,Mobile,18,0,46+,Female,Delhi,Delhi,Premium,Bigg Boss Tamil Season 8,Show,Reality,Tamil,60
E12403,U1538,C157,complete,2026-02-08,Mobile,39,1,26-35,Female,Chennai,Tamil Nadu,Free,Startup Founders Blueprint,Show,News,English,40
E12404,U1141,C114,pause,2026-01-14,Mobile,8,0,36-45,Male,Bengaluru,Karnataka,Free,Telugu Royal Heritage,Series,Drama,Telugu,45
E12405,U1320,C144,complete,2026-02-03,Mobile,44,1,26-35,Male,Mumbai,Maharashtra,VIP,Koffee Spotlight Lounge,Show,Reality,English,45
E12406,U1691,C157,complete,2026-02-04,Mobile,37,1,26-35,Male,Delhi,Delhi,Free,Startup Founders Blueprint,Show,News,English,40
E12407,U1672,C142,complete,2026-02-04,Smart TV,41,1,26-35,Male,Delhi,Delhi,VIP,Master Chef Kitchen Wars,Show,Reality,Hindi,45
E12408,U1361,C101,pause,2026-01-12,Web,12,0,36-45,Male,Patna,Bihar,Free,IND vs AUS T20 Cup Highlights,Sports,Sports,Hindi,45
E12409,U1082,C136,pause,2026-01-15,Mobile,22,0,18-25,Male,Chennai,Tamil Nadu,Premium,Speed Street Heist,Movie,Action,English,120
E12410,U1366,C141,complete,2026-01-07,Mobile,52,1,46+,Male,Jaipur,Rajasthan,VIP,Shark Pitch India S4,Show,Reality,Hindi,55
E12411,U1272,C136,complete,2026-01-06,Mobile,112,1,36-45,Female,Bengaluru,Karnataka,Premium,Speed Street Heist,Movie,Action,English,120
E12412,U1558,C120,complete,2026-02-07,Mobile,44,1,26-35,Male,Bengaluru,Karnataka,Free,Succession Politics India,Series,Drama,Hindi,45
E12413,U1700,C158,pause,2026-01-17,Mobile,4,0,36-45,Male,Delhi,Delhi,Premium,State Express News Tamil,News,News,Tamil,30
E12414,U1672,C132,pause,2026-02-06,Mobile,10,0,26-35,Male,Delhi,Delhi,VIP,Commando Force Mumbai,Series,Action,Hindi,42
E12415,U1444,C102,complete,2026-01-22,Mobile,86,1,46+,Female,Bengaluru,Karnataka,VIP,IPL Mega Auction Live Replay,Sports,Sports,Hindi,90
E12416,U1365,C129,complete,2026-02-15,Mobile,153,1,18-25,Female,Delhi,Delhi,VIP,Tiger Underground Strike,Movie,Action,Hindi,155
E12417,U1255,C104,pause,2026-01-19,Mobile,20,0,18-25,Male,Hyderabad,Telangana,VIP,IND vs ENG Test Day 3 Highlights,Sports,Sports,English,50
E12418,U1117,C112,pause,2026-02-18,Mobile,23,0,18-25,Male,Delhi,Delhi,Premium,City of Dreams: The Succession,Series,Drama,Hindi,50
E12419,U1703,C143,complete,2026-01-11,Smart TV,42,1,26-35,Male,Chennai,Tamil Nadu,Free,Roadies Quest,Show,Reality,Hindi,45
E12420,U1427,C144,play,2026-01-23,Web,12,0,18-25,Male,Mumbai,Maharashtra,Free,Koffee Spotlight Lounge,Show,Reality,English,45
E12421,U1570,C105,complete,2026-01-12,Mobile,67,1,18-25,Female,Mumbai,Maharashtra,VIP,Pro Kabaddi League Finals,Sports,Sports,Tamil,70
E12422,U1099,C120,play,2026-02-24,Smart TV,25,0,46+,Female,Hyderabad,Telangana,VIP,Succession Politics India,Series,Drama,Hindi,45
E12423,U1476,C103,pause,2026-02-25,Mobile,10,0,18-25,Male,Mumbai,Maharashtra,VIP,Premier League Weekly Showdown,Sports,Sports,English,60
E12424,U1344,C103,complete,2026-01-20,Mobile,57,1,46+,Female,Delhi,Delhi,VIP,Premier League Weekly Showdown,Sports,Sports,English,60
E12425,U1689,C110,complete,2026-03-01,Mobile,23,1,46+,Female,Mumbai,Maharashtra,Free,Anupama: New Beginnings,Show,Drama,Hindi,25
E12426,U1144,C123,pause,2026-01-06,Web,8,0,26-35,Male,Bengaluru,Karnataka,Free,Sarabhai Classic Revival,Series,Comedy,Hindi,25
E12427,U1124,C108,pause,2026-02-04,Mobile,14,0,36-45,Female,Mumbai,Maharashtra,VIP,ISL Football Clash of Titans,Sports,Sports,Bengali,60
E12428,U1074,C103,pause,2026-01-18,Mobile,19,0,26-35,Male,Mumbai,Maharashtra,VIP,Premier League Weekly Showdown,Sports,Sports,English,60
E12429,U1709,C114,pause,2026-02-28,Mobile,20,0,26-35,Male,Delhi,Delhi,Premium,Telugu Royal Heritage,Series,Drama,Telugu,45
E12430,U1654,C143,pause,2026-02-06,Smart TV,32,0,18-25,Male,Mumbai,Maharashtra,VIP,Roadies Quest,Show,Reality,Hindi,45
E12431,U1028,C113,complete,2026-01-14,Smart TV,131,1,46+,Female,Lucknow,Uttar Pradesh,VIP,Kaithi Revenge Chronicles,Movie,Drama,Tamil,140
E12432,U1152,C141,pause,2026-02-18,Mobile,12,0,18-25,Male,Bengaluru,Karnataka,VIP,Shark Pitch India S4,Show,Reality,Hindi,55
E12433,U1013,C138,complete,2026-01-21,Tablet,59,1,26-35,Female,Mumbai,Maharashtra,VIP,Bigg Boss Tamil Season 8,Show,Reality,Tamil,60
E12434,U1135,C135,pause,2026-02-07,Mobile,20,0,26-35,Female,Mumbai,Maharashtra,Free,Fighter Wing Alpha,Movie,Action,Hindi,145
E12435,U1051,C110,complete,2026-01-31,Web,23,1,26-35,Female,Chennai,Tamil Nadu,Free,Anupama: New Beginnings,Show,Drama,Hindi,25
E12436,U1227,C133,complete,2026-01-03,Mobile,46,1,18-25,Female,Pune,Maharashtra,VIP,Rudra: The Edge of Darkness,Series,Action,Hindi,48
E12437,U1435,C136,pause,2026-01-08,Mobile,15,0,18-25,Male,Bengaluru,Karnataka,Free,Speed Street Heist,Movie,Action,English,120
E12438,U1026,C114,complete,2026-01-14,Web,43,1,36-45,Male,Mumbai,Maharashtra,VIP,Telugu Royal Heritage,Series,Drama,Telugu,45
E12439,U1302,C147,pause,2026-02-18,Web,8,0,18-25,Male,Mumbai,Maharashtra,Free,Little Singham Rescue Mission,Series,Kids,Hindi,20
E12440,U1303,C148,pause,2026-02-06,Mobile,6,0,18-25,Male,Lucknow,Uttar Pradesh,Free,Doraemon Magic Gadgets,Series,Kids,Hindi,20
E12441,U1174,C115,complete,2026-01-22,Smart TV,36,1,18-25,Female,Bengaluru,Karnataka,VIP,Bengal Courtroom Secrets,Series,Drama,Bengali,40
E12442,U1414,C157,pause,2026-01-19,Tablet,15,0,18-25,Male,Hyderabad,Telangana,VIP,Startup Founders Blueprint,Show,News,English,40
E12443,U1342,C110,pause,2026-02-01,Smart TV,17,0,26-35,Male,Delhi,Delhi,Free,Anupama: New Beginnings,Show,Drama,Hindi,25
E12444,U1432,C115,complete,2026-01-16,Smart TV,37,1,36-45,Male,Ahmedabad,Gujarat,Free,Bengal Courtroom Secrets,Series,Drama,Bengali,40
E12445,U1297,C135,complete,2026-01-16,Mobile,137,1,26-35,Male,Pune,Maharashtra,VIP,Fighter Wing Alpha,Movie,Action,Hindi,145
E12446,U1357,C107,complete,2026-02-19,Mobile,38,1,18-25,Female,Hyderabad,Telangana,Free,Champions Trophy Pre-Show,Sports,Sports,Telugu,40
E12447,U1495,C118,complete,2026-01-06,Mobile,44,1,18-25,Female,Jaipur,Rajasthan,Premium,Kerala Waterfront Mystery,Series,Drama,Malayalam,48
E12448,U1286,C110,pause,2026-01-07,Mobile,7,0,26-35,Female,Delhi,Delhi,VIP,Anupama: New Beginnings,Show,Drama,Hindi,25
E12449,U1469,C136,complete,2026-01-22,Tablet,118,1,26-35,Male,Mumbai,Maharashtra,VIP,Speed Street Heist,Movie,Action,English,120
E12450,U1406,C142,complete,2026-01-24,Web,41,1,18-25,Male,Delhi,Delhi,VIP,Master Chef Kitchen Wars,Show,Reality,Hindi,45
E12451,U1722,C102,play,2026-01-01,Smart TV,19,0,36-45,Male,Mumbai,Maharashtra,Free,IPL Mega Auction Live Replay,Sports,Sports,Hindi,90
E12452,U1191,C123,complete,2026-02-25,Mobile,24,1,26-35,Female,Bengaluru,Karnataka,VIP,Sarabhai Classic Revival,Series,Comedy,Hindi,25
E12453,U1067,C132,complete,2026-02-07,Smart TV,40,1,18-25,Female,Jaipur,Rajasthan,VIP,Commando Force Mumbai,Series,Action,Hindi,42
E12454,U1159,C113,complete,2026-02-21,Mobile,131,1,26-35,Female,Jaipur,Rajasthan,VIP,Kaithi Revenge Chronicles,Movie,Drama,Tamil,140
E12455,U1028,C123,play,2026-02-10,Mobile,13,0,46+,Female,Lucknow,Uttar Pradesh,VIP,Sarabhai Classic Revival,Series,Comedy,Hindi,25
E12456,U1723,C149,complete,2026-02-24,Smart TV,19,1,26-35,Female,Lucknow,Uttar Pradesh,Premium,Shinchan Laugh Club,Series,Kids,Tamil,20
E12457,U1204,C131,complete,2026-01-23,Mobile,149,1,26-35,Female,Hyderabad,Telangana,Premium,Devara Storm Rising,Movie,Action,Telugu,160
E12458,U1071,C137,play,2026-01-09,Web,24,0,26-35,Female,Mumbai,Maharashtra,Premium,Bigg Boss All-Stars Hindi,Show,Reality,Hindi,60
E12459,U1637,C105,complete,2026-01-28,Mobile,67,1,18-25,Female,Delhi,Delhi,Premium,Pro Kabaddi League Finals,Sports,Sports,Tamil,70
E12460,U1609,C154,play,2026-02-22,Tablet,20,0,18-25,Female,Ahmedabad,Gujarat,VIP,Elections Ground Pulse,News,News,Hindi,35
E12461,U1196,C137,complete,2026-02-07,Web,59,1,26-35,Female,Bengaluru,Karnataka,Free,Bigg Boss All-Stars Hindi,Show,Reality,Hindi,60
E12462,U1381,C125,pause,2026-02-17,Mobile,14,0,26-35,Male,Hyderabad,Telangana,Premium,Chennai Roast Arena,Show,Comedy,Tamil,40
E12463,U1273,C124,complete,2026-01-31,Smart TV,60,1,26-35,Other,Delhi,Delhi,Premium,Standup Special: Bangalore Humor,Show,Comedy,English,65
E12464,U1340,C142,pause,2026-01-08,Mobile,17,0,18-25,Male,Kolkata,West Bengal,Premium,Master Chef Kitchen Wars,Show,Reality,Hindi,45
E12465,U1706,C115,pause,2026-02-04,Mobile,11,0,36-45,Female,Delhi,Delhi,Free,Bengal Courtroom Secrets,Series,Drama,Bengali,40
E12466,U1086,C105,complete,2026-01-17,Mobile,63,1,26-35,Female,Delhi,Delhi,VIP,Pro Kabaddi League Finals,Sports,Sports,Tamil,70
E12467,U1043,C143,complete,2026-01-03,Web,40,1,26-35,Male,Delhi,Delhi,Free,Roadies Quest,Show,Reality,Hindi,45
E12468,U1553,C115,complete,2026-01-05,Mobile,39,1,18-25,Male,Hyderabad,Telangana,VIP,Bengal Courtroom Secrets,Series,Drama,Bengali,40
E12469,U1012,C137,pause,2026-01-14,Mobile,25,0,18-25,Male,Hyderabad,Telangana,VIP,Bigg Boss All-Stars Hindi,Show,Reality,Hindi,60
E12470,U1110,C116,pause,2026-01-31,Smart TV,73,0,26-35,Male,Hyderabad,Telangana,VIP,Kolkata Love Diary,Movie,Drama,Bengali,125
E12471,U1545,C113,pause,2026-01-30,Tablet,27,0,26-35,Other,Pune,Maharashtra,Free,Kaithi Revenge Chronicles,Movie,Drama,Tamil,140
E12472,U1017,C138,complete,2026-01-17,Smart TV,56,1,36-45,Male,Hyderabad,Telangana,Free,Bigg Boss Tamil Season 8,Show,Reality,Tamil,60
E12473,U1653,C129,complete,2026-02-01,Mobile,140,1,18-25,Female,Mumbai,Maharashtra,Free,Tiger Underground Strike,Movie,Action,Hindi,155
E12474,U1634,C141,complete,2026-02-14,Mobile,54,1,26-35,Female,Pune,Maharashtra,Premium,Shark Pitch India S4,Show,Reality,Hindi,55
E12475,U1491,C108,complete,2026-01-04,Mobile,58,1,18-25,Male,Delhi,Delhi,Free,ISL Football Clash of Titans,Sports,Sports,Bengali,60
E12476,U1022,C113,complete,2026-01-04,Mobile,131,1,18-25,Female,Bengaluru,Karnataka,Free,Kaithi Revenge Chronicles,Movie,Drama,Tamil,140
E12477,U1361,C106,play,2026-01-10,Mobile,9,0,36-45,Male,Patna,Bihar,Free,WPL T20 Blockbuster Match,Sports,Sports,Hindi,60
E12478,U1591,C102,play,2026-02-16,Mobile,24,0,18-25,Male,Mumbai,Maharashtra,VIP,IPL Mega Auction Live Replay,Sports,Sports,Hindi,90
E12479,U1093,C129,pause,2026-01-30,Mobile,57,0,18-25,Male,Ahmedabad,Gujarat,Free,Tiger Underground Strike,Movie,Action,Hindi,155
E12480,U1362,C113,play,2026-02-06,Mobile,20,0,18-25,Male,Chennai,Tamil Nadu,Free,Kaithi Revenge Chronicles,Movie,Drama,Tamil,140
E12481,U1723,C101,play,2026-01-03,Mobile,5,0,26-35,Female,Lucknow,Uttar Pradesh,Premium,IND vs AUS T20 Cup Highlights,Sports,Sports,Hindi,45
E12482,U1500,C107,complete,2026-02-06,Mobile,39,1,18-25,Female,Pune,Maharashtra,Free,Champions Trophy Pre-Show,Sports,Sports,Telugu,40
E12483,U1024,C124,pause,2026-01-02,Web,24,0,36-45,Female,Bengaluru,Karnataka,Free,Standup Special: Bangalore Humor,Show,Comedy,English,65
E12484,U1608,C110,pause,2026-01-08,Web,6,0,26-35,Female,Kolkata,West Bengal,Free,Anupama: New Beginnings,Show,Drama,Hindi,25
E12485,U1749,C104,pause,2026-01-01,Mobile,28,0,18-25,Male,Delhi,Delhi,Free,IND vs ENG Test Day 3 Highlights,Sports,Sports,English,50
E12486,U1345,C113,pause,2026-01-20,Mobile,20,0,26-35,Male,Pune,Maharashtra,VIP,Kaithi Revenge Chronicles,Movie,Drama,Tamil,140
E12487,U1217,C140,complete,2026-02-11,Web,45,1,18-25,Male,Patna,Bihar,Free,Dance India Dance Championship,Show,Reality,Hindi,50
E12488,U1301,C106,pause,2026-02-16,Mobile,12,0,36-45,Female,Mumbai,Maharashtra,Premium,WPL T20 Blockbuster Match,Sports,Sports,Hindi,60
E12489,U1687,C134,complete,2026-01-29,Mobile,126,1,36-45,Female,Chennai,Tamil Nadu,Free,Night Hunter Squad,Movie,Action,English,130
E12490,U1602,C122,pause,2026-02-11,Mobile,4,0,26-35,Female,Mumbai,Maharashtra,Premium,Taarak Laugh Fest Episodes,Show,Comedy,Hindi,22
E12491,U1469,C113,complete,2026-02-11,Mobile,131,1,26-35,Male,Mumbai,Maharashtra,VIP,Kaithi Revenge Chronicles,Movie,Drama,Tamil,140
E12492,U1356,C142,complete,2026-01-09,Smart TV,44,1,18-25,Male,Hyderabad,Telangana,VIP,Master Chef Kitchen Wars,Show,Reality,Hindi,45
E12493,U1195,C115,pause,2026-01-09,Smart TV,14,0,46+,Male,Bengaluru,Karnataka,Free,Bengal Courtroom Secrets,Series,Drama,Bengali,40
E12494,U1069,C129,play,2026-01-06,Mobile,53,0,36-45,Female,Ahmedabad,Gujarat,Premium,Tiger Underground Strike,Movie,Action,Hindi,155
E12495,U1117,C119,play,2026-02-21,Web,27,0,18-25,Male,Delhi,Delhi,Premium,The Crown Dynasty Legacy,Series,Drama,English,55
E12496,U1407,C118,play,2026-02-13,Mobile,24,0,46+,Male,Patna,Bihar,VIP,Kerala Waterfront Mystery,Series,Drama,Malayalam,48
E12497,U1320,C108,complete,2026-02-03,Mobile,54,1,26-35,Male,Mumbai,Maharashtra,VIP,ISL Football Clash of Titans,Sports,Sports,Bengali,60
E12498,U1195,C121,play,2026-01-06,Mobile,10,0,46+,Male,Bengaluru,Karnataka,Free,The Great Indian Comedy Lab,Show,Comedy,Hindi,35
E12499,U1730,C104,complete,2026-01-09,Mobile,49,1,18-25,Female,Pune,Maharashtra,VIP,IND vs ENG Test Day 3 Highlights,Sports,Sports,English,50
E12500,U1056,C112,pause,2026-02-22,Mobile,22,0,26-35,Male,Delhi,Delhi,VIP,City of Dreams: The Succession,Series,Drama,Hindi,50
E12501,U1584,C152,pause,2026-01-13,Mobile,11,0,46+,Male,Delhi,Delhi,VIP,Global Tech & Economy Report,News,News,English,25
E12502,U1594,C157,complete,2026-01-29,Mobile,37,1,18-25,Female,Delhi,Delhi,Free,Startup Founders Blueprint,Show,News,English,40
E12503,U1708,C102,complete,2026-01-27,Mobile,89,1,46+,Female,Bengaluru,Karnataka,Free,IPL Mega Auction Live Replay,Sports,Sports,Hindi,90
E12504,U1236,C119,play,2026-01-13,Mobile,8,0,26-35,Male,Delhi,Delhi,VIP,The Crown Dynasty Legacy,Series,Drama,English,55
E12505,U1563,C123,complete,2026-02-27,Web,22,1,46+,Female,Delhi,Delhi,Premium,Sarabhai Classic Revival,Series,Comedy,Hindi,25
E12506,U1244,C145,complete,2026-02-05,Smart TV,76,1,26-35,Female,Bengaluru,Karnataka,Premium,Chhota Bheem Himalayan Tour,Movie,Kids,Hindi,85
E12507,U1393,C110,pause,2026-01-08,Mobile,6,0,26-35,Male,Chennai,Tamil Nadu,VIP,Anupama: New Beginnings,Show,Drama,Hindi,25
E12508,U1464,C101,pause,2026-01-17,Mobile,16,0,26-35,Female,Chennai,Tamil Nadu,VIP,IND vs AUS T20 Cup Highlights,Sports,Sports,Hindi,45
E12509,U1080,C141,pause,2026-02-18,Mobile,27,0,18-25,Female,Bengaluru,Karnataka,VIP,Shark Pitch India S4,Show,Reality,Hindi,55
E12510,U1561,C106,pause,2026-02-23,Mobile,10,0,26-35,Female,Mumbai,Maharashtra,Premium,WPL T20 Blockbuster Match,Sports,Sports,Hindi,60
E12511,U1443,C126,pause,2026-01-25,Smart TV,19,0,26-35,Male,Chennai,Tamil Nadu,VIP,Telugu Comedy Superstars,Show,Comedy,Telugu,30
E12512,U1006,C141,pause,2026-02-24,Mobile,27,0,18-25,Male,Pune,Maharashtra,Free,Shark Pitch India S4,Show,Reality,Hindi,55
E12513,U1654,C127,complete,2026-01-04,Mobile,27,1,18-25,Male,Mumbai,Maharashtra,VIP,Pune Pun Factory,Show,Comedy,Marathi,30
E12514,U1015,C130,pause,2026-01-28,Web,42,0,26-35,Female,Pune,Maharashtra,Free,Vikram: Shadow Commander,Movie,Action,Tamil,165
E12515,U1080,C104,pause,2026-02-26,Web,6,0,18-25,Female,Bengaluru,Karnataka,VIP,IND vs ENG Test Day 3 Highlights,Sports,Sports,English,50
E12516,U1056,C104,pause,2026-01-10,Smart TV,31,0,26-35,Male,Delhi,Delhi,VIP,IND vs ENG Test Day 3 Highlights,Sports,Sports,English,50
E12517,U1574,C155,pause,2026-02-24,Mobile,8,0,18-25,Male,Kolkata,West Bengal,VIP,Wildlife Wonders: Western Ghats,Show,News,English,52
E12518,U1506,C103,pause,2026-01-29,Mobile,13,0,36-45,Male,Kolkata,West Bengal,Premium,Premier League Weekly Showdown,Sports,Sports,English,60
E12519,U1238,C152,complete,2026-02-15,Smart TV,23,1,26-35,Male,Kolkata,West Bengal,Premium,Global Tech & Economy Report,News,News,English,25
E12520,U1199,C118,pause,2026-01-18,Mobile,6,0,36-45,Male,Bengaluru,Karnataka,Free,Kerala Waterfront Mystery,Series,Drama,Malayalam,48
E12521,U1668,C137,pause,2026-02-02,Web,24,0,18-25,Male,Kochi,Kerala,Free,Bigg Boss All-Stars Hindi,Show,Reality,Hindi,60
E12522,U1104,C105,pause,2026-01-01,Mobile,37,0,18-25,Male,Mumbai,Maharashtra,Free,Pro Kabaddi League Finals,Sports,Sports,Tamil,70
E12523,U1102,C146,pause,2026-01-17,Mobile,24,0,36-45,Male,Delhi,Delhi,Free,Motu Patlu Space Adventure,Movie,Kids,Hindi,75
E12524,U1527,C147,play,2026-01-27,Mobile,5,0,36-45,Female,Pune,Maharashtra,VIP,Little Singham Rescue Mission,Series,Kids,Hindi,20
E12525,U1230,C153,pause,2026-01-11,Mobile,4,0,18-25,Male,Mumbai,Maharashtra,Free,India at 2030: Space Ambitions,Show,News,English,50
E12526,U1467,C159,complete,2026-01-07,Smart TV,24,1,18-25,Male,Bengaluru,Karnataka,Free,Bengal Morning Bulletin,News,News,Bengali,25
E12527,U1418,C136,play,2026-01-23,Web,66,0,18-25,Female,Bengaluru,Karnataka,VIP,Speed Street Heist,Movie,Action,English,120
E12528,U1430,C112,complete,2026-01-04,Web,49,1,46+,Female,Bengaluru,Karnataka,Premium,City of Dreams: The Succession,Series,Drama,Hindi,50
E12529,U1355,C107,pause,2026-02-05,Mobile,3,0,46+,Male,Lucknow,Uttar Pradesh,Free,Champions Trophy Pre-Show,Sports,Sports,Telugu,40
E12530,U1169,C106,complete,2026-02-28,Mobile,59,1,36-45,Female,Kolkata,West Bengal,Free,WPL T20 Blockbuster Match,Sports,Sports,Hindi,60
E12531,U1118,C158,pause,2026-01-23,Mobile,16,0,18-25,Male,Hyderabad,Telangana,VIP,State Express News Tamil,News,News,Tamil,30
E12532,U1059,C102,pause,2026-02-17,Web,46,0,18-25,Male,Bengaluru,Karnataka,VIP,IPL Mega Auction Live Replay,Sports,Sports,Hindi,90
E12533,U1328,C139,play,2026-02-18,Mobile,31,0,26-35,Male,Mumbai,Maharashtra,VIP,Bigg Boss Telugu Live,Show,Reality,Telugu,60
E12534,U1185,C117,play,2026-01-29,Mobile,9,0,26-35,Male,Kolkata,West Bengal,Free,Ghar Ek Mandir Classic,Show,Drama,Marathi,24
E12535,U1317,C108,complete,2026-01-07,Smart TV,59,1,36-45,Male,Kolkata,West Bengal,VIP,ISL Football Clash of Titans,Sports,Sports,Bengali,60
E12536,U1467,C114,pause,2026-01-14,Mobile,20,0,18-25,Male,Bengaluru,Karnataka,Free,Telugu Royal Heritage,Series,Drama,Telugu,45
E12537,U1722,C113,complete,2026-01-27,Web,130,1,36-45,Male,Mumbai,Maharashtra,Free,Kaithi Revenge Chronicles,Movie,Drama,Tamil,140
E12538,U1054,C160,complete,2026-01-07,Mobile,27,1,26-35,Male,Hyderabad,Telangana,VIP,Maharashtra Maha News,News,News,Marathi,30
E12539,U1568,C105,play,2026-02-02,Mobile,19,0,26-35,Female,Patna,Bihar,Free,Pro Kabaddi League Finals,Sports,Sports,Tamil,70
E12540,U1297,C119,play,2026-01-10,Web,35,0,26-35,Male,Pune,Maharashtra,VIP,The Crown Dynasty Legacy,Series,Drama,English,55
E12541,U1645,C111,play,2026-01-27,Mobile,11,0,26-35,Male,Delhi,Delhi,Free,Yeh Rishta: Family Bonds,Show,Drama,Hindi,22
E12542,U1642,C120,complete,2026-01-31,Web,43,1,26-35,Female,Kolkata,West Bengal,Premium,Succession Politics India,Series,Drama,Hindi,45
E12543,U1356,C103,complete,2026-01-01,Mobile,55,1,18-25,Male,Hyderabad,Telangana,VIP,Premier League Weekly Showdown,Sports,Sports,English,60
E12544,U1023,C157,pause,2026-01-20,Mobile,13,0,36-45,Male,Kolkata,West Bengal,VIP,Startup Founders Blueprint,Show,News,English,40
E12545,U1726,C105,complete,2026-01-04,Mobile,64,1,36-45,Male,Ahmedabad,Gujarat,VIP,Pro Kabaddi League Finals,Sports,Sports,Tamil,70
E12546,U1227,C119,complete,2026-01-08,Smart TV,50,1,18-25,Female,Pune,Maharashtra,VIP,The Crown Dynasty Legacy,Series,Drama,English,55
E12547,U1103,C114,play,2026-01-11,Smart TV,25,0,18-25,Male,Delhi,Delhi,VIP,Telugu Royal Heritage,Series,Drama,Telugu,45
E12548,U1272,C129,pause,2026-01-19,Mobile,63,0,36-45,Female,Bengaluru,Karnataka,Premium,Tiger Underground Strike,Movie,Action,Hindi,155
E12549,U1487,C104,play,2026-02-04,Mobile,19,0,18-25,Other,Chennai,Tamil Nadu,Free,IND vs ENG Test Day 3 Highlights,Sports,Sports,English,50
E12550,U1420,C126,complete,2026-01-15,Mobile,29,1,26-35,Male,Delhi,Delhi,VIP,Telugu Comedy Superstars,Show,Comedy,Telugu,30
E12551,U1227,C114,complete,2026-02-02,Smart TV,44,1,18-25,Female,Pune,Maharashtra,VIP,Telugu Royal Heritage,Series,Drama,Telugu,45
E12552,U1610,C138,complete,2026-02-04,Mobile,58,1,18-25,Other,Bengaluru,Karnataka,Premium,Bigg Boss Tamil Season 8,Show,Reality,Tamil,60
E12553,U1015,C118,pause,2026-01-07,Mobile,12,0,26-35,Female,Pune,Maharashtra,Free,Kerala Waterfront Mystery,Series,Drama,Malayalam,48
E12554,U1744,C107,play,2026-01-18,Mobile,9,0,26-35,Male,Mumbai,Maharashtra,Premium,Champions Trophy Pre-Show,Sports,Sports,Telugu,40
E12555,U1053,C138,complete,2026-01-04,Mobile,58,1,26-35,Female,Chennai,Tamil Nadu,VIP,Bigg Boss Tamil Season 8,Show,Reality,Tamil,60
E12556,U1230,C139,complete,2026-02-01,Mobile,59,1,18-25,Male,Mumbai,Maharashtra,Free,Bigg Boss Telugu Live,Show,Reality,Telugu,60
E12557,U1097,C137,complete,2026-01-04,Smart TV,54,1,26-35,Male,Delhi,Delhi,Premium,Bigg Boss All-Stars Hindi,Show,Reality,Hindi,60
E12558,U1141,C103,complete,2026-02-22,Smart TV,56,1,36-45,Male,Bengaluru,Karnataka,Free,Premier League Weekly Showdown,Sports,Sports,English,60
E12559,U1448,C131,complete,2026-01-03,Tablet,156,1,18-25,Male,Bengaluru,Karnataka,VIP,Devara Storm Rising,Movie,Action,Telugu,160
E12560,U1702,C108,pause,2026-02-14,Web,9,0,18-25,Female,Chennai,Tamil Nadu,VIP,ISL Football Clash of Titans,Sports,Sports,Bengali,60
E12561,U1377,C104,pause,2026-02-17,Web,20,0,26-35,Male,Patna,Bihar,VIP,IND vs ENG Test Day 3 Highlights,Sports,Sports,English,50
E12562,U1068,C132,play,2026-02-13,Mobile,19,0,18-25,Female,Bengaluru,Karnataka,Free,Commando Force Mumbai,Series,Action,Hindi,42
E12563,U1545,C157,pause,2026-01-19,Tablet,10,0,26-35,Other,Pune,Maharashtra,Free,Startup Founders Blueprint,Show,News,English,40
E12564,U1637,C133,complete,2026-01-01,Web,44,1,18-25,Female,Delhi,Delhi,Premium,Rudra: The Edge of Darkness,Series,Action,Hindi,48
E12565,U1472,C103,complete,2026-01-11,Tablet,56,1,18-25,Female,Pune,Maharashtra,Free,Premier League Weekly Showdown,Sports,Sports,English,60
E12566,U1540,C101,play,2026-02-03,Web,22,0,18-25,Male,Kolkata,West Bengal,VIP,IND vs AUS T20 Cup Highlights,Sports,Sports,Hindi,45
E12567,U1565,C122,pause,2026-01-08,Smart TV,3,0,26-35,Male,Hyderabad,Telangana,VIP,Taarak Laugh Fest Episodes,Show,Comedy,Hindi,22
E12568,U1710,C104,pause,2026-02-23,Mobile,6,0,26-35,Female,Delhi,Delhi,Premium,IND vs ENG Test Day 3 Highlights,Sports,Sports,English,50
E12569,U1106,C146,play,2026-01-17,Smart TV,41,0,18-25,Female,Lucknow,Uttar Pradesh,Free,Motu Patlu Space Adventure,Movie,Kids,Hindi,75
E12570,U1365,C140,pause,2026-02-26,Mobile,24,0,18-25,Female,Delhi,Delhi,VIP,Dance India Dance Championship,Show,Reality,Hindi,50
E12571,U1317,C144,complete,2026-02-05,Web,44,1,36-45,Male,Kolkata,West Bengal,VIP,Koffee Spotlight Lounge,Show,Reality,English,45
E12572,U1011,C138,play,2026-01-03,Mobile,18,0,18-25,Male,Delhi,Delhi,VIP,Bigg Boss Tamil Season 8,Show,Reality,Tamil,60
E12573,U1011,C134,complete,2026-01-09,Smart TV,127,1,18-25,Male,Delhi,Delhi,VIP,Night Hunter Squad,Movie,Action,English,130
E12574,U1146,C117,pause,2026-02-20,Mobile,3,0,18-25,Female,Mumbai,Maharashtra,Free,Ghar Ek Mandir Classic,Show,Drama,Marathi,24
E12575,U1744,C130,complete,2026-01-17,Smart TV,162,1,26-35,Male,Mumbai,Maharashtra,Premium,Vikram: Shadow Commander,Movie,Action,Tamil,165
E12576,U1301,C122,complete,2026-01-05,Mobile,21,1,36-45,Female,Mumbai,Maharashtra,Premium,Taarak Laugh Fest Episodes,Show,Comedy,Hindi,22
E12577,U1332,C136,pause,2026-02-17,Mobile,64,0,18-25,Female,Hyderabad,Telangana,Premium,Speed Street Heist,Movie,Action,English,120
E12578,U1704,C152,complete,2026-01-27,Mobile,22,1,26-35,Female,Bengaluru,Karnataka,Premium,Global Tech & Economy Report,News,News,English,25
E12579,U1675,C142,complete,2026-01-14,Mobile,44,1,18-25,Male,Mumbai,Maharashtra,Free,Master Chef Kitchen Wars,Show,Reality,Hindi,45
E12580,U1136,C102,pause,2026-02-20,Web,35,0,18-25,Female,Bengaluru,Karnataka,VIP,IPL Mega Auction Live Replay,Sports,Sports,Hindi,90
E12581,U1108,C143,play,2026-02-06,Smart TV,25,0,18-25,Female,Ahmedabad,Gujarat,VIP,Roadies Quest,Show,Reality,Hindi,45
E12582,U1093,C127,complete,2026-01-20,Mobile,27,1,18-25,Male,Ahmedabad,Gujarat,Free,Pune Pun Factory,Show,Comedy,Marathi,30
E12583,U1686,C138,pause,2026-01-15,Smart TV,42,0,26-35,Female,Chennai,Tamil Nadu,Premium,Bigg Boss Tamil Season 8,Show,Reality,Tamil,60
E12584,U1028,C104,complete,2026-02-18,Web,48,1,46+,Female,Lucknow,Uttar Pradesh,VIP,IND vs ENG Test Day 3 Highlights,Sports,Sports,English,50
E12585,U1610,C127,complete,2026-01-16,Mobile,29,1,18-25,Other,Bengaluru,Karnataka,Premium,Pune Pun Factory,Show,Comedy,Marathi,30
E12586,U1160,C144,complete,2026-01-06,Smart TV,41,1,18-25,Male,Kochi,Kerala,Premium,Koffee Spotlight Lounge,Show,Reality,English,45
E12587,U1061,C114,pause,2026-01-17,Web,11,0,26-35,Female,Mumbai,Maharashtra,Premium,Telugu Royal Heritage,Series,Drama,Telugu,45
E12588,U1584,C106,play,2026-01-08,Mobile,28,0,46+,Male,Delhi,Delhi,VIP,WPL T20 Blockbuster Match,Sports,Sports,Hindi,60
E12589,U1236,C110,pause,2026-02-04,Mobile,13,0,26-35,Male,Delhi,Delhi,VIP,Anupama: New Beginnings,Show,Drama,Hindi,25
E12590,U1586,C147,complete,2026-01-15,Web,18,1,18-25,Male,Mumbai,Maharashtra,Premium,Little Singham Rescue Mission,Series,Kids,Hindi,20
E12591,U1448,C139,complete,2026-01-10,Mobile,56,1,18-25,Male,Bengaluru,Karnataka,VIP,Bigg Boss Telugu Live,Show,Reality,Telugu,60
E12592,U1285,C151,pause,2026-02-16,Mobile,11,0,26-35,Female,Jaipur,Rajasthan,Free,Daily Headlines 360,News,News,Hindi,30
E12593,U1291,C106,complete,2026-01-24,Smart TV,58,1,26-35,Male,Mumbai,Maharashtra,Free,WPL T20 Blockbuster Match,Sports,Sports,Hindi,60
E12594,U1587,C119,complete,2026-01-29,Mobile,51,1,18-25,Male,Hyderabad,Telangana,VIP,The Crown Dynasty Legacy,Series,Drama,English,55
E12595,U1067,C121,pause,2026-01-17,Mobile,4,0,18-25,Female,Jaipur,Rajasthan,VIP,The Great Indian Comedy Lab,Show,Comedy,Hindi,35
E12596,U1571,C122,play,2026-01-14,Tablet,9,0,36-45,Female,Hyderabad,Telangana,Free,Taarak Laugh Fest Episodes,Show,Comedy,Hindi,22
E12597,U1065,C113,play,2026-01-19,Tablet,84,0,36-45,Male,Delhi,Delhi,Free,Kaithi Revenge Chronicles,Movie,Drama,Tamil,140
E12598,U1621,C143,complete,2026-01-12,Mobile,42,1,18-25,Male,Bengaluru,Karnataka,VIP,Roadies Quest,Show,Reality,Hindi,45
E12599,U1291,C106,complete,2026-02-13,Mobile,58,1,26-35,Male,Mumbai,Maharashtra,Free,WPL T20 Blockbuster Match,Sports,Sports,Hindi,60
E12600,U1401,C158,complete,2026-01-20,Web,28,1,36-45,Male,Hyderabad,Telangana,VIP,State Express News Tamil,News,News,Tamil,30
E12601,U1748,C120,complete,2026-02-27,Mobile,42,1,26-35,Female,Chennai,Tamil Nadu,VIP,Succession Politics India,Series,Drama,Hindi,45
E12602,U1286,C108,complete,2026-01-14,Mobile,59,1,26-35,Female,Delhi,Delhi,VIP,ISL Football Clash of Titans,Sports,Sports,Bengali,60
E12603,U1706,C108,play,2026-01-23,Mobile,18,0,36-45,Female,Delhi,Delhi,Free,ISL Football Clash of Titans,Sports,Sports,Bengali,60
E12604,U1457,C108,pause,2026-01-27,Mobile,29,0,36-45,Male,Pune,Maharashtra,VIP,ISL Football Clash of Titans,Sports,Sports,Bengali,60
E12605,U1675,C136,play,2026-02-07,Smart TV,96,0,18-25,Male,Mumbai,Maharashtra,Free,Speed Street Heist,Movie,Action,English,120
E12606,U1517,C107,pause,2026-01-23,Smart TV,27,0,26-35,Female,Mumbai,Maharashtra,Premium,Champions Trophy Pre-Show,Sports,Sports,Telugu,40
E12607,U1596,C136,pause,2026-01-27,Web,21,0,26-35,Female,Bengaluru,Karnataka,Free,Speed Street Heist,Movie,Action,English,120
E12608,U1562,C154,pause,2026-01-01,Mobile,10,0,26-35,Male,Kochi,Kerala,Free,Elections Ground Pulse,News,News,Hindi,35
E12609,U1233,C135,complete,2026-01-31,Smart TV,131,1,26-35,Female,Hyderabad,Telangana,Free,Fighter Wing Alpha,Movie,Action,Hindi,145
E12610,U1379,C145,complete,2026-01-28,Mobile,78,1,18-25,Female,Bengaluru,Karnataka,VIP,Chhota Bheem Himalayan Tour,Movie,Kids,Hindi,85
E12611,U1641,C130,complete,2026-01-17,Web,161,1,18-25,Female,Patna,Bihar,Free,Vikram: Shadow Commander,Movie,Action,Tamil,165
E12612,U1101,C107,pause,2026-01-14,Mobile,19,0,26-35,Male,Delhi,Delhi,VIP,Champions Trophy Pre-Show,Sports,Sports,Telugu,40
E12613,U1123,C137,pause,2026-01-05,Mobile,19,0,18-25,Female,Ahmedabad,Gujarat,VIP,Bigg Boss All-Stars Hindi,Show,Reality,Hindi,60
E12614,U1632,C142,complete,2026-02-01,Smart TV,43,1,18-25,Male,Chennai,Tamil Nadu,Free,Master Chef Kitchen Wars,Show,Reality,Hindi,45
E12615,U1069,C106,complete,2026-01-24,Smart TV,59,1,36-45,Female,Ahmedabad,Gujarat,Premium,WPL T20 Blockbuster Match,Sports,Sports,Hindi,60
E12616,U1074,C111,complete,2026-01-24,Smart TV,20,1,26-35,Male,Mumbai,Maharashtra,VIP,Yeh Rishta: Family Bonds,Show,Drama,Hindi,22
E12617,U1118,C104,play,2026-01-12,Mobile,9,0,18-25,Male,Hyderabad,Telangana,VIP,IND vs ENG Test Day 3 Highlights,Sports,Sports,English,50
E12618,U1127,C147,play,2026-01-01,Smart TV,16,0,26-35,Male,Kolkata,West Bengal,Premium,Little Singham Rescue Mission,Series,Kids,Hindi,20
E12619,U1063,C157,play,2026-01-04,Mobile,8,0,18-25,Male,Kolkata,West Bengal,Premium,Startup Founders Blueprint,Show,News,English,40
E12620,U1320,C101,pause,2026-01-14,Mobile,23,0,26-35,Male,Mumbai,Maharashtra,VIP,IND vs AUS T20 Cup Highlights,Sports,Sports,Hindi,45
E12621,U1609,C103,complete,2026-02-26,Web,58,1,18-25,Female,Ahmedabad,Gujarat,VIP,Premier League Weekly Showdown,Sports,Sports,English,60
E12622,U1256,C101,pause,2026-01-30,Mobile,8,0,26-35,Male,Hyderabad,Telangana,Free,IND vs AUS T20 Cup Highlights,Sports,Sports,Hindi,45
E12623,U1126,C149,complete,2026-02-21,Mobile,18,1,26-35,Male,Bengaluru,Karnataka,Premium,Shinchan Laugh Club,Series,Kids,Tamil,20
E12624,U1336,C128,complete,2026-02-05,Smart TV,106,1,26-35,Female,Bengaluru,Karnataka,VIP,College Boys Chaos,Movie,Comedy,Hindi,115
E12625,U1003,C108,pause,2026-01-04,Smart TV,40,0,18-25,Male,Chennai,Tamil Nadu,Free,ISL Football Clash of Titans,Sports,Sports,Bengali,60
E12626,U1108,C115,pause,2026-02-08,Smart TV,20,0,18-25,Female,Ahmedabad,Gujarat,VIP,Bengal Courtroom Secrets,Series,Drama,Bengali,40
E12627,U1151,C131,pause,2026-02-04,Mobile,92,0,26-35,Male,Mumbai,Maharashtra,Free,Devara Storm Rising,Movie,Action,Telugu,160
E12628,U1650,C106,play,2026-01-20,Smart TV,16,0,26-35,Male,Delhi,Delhi,Premium,WPL T20 Blockbuster Match,Sports,Sports,Hindi,60
E12629,U1728,C128,complete,2026-01-27,Mobile,108,1,26-35,Male,Jaipur,Rajasthan,Free,College Boys Chaos,Movie,Comedy,Hindi,115
E12630,U1344,C133,complete,2026-02-11,Web,43,1,46+,Female,Delhi,Delhi,VIP,Rudra: The Edge of Darkness,Series,Action,Hindi,48
E12631,U1225,C157,complete,2026-02-07,Smart TV,38,1,18-25,Male,Patna,Bihar,VIP,Startup Founders Blueprint,Show,News,English,40
E12632,U1284,C120,play,2026-01-27,Mobile,13,0,18-25,Female,Bengaluru,Karnataka,Free,Succession Politics India,Series,Drama,Hindi,45
E12633,U1566,C160,pause,2026-01-01,Smart TV,3,0,18-25,Female,Kolkata,West Bengal,Free,Maharashtra Maha News,News,News,Marathi,30
E12634,U1506,C149,pause,2026-01-12,Smart TV,4,0,36-45,Male,Kolkata,West Bengal,Premium,Shinchan Laugh Club,Series,Kids,Tamil,20
E12635,U1587,C147,pause,2026-01-03,Smart TV,15,0,18-25,Male,Hyderabad,Telangana,VIP,Little Singham Rescue Mission,Series,Kids,Hindi,20
E12636,U1204,C127,pause,2026-01-13,Web,5,0,26-35,Female,Hyderabad,Telangana,Premium,Pune Pun Factory,Show,Comedy,Marathi,30
E12637,U1175,C107,complete,2026-01-10,Tablet,36,1,18-25,Female,Bengaluru,Karnataka,Premium,Champions Trophy Pre-Show,Sports,Sports,Telugu,40
E12638,U1610,C147,complete,2026-01-08,Web,19,1,18-25,Other,Bengaluru,Karnataka,Premium,Little Singham Rescue Mission,Series,Kids,Hindi,20
E12639,U1466,C138,complete,2026-02-13,Tablet,58,1,36-45,Male,Ahmedabad,Gujarat,Free,Bigg Boss Tamil Season 8,Show,Reality,Tamil,60
E12640,U1676,C109,pause,2026-02-14,Mobile,16,0,18-25,Male,Mumbai,Maharashtra,VIP,Special Ops: Desert Falcon,Series,Drama,Hindi,45
E12641,U1593,C132,complete,2026-01-19,Smart TV,41,1,26-35,Female,Kolkata,West Bengal,Free,Commando Force Mumbai,Series,Action,Hindi,42
E12642,U1640,C117,complete,2026-02-04,Mobile,21,1,18-25,Other,Delhi,Delhi,Premium,Ghar Ek Mandir Classic,Show,Drama,Marathi,24
E12643,U1016,C128,pause,2026-02-20,Smart TV,32,0,36-45,Male,Mumbai,Maharashtra,Premium,College Boys Chaos,Movie,Comedy,Hindi,115
E12644,U1195,C111,pause,2026-02-08,Mobile,6,0,46+,Male,Bengaluru,Karnataka,Free,Yeh Rishta: Family Bonds,Show,Drama,Hindi,22
E12645,U1297,C148,pause,2026-01-16,Smart TV,16,0,26-35,Male,Pune,Maharashtra,VIP,Doraemon Magic Gadgets,Series,Kids,Hindi,20
E12646,U1724,C118,pause,2026-01-05,Mobile,17,0,18-25,Male,Bengaluru,Karnataka,VIP,Kerala Waterfront Mystery,Series,Drama,Malayalam,48
E12647,U1679,C117,pause,2026-02-27,Smart TV,14,0,46+,Female,Lucknow,Uttar Pradesh,VIP,Ghar Ek Mandir Classic,Show,Drama,Marathi,24
E12648,U1340,C132,complete,2026-01-29,Smart TV,38,1,18-25,Male,Kolkata,West Bengal,Premium,Commando Force Mumbai,Series,Action,Hindi,42
E12649,U1049,C109,complete,2026-01-28,Mobile,42,1,26-35,Female,Mumbai,Maharashtra,Free,Special Ops: Desert Falcon,Series,Drama,Hindi,45
E12650,U1644,C111,play,2026-01-17,Mobile,7,0,36-45,Female,Kochi,Kerala,VIP,Yeh Rishta: Family Bonds,Show,Drama,Hindi,22
E12651,U1291,C146,complete,2026-01-08,Mobile,72,1,26-35,Male,Mumbai,Maharashtra,Free,Motu Patlu Space Adventure,Movie,Kids,Hindi,75
E12652,U1340,C140,play,2026-02-04,Mobile,7,0,18-25,Male,Kolkata,West Bengal,Premium,Dance India Dance Championship,Show,Reality,Hindi,50
E12653,U1678,C113,complete,2026-01-07,Mobile,128,1,26-35,Female,Ahmedabad,Gujarat,Premium,Kaithi Revenge Chronicles,Movie,Drama,Tamil,140
E12654,U1039,C136,complete,2026-01-18,Web,111,1,26-35,Male,Pune,Maharashtra,Premium,Speed Street Heist,Movie,Action,English,120
E12655,U1145,C140,play,2026-01-04,Mobile,11,0,18-25,Female,Mumbai,Maharashtra,Free,Dance India Dance Championship,Show,Reality,Hindi,50
E12656,U1391,C120,complete,2026-01-30,Web,41,1,46+,Other,Pune,Maharashtra,VIP,Succession Politics India,Series,Drama,Hindi,45
E12657,U1460,C105,complete,2026-01-06,Smart TV,63,1,26-35,Male,Mumbai,Maharashtra,Free,Pro Kabaddi League Finals,Sports,Sports,Tamil,70
E12658,U1379,C109,play,2026-02-04,Web,22,0,18-25,Female,Bengaluru,Karnataka,VIP,Special Ops: Desert Falcon,Series,Drama,Hindi,45
E12659,U1597,C130,pause,2026-02-01,Smart TV,55,0,36-45,Female,Mumbai,Maharashtra,VIP,Vikram: Shadow Commander,Movie,Action,Tamil,165
E12660,U1025,C123,play,2026-02-18,Mobile,14,0,26-35,Female,Jaipur,Rajasthan,Free,Sarabhai Classic Revival,Series,Comedy,Hindi,25
E12661,U1117,C130,complete,2026-02-09,Smart TV,154,1,18-25,Male,Delhi,Delhi,Premium,Vikram: Shadow Commander,Movie,Action,Tamil,165
E12662,U1706,C106,pause,2026-01-04,Mobile,13,0,36-45,Female,Delhi,Delhi,Free,WPL T20 Blockbuster Match,Sports,Sports,Hindi,60
E12663,U1670,C114,pause,2026-02-23,Mobile,20,0,18-25,Male,Chennai,Tamil Nadu,VIP,Telugu Royal Heritage,Series,Drama,Telugu,45
E12664,U1560,C107,pause,2026-01-26,Smart TV,25,0,26-35,Male,Kolkata,West Bengal,Free,Champions Trophy Pre-Show,Sports,Sports,Telugu,40
E12665,U1596,C101,pause,2026-01-11,Mobile,6,0,26-35,Female,Bengaluru,Karnataka,Free,IND vs AUS T20 Cup Highlights,Sports,Sports,Hindi,45
E12666,U1276,C149,pause,2026-02-20,Web,5,0,18-25,Female,Mumbai,Maharashtra,Premium,Shinchan Laugh Club,Series,Kids,Tamil,20
E12667,U1444,C107,complete,2026-02-18,Mobile,37,1,46+,Female,Bengaluru,Karnataka,VIP,Champions Trophy Pre-Show,Sports,Sports,Telugu,40
E12668,U1069,C107,complete,2026-01-11,Smart TV,38,1,36-45,Female,Ahmedabad,Gujarat,Premium,Champions Trophy Pre-Show,Sports,Sports,Telugu,40
E12669,U1572,C159,play,2026-02-26,Mobile,4,0,18-25,Female,Bengaluru,Karnataka,VIP,Bengal Morning Bulletin,News,News,Bengali,25
E12670,U1123,C101,complete,2026-03-01,Web,41,1,18-25,Female,Ahmedabad,Gujarat,VIP,IND vs AUS T20 Cup Highlights,Sports,Sports,Hindi,45
E12671,U1200,C112,pause,2026-02-11,Smart TV,34,0,46+,Male,Kochi,Kerala,VIP,City of Dreams: The Succession,Series,Drama,Hindi,50
E12672,U1314,C107,complete,2026-01-01,Smart TV,37,1,26-35,Female,Bengaluru,Karnataka,Premium,Champions Trophy Pre-Show,Sports,Sports,Telugu,40
E12673,U1190,C142,pause,2026-01-13,Mobile,25,0,18-25,Male,Mumbai,Maharashtra,Premium,Master Chef Kitchen Wars,Show,Reality,Hindi,45
E12674,U1127,C122,complete,2026-02-09,Mobile,21,1,26-35,Male,Kolkata,West Bengal,Premium,Taarak Laugh Fest Episodes,Show,Comedy,Hindi,22
E12675,U1049,C138,complete,2026-01-13,Mobile,56,1,26-35,Female,Mumbai,Maharashtra,Free,Bigg Boss Tamil Season 8,Show,Reality,Tamil,60
E12676,U1409,C107,play,2026-01-15,Mobile,4,0,18-25,Male,Bengaluru,Karnataka,Free,Champions Trophy Pre-Show,Sports,Sports,Telugu,40
E12677,U1290,C101,pause,2026-02-01,Mobile,24,0,18-25,Male,Delhi,Delhi,Free,IND vs AUS T20 Cup Highlights,Sports,Sports,Hindi,45
E12678,U1504,C113,complete,2026-01-27,Mobile,135,1,36-45,Male,Delhi,Delhi,VIP,Kaithi Revenge Chronicles,Movie,Drama,Tamil,140
E12679,U1627,C102,pause,2026-02-03,Tablet,31,0,18-25,Female,Pune,Maharashtra,Free,IPL Mega Auction Live Replay,Sports,Sports,Hindi,90
E12680,U1544,C115,complete,2026-01-13,Mobile,37,1,36-45,Male,Delhi,Delhi,Premium,Bengal Courtroom Secrets,Series,Drama,Bengali,40
E12681,U1196,C104,play,2026-01-14,Web,29,0,26-35,Female,Bengaluru,Karnataka,Free,IND vs ENG Test Day 3 Highlights,Sports,Sports,English,50
E12682,U1740,C145,complete,2026-02-20,Smart TV,81,1,26-35,Female,Mumbai,Maharashtra,Premium,Chhota Bheem Himalayan Tour,Movie,Kids,Hindi,85
E12683,U1466,C112,pause,2026-01-07,Mobile,7,0,36-45,Male,Ahmedabad,Gujarat,Free,City of Dreams: The Succession,Series,Drama,Hindi,50
E12684,U1296,C111,complete,2026-01-30,Web,21,1,46+,Female,Kolkata,West Bengal,VIP,Yeh Rishta: Family Bonds,Show,Drama,Hindi,22
E12685,U1121,C122,complete,2026-01-27,Web,20,1,18-25,Male,Hyderabad,Telangana,Premium,Taarak Laugh Fest Episodes,Show,Comedy,Hindi,22
E12686,U1674,C139,pause,2026-01-12,Mobile,28,0,26-35,Male,Chennai,Tamil Nadu,Free,Bigg Boss Telugu Live,Show,Reality,Telugu,60
E12687,U1469,C102,pause,2026-01-22,Mobile,10,0,26-35,Male,Mumbai,Maharashtra,VIP,IPL Mega Auction Live Replay,Sports,Sports,Hindi,90
E12688,U1066,C127,complete,2026-02-09,Mobile,29,1,18-25,Male,Kolkata,West Bengal,VIP,Pune Pun Factory,Show,Comedy,Marathi,30
E12689,U1465,C107,complete,2026-01-19,Mobile,39,1,26-35,Female,Mumbai,Maharashtra,Premium,Champions Trophy Pre-Show,Sports,Sports,Telugu,40
E12690,U1426,C120,complete,2026-01-11,Mobile,43,1,26-35,Female,Kolkata,West Bengal,Free,Succession Politics India,Series,Drama,Hindi,45
E12691,U1151,C115,pause,2026-01-17,Smart TV,19,0,26-35,Male,Mumbai,Maharashtra,Free,Bengal Courtroom Secrets,Series,Drama,Bengali,40
E12692,U1340,C139,complete,2026-02-04,Mobile,55,1,18-25,Male,Kolkata,West Bengal,Premium,Bigg Boss Telugu Live,Show,Reality,Telugu,60
E12693,U1281,C109,complete,2026-01-03,Web,43,1,18-25,Male,Bengaluru,Karnataka,Free,Special Ops: Desert Falcon,Series,Drama,Hindi,45
E12694,U1206,C121,pause,2026-01-01,Mobile,15,0,26-35,Female,Mumbai,Maharashtra,Free,The Great Indian Comedy Lab,Show,Comedy,Hindi,35
E12695,U1734,C101,play,2026-01-31,Mobile,11,0,46+,Male,Mumbai,Maharashtra,Free,IND vs AUS T20 Cup Highlights,Sports,Sports,Hindi,45
E12696,U1562,C111,play,2026-02-08,Mobile,4,0,26-35,Male,Kochi,Kerala,Free,Yeh Rishta: Family Bonds,Show,Drama,Hindi,22
E12697,U1011,C141,complete,2026-01-17,Smart TV,52,1,18-25,Male,Delhi,Delhi,VIP,Shark Pitch India S4,Show,Reality,Hindi,55
E12698,U1511,C102,pause,2026-01-15,Mobile,25,0,26-35,Male,Kochi,Kerala,VIP,IPL Mega Auction Live Replay,Sports,Sports,Hindi,90
E12699,U1345,C154,complete,2026-01-26,Mobile,33,1,26-35,Male,Pune,Maharashtra,VIP,Elections Ground Pulse,News,News,Hindi,35
E12700,U1554,C103,pause,2026-01-27,Smart TV,49,0,26-35,Female,Jaipur,Rajasthan,Free,Premier League Weekly Showdown,Sports,Sports,English,60
E12701,U1183,C118,pause,2026-02-05,Mobile,13,0,36-45,Other,Chennai,Tamil Nadu,Free,Kerala Waterfront Mystery,Series,Drama,Malayalam,48
E12702,U1695,C147,complete,2026-02-14,Smart TV,18,1,26-35,Male,Ahmedabad,Gujarat,Free,Little Singham Rescue Mission,Series,Kids,Hindi,20
E12703,U1058,C116,pause,2026-01-29,Mobile,11,0,18-25,Male,Lucknow,Uttar Pradesh,Premium,Kolkata Love Diary,Movie,Drama,Bengali,125
E12704,U1361,C136,complete,2026-01-20,Smart TV,117,1,36-45,Male,Patna,Bihar,Free,Speed Street Heist,Movie,Action,English,120
E12705,U1250,C136,pause,2026-01-16,Smart TV,47,0,26-35,Female,Mumbai,Maharashtra,Free,Speed Street Heist,Movie,Action,English,120
E12706,U1277,C139,complete,2026-02-15,Mobile,54,1,18-25,Female,Bengaluru,Karnataka,VIP,Bigg Boss Telugu Live,Show,Reality,Telugu,60
E12707,U1176,C111,pause,2026-02-11,Mobile,4,0,26-35,Male,Mumbai,Maharashtra,VIP,Yeh Rishta: Family Bonds,Show,Drama,Hindi,22
E12708,U1335,C108,play,2026-02-05,Web,33,0,18-25,Male,Bengaluru,Karnataka,Free,ISL Football Clash of Titans,Sports,Sports,Bengali,60
E12709,U1700,C107,complete,2026-02-28,Mobile,39,1,36-45,Male,Delhi,Delhi,Premium,Champions Trophy Pre-Show,Sports,Sports,Telugu,40
E12710,U1436,C111,complete,2026-02-02,Mobile,20,1,46+,Female,Mumbai,Maharashtra,Premium,Yeh Rishta: Family Bonds,Show,Drama,Hindi,22
E12711,U1492,C119,play,2026-01-03,Mobile,22,0,18-25,Male,Bengaluru,Karnataka,VIP,The Crown Dynasty Legacy,Series,Drama,English,55
E12712,U1294,C139,complete,2026-01-11,Smart TV,58,1,18-25,Male,Kolkata,West Bengal,VIP,Bigg Boss Telugu Live,Show,Reality,Telugu,60
E12713,U1535,C136,complete,2026-01-26,Web,113,1,18-25,Male,Delhi,Delhi,Premium,Speed Street Heist,Movie,Action,English,120
E12714,U1015,C143,play,2026-02-10,Smart TV,33,0,26-35,Female,Pune,Maharashtra,Free,Roadies Quest,Show,Reality,Hindi,45
E12715,U1225,C105,pause,2026-02-05,Web,8,0,18-25,Male,Patna,Bihar,VIP,Pro Kabaddi League Finals,Sports,Sports,Tamil,70
E12716,U1321,C137,pause,2026-01-27,Mobile,25,0,18-25,Male,Pune,Maharashtra,Premium,Bigg Boss All-Stars Hindi,Show,Reality,Hindi,60
E12717,U1297,C107,complete,2026-02-06,Mobile,39,1,26-35,Male,Pune,Maharashtra,VIP,Champions Trophy Pre-Show,Sports,Sports,Telugu,40
E12718,U1699,C135,pause,2026-01-12,Web,94,0,18-25,Female,Bengaluru,Karnataka,VIP,Fighter Wing Alpha,Movie,Action,Hindi,145
E12719,U1583,C124,pause,2026-01-11,Smart TV,34,0,18-25,Male,Delhi,Delhi,Free,Standup Special: Bangalore Humor,Show,Comedy,English,65
E12720,U1374,C128,complete,2026-01-14,Mobile,113,1,26-35,Male,Mumbai,Maharashtra,VIP,College Boys Chaos,Movie,Comedy,Hindi,115
E12721,U1587,C109,pause,2026-02-22,Mobile,24,0,18-25,Male,Hyderabad,Telangana,VIP,Special Ops: Desert Falcon,Series,Drama,Hindi,45
E12722,U1627,C131,pause,2026-02-14,Mobile,25,0,18-25,Female,Pune,Maharashtra,Free,Devara Storm Rising,Movie,Action,Telugu,160
E12723,U1448,C136,play,2026-01-21,Smart TV,21,0,18-25,Male,Bengaluru,Karnataka,VIP,Speed Street Heist,Movie,Action,English,120
E12724,U1225,C159,complete,2026-02-19,Smart TV,23,1,18-25,Male,Patna,Bihar,VIP,Bengal Morning Bulletin,News,News,Bengali,25
E12725,U1430,C157,pause,2026-01-22,Mobile,15,0,46+,Female,Bengaluru,Karnataka,Premium,Startup Founders Blueprint,Show,News,English,40
E12726,U1620,C120,complete,2026-01-11,Mobile,43,1,26-35,Female,Delhi,Delhi,Premium,Succession Politics India,Series,Drama,Hindi,45
E12727,U1717,C111,play,2026-01-16,Smart TV,15,0,36-45,Male,Delhi,Delhi,Free,Yeh Rishta: Family Bonds,Show,Drama,Hindi,22
E12728,U1612,C136,pause,2026-02-16,Smart TV,86,0,26-35,Female,Bengaluru,Karnataka,VIP,Speed Street Heist,Movie,Action,English,120
E12729,U1409,C118,pause,2026-02-11,Mobile,13,0,18-25,Male,Bengaluru,Karnataka,Free,Kerala Waterfront Mystery,Series,Drama,Malayalam,48
E12730,U1196,C108,play,2026-02-18,Mobile,20,0,26-35,Female,Bengaluru,Karnataka,Free,ISL Football Clash of Titans,Sports,Sports,Bengali,60
E12731,U1678,C102,pause,2026-02-16,Mobile,46,0,26-35,Female,Ahmedabad,Gujarat,Premium,IPL Mega Auction Live Replay,Sports,Sports,Hindi,90
E12732,U1503,C147,complete,2026-01-29,Smart TV,18,1,46+,Male,Kolkata,West Bengal,VIP,Little Singham Rescue Mission,Series,Kids,Hindi,20
E12733,U1588,C105,pause,2026-01-03,Mobile,10,0,26-35,Male,Kolkata,West Bengal,VIP,Pro Kabaddi League Finals,Sports,Sports,Tamil,70
E12734,U1339,C102,pause,2026-02-25,Mobile,8,0,18-25,Female,Chennai,Tamil Nadu,Free,IPL Mega Auction Live Replay,Sports,Sports,Hindi,90
E12735,U1719,C103,complete,2026-01-27,Mobile,54,1,26-35,Female,Patna,Bihar,Premium,Premier League Weekly Showdown,Sports,Sports,English,60
E12736,U1420,C134,pause,2026-01-02,Smart TV,95,0,26-35,Male,Delhi,Delhi,VIP,Night Hunter Squad,Movie,Action,English,130
E12737,U1504,C101,pause,2026-02-06,Mobile,16,0,36-45,Male,Delhi,Delhi,VIP,IND vs AUS T20 Cup Highlights,Sports,Sports,Hindi,45
E12738,U1126,C133,complete,2026-01-01,Smart TV,45,1,26-35,Male,Bengaluru,Karnataka,Premium,Rudra: The Edge of Darkness,Series,Action,Hindi,48
E12739,U1321,C130,play,2026-01-11,Mobile,86,0,18-25,Male,Pune,Maharashtra,Premium,Vikram: Shadow Commander,Movie,Action,Tamil,165
E12740,U1602,C118,play,2026-01-16,Mobile,16,0,26-35,Female,Mumbai,Maharashtra,Premium,Kerala Waterfront Mystery,Series,Drama,Malayalam,48
E12741,U1469,C121,pause,2026-02-13,Smart TV,29,0,26-35,Male,Mumbai,Maharashtra,VIP,The Great Indian Comedy Lab,Show,Comedy,Hindi,35
E12742,U1678,C111,complete,2026-02-10,Mobile,21,1,26-35,Female,Ahmedabad,Gujarat,Premium,Yeh Rishta: Family Bonds,Show,Drama,Hindi,22
E12743,U1495,C133,pause,2026-01-01,Mobile,23,0,18-25,Female,Jaipur,Rajasthan,Premium,Rudra: The Edge of Darkness,Series,Action,Hindi,48
E12744,U1053,C101,pause,2026-01-11,Smart TV,36,0,26-35,Female,Chennai,Tamil Nadu,VIP,IND vs AUS T20 Cup Highlights,Sports,Sports,Hindi,45
E12745,U1502,C116,complete,2026-03-01,Mobile,113,1,18-25,Female,Delhi,Delhi,Free,Kolkata Love Diary,Movie,Drama,Bengali,125
E12746,U1108,C108,complete,2026-01-18,Mobile,57,1,18-25,Female,Ahmedabad,Gujarat,VIP,ISL Football Clash of Titans,Sports,Sports,Bengali,60
E12747,U1432,C118,pause,2026-02-18,Web,11,0,36-45,Male,Ahmedabad,Gujarat,Free,Kerala Waterfront Mystery,Series,Drama,Malayalam,48
E12748,U1340,C105,complete,2026-02-24,Smart TV,65,1,18-25,Male,Kolkata,West Bengal,Premium,Pro Kabaddi League Finals,Sports,Sports,Tamil,70
E12749,U1581,C136,complete,2026-01-28,Mobile,116,1,46+,Male,Ahmedabad,Gujarat,VIP,Speed Street Heist,Movie,Action,English,120
E12750,U1183,C139,play,2026-01-18,Smart TV,41,0,36-45,Other,Chennai,Tamil Nadu,Free,Bigg Boss Telugu Live,Show,Reality,Telugu,60
E12751,U1517,C156,play,2026-02-02,Web,11,0,26-35,Female,Mumbai,Maharashtra,Premium,Cricket Icons: The Untold Story,Show,News,Hindi,45
E12752,U1416,C105,pause,2026-01-24,Web,47,0,18-25,Female,Lucknow,Uttar Pradesh,Premium,Pro Kabaddi League Finals,Sports,Sports,Tamil,70
E12753,U1202,C137,pause,2026-01-03,Mobile,33,0,26-35,Male,Jaipur,Rajasthan,Free,Bigg Boss All-Stars Hindi,Show,Reality,Hindi,60
E12754,U1288,C141,pause,2026-01-05,Smart TV,27,0,26-35,Male,Mumbai,Maharashtra,VIP,Shark Pitch India S4,Show,Reality,Hindi,55
E12755,U1087,C129,complete,2026-02-26,Smart TV,153,1,26-35,Female,Hyderabad,Telangana,Free,Tiger Underground Strike,Movie,Action,Hindi,155
E12756,U1506,C107,pause,2026-01-12,Smart TV,10,0,36-45,Male,Kolkata,West Bengal,Premium,Champions Trophy Pre-Show,Sports,Sports,Telugu,40
E12757,U1114,C118,complete,2026-01-05,Smart TV,45,1,26-35,Male,Jaipur,Rajasthan,Free,Kerala Waterfront Mystery,Series,Drama,Malayalam,48
E12758,U1724,C152,complete,2026-01-23,Smart TV,22,1,18-25,Male,Bengaluru,Karnataka,VIP,Global Tech & Economy Report,News,News,English,25
E12759,U1286,C158,pause,2026-02-28,Web,14,0,26-35,Female,Delhi,Delhi,VIP,State Express News Tamil,News,News,Tamil,30
E12760,U1560,C141,complete,2026-02-05,Smart TV,51,1,26-35,Male,Kolkata,West Bengal,Free,Shark Pitch India S4,Show,Reality,Hindi,55
E12761,U1558,C144,pause,2026-01-12,Mobile,19,0,26-35,Male,Bengaluru,Karnataka,Free,Koffee Spotlight Lounge,Show,Reality,English,45
E12762,U1283,C140,complete,2026-01-12,Mobile,46,1,18-25,Female,Pune,Maharashtra,VIP,Dance India Dance Championship,Show,Reality,Hindi,50
E12763,U1030,C152,pause,2026-01-13,Web,14,0,18-25,Male,Chennai,Tamil Nadu,Free,Global Tech & Economy Report,News,News,English,25
E12764,U1457,C139,pause,2026-01-01,Tablet,12,0,36-45,Male,Pune,Maharashtra,VIP,Bigg Boss Telugu Live,Show,Reality,Telugu,60
E12765,U1019,C146,complete,2026-02-14,Mobile,74,1,18-25,Female,Jaipur,Rajasthan,Free,Motu Patlu Space Adventure,Movie,Kids,Hindi,75
E12766,U1356,C118,play,2026-01-20,Web,31,0,18-25,Male,Hyderabad,Telangana,VIP,Kerala Waterfront Mystery,Series,Drama,Malayalam,48
E12767,U1561,C134,pause,2026-01-14,Web,67,0,26-35,Female,Mumbai,Maharashtra,Premium,Night Hunter Squad,Movie,Action,English,130
E12768,U1224,C101,play,2026-02-23,Mobile,10,0,36-45,Male,Delhi,Delhi,VIP,IND vs AUS T20 Cup Highlights,Sports,Sports,Hindi,45
E12769,U1413,C105,play,2026-01-25,Smart TV,41,0,18-25,Male,Delhi,Delhi,Free,Pro Kabaddi League Finals,Sports,Sports,Tamil,70
E12770,U1221,C138,pause,2026-02-09,Smart TV,19,0,18-25,Male,Bengaluru,Karnataka,Premium,Bigg Boss Tamil Season 8,Show,Reality,Tamil,60
E12771,U1725,C133,complete,2026-01-15,Mobile,44,1,26-35,Female,Bengaluru,Karnataka,VIP,Rudra: The Edge of Darkness,Series,Action,Hindi,48
E12772,U1020,C150,complete,2026-01-07,Tablet,21,1,46+,Male,Chennai,Tamil Nadu,VIP,Super Bheem Galactic Battle,Series,Kids,Telugu,22
E12773,U1468,C110,complete,2026-02-06,Web,24,1,26-35,Female,Chennai,Tamil Nadu,VIP,Anupama: New Beginnings,Show,Drama,Hindi,25
E12774,U1705,C142,pause,2026-02-24,Mobile,21,0,26-35,Female,Delhi,Delhi,Free,Master Chef Kitchen Wars,Show,Reality,Hindi,45
E12775,U1281,C126,complete,2026-01-16,Web,28,1,18-25,Male,Bengaluru,Karnataka,Free,Telugu Comedy Superstars,Show,Comedy,Telugu,30
E12776,U1471,C101,complete,2026-01-28,Smart TV,44,1,46+,Male,Lucknow,Uttar Pradesh,VIP,IND vs AUS T20 Cup Highlights,Sports,Sports,Hindi,45
E12777,U1434,C157,pause,2026-02-19,Mobile,21,0,18-25,Male,Hyderabad,Telangana,VIP,Startup Founders Blueprint,Show,News,English,40
E12778,U1213,C143,pause,2026-02-15,Mobile,10,0,18-25,Female,Delhi,Delhi,Free,Roadies Quest,Show,Reality,Hindi,45
E12779,U1112,C109,complete,2026-01-21,Mobile,43,1,46+,Female,Hyderabad,Telangana,Free,Special Ops: Desert Falcon,Series,Drama,Hindi,45
E12780,U1641,C104,pause,2026-02-01,Mobile,8,0,18-25,Female,Patna,Bihar,Free,IND vs ENG Test Day 3 Highlights,Sports,Sports,English,50
E12781,U1743,C115,complete,2026-02-12,Mobile,38,1,18-25,Female,Delhi,Delhi,VIP,Bengal Courtroom Secrets,Series,Drama,Bengali,40
E12782,U1121,C102,pause,2026-02-16,Smart TV,59,0,18-25,Male,Hyderabad,Telangana,Premium,IPL Mega Auction Live Replay,Sports,Sports,Hindi,90
E12783,U1045,C108,complete,2026-01-20,Mobile,54,1,46+,Female,Kochi,Kerala,Premium,ISL Football Clash of Titans,Sports,Sports,Bengali,60
E12784,U1556,C141,complete,2026-01-19,Web,54,1,18-25,Male,Pune,Maharashtra,VIP,Shark Pitch India S4,Show,Reality,Hindi,55
E12785,U1419,C101,play,2026-01-27,Mobile,13,0,18-25,Female,Lucknow,Uttar Pradesh,VIP,IND vs AUS T20 Cup Highlights,Sports,Sports,Hindi,45
E12786,U1654,C140,complete,2026-01-01,Mobile,49,1,18-25,Male,Mumbai,Maharashtra,VIP,Dance India Dance Championship,Show,Reality,Hindi,50
E12787,U1530,C122,play,2026-02-10,Mobile,8,0,18-25,Female,Hyderabad,Telangana,Premium,Taarak Laugh Fest Episodes,Show,Comedy,Hindi,22
E12788,U1021,C149,pause,2026-01-16,Smart TV,7,0,18-25,Female,Pune,Maharashtra,Free,Shinchan Laugh Club,Series,Kids,Tamil,20
E12789,U1719,C106,complete,2026-01-25,Mobile,55,1,26-35,Female,Patna,Bihar,Premium,WPL T20 Blockbuster Match,Sports,Sports,Hindi,60
E12790,U1133,C110,complete,2026-02-02,Smart TV,24,1,18-25,Male,Lucknow,Uttar Pradesh,Free,Anupama: New Beginnings,Show,Drama,Hindi,25
E12791,U1001,C115,pause,2026-02-23,Smart TV,28,0,26-35,Male,Delhi,Delhi,Free,Bengal Courtroom Secrets,Series,Drama,Bengali,40
E12792,U1344,C111,complete,2026-02-08,Web,20,1,46+,Female,Delhi,Delhi,VIP,Yeh Rishta: Family Bonds,Show,Drama,Hindi,22
E12793,U1506,C149,pause,2026-01-01,Mobile,6,0,36-45,Male,Kolkata,West Bengal,Premium,Shinchan Laugh Club,Series,Kids,Tamil,20
E12794,U1445,C146,pause,2026-02-04,Web,20,0,46+,Female,Pune,Maharashtra,Free,Motu Patlu Space Adventure,Movie,Kids,Hindi,75
E12795,U1202,C101,pause,2026-01-12,Smart TV,31,0,26-35,Male,Jaipur,Rajasthan,Free,IND vs AUS T20 Cup Highlights,Sports,Sports,Hindi,45
E12796,U1053,C126,complete,2026-01-11,Smart TV,28,1,26-35,Female,Chennai,Tamil Nadu,VIP,Telugu Comedy Superstars,Show,Comedy,Telugu,30
E12797,U1583,C138,pause,2026-01-26,Mobile,32,0,18-25,Male,Delhi,Delhi,Free,Bigg Boss Tamil Season 8,Show,Reality,Tamil,60
E12798,U1522,C111,pause,2026-01-01,Tablet,11,0,26-35,Female,Mumbai,Maharashtra,Premium,Yeh Rishta: Family Bonds,Show,Drama,Hindi,22
E12799,U1104,C114,complete,2026-01-25,Smart TV,44,1,18-25,Male,Mumbai,Maharashtra,Free,Telugu Royal Heritage,Series,Drama,Telugu,45
E12800,U1209,C120,pause,2026-01-27,Smart TV,29,0,46+,Female,Delhi,Delhi,Premium,Succession Politics India,Series,Drama,Hindi,45
E12801,U1091,C102,play,2026-02-02,Mobile,20,0,26-35,Female,Delhi,Delhi,Premium,IPL Mega Auction Live Replay,Sports,Sports,Hindi,90
E12802,U1680,C147,pause,2026-02-08,Smart TV,9,0,26-35,Male,Jaipur,Rajasthan,VIP,Little Singham Rescue Mission,Series,Kids,Hindi,20
E12803,U1426,C159,complete,2026-02-15,Mobile,24,1,26-35,Female,Kolkata,West Bengal,Free,Bengal Morning Bulletin,News,News,Bengali,25
E12804,U1079,C137,pause,2026-01-19,Mobile,29,0,46+,Male,Kochi,Kerala,Free,Bigg Boss All-Stars Hindi,Show,Reality,Hindi,60
E12805,U1654,C103,pause,2026-01-07,Mobile,9,0,18-25,Male,Mumbai,Maharashtra,VIP,Premier League Weekly Showdown,Sports,Sports,English,60
E12806,U1064,C126,play,2026-01-16,Smart TV,11,0,26-35,Female,Ahmedabad,Gujarat,Free,Telugu Comedy Superstars,Show,Comedy,Telugu,30
E12807,U1127,C105,complete,2026-01-30,Smart TV,65,1,26-35,Male,Kolkata,West Bengal,Premium,Pro Kabaddi League Finals,Sports,Sports,Tamil,70
E12808,U1602,C135,complete,2026-02-27,Mobile,133,1,26-35,Female,Mumbai,Maharashtra,Premium,Fighter Wing Alpha,Movie,Action,Hindi,145
E12809,U1357,C101,complete,2026-01-19,Mobile,43,1,18-25,Female,Hyderabad,Telangana,Free,IND vs AUS T20 Cup Highlights,Sports,Sports,Hindi,45
E12810,U1365,C136,play,2026-01-09,Smart TV,73,0,18-25,Female,Delhi,Delhi,VIP,Speed Street Heist,Movie,Action,English,120
E12811,U1691,C146,play,2026-02-22,Mobile,16,0,26-35,Male,Delhi,Delhi,Free,Motu Patlu Space Adventure,Movie,Kids,Hindi,75
E12812,U1466,C114,complete,2026-02-01,Mobile,44,1,36-45,Male,Ahmedabad,Gujarat,Free,Telugu Royal Heritage,Series,Drama,Telugu,45
E12813,U1607,C160,play,2026-02-06,Mobile,6,0,36-45,Male,Mumbai,Maharashtra,Free,Maharashtra Maha News,News,News,Marathi,30
E12814,U1285,C101,complete,2026-01-05,Mobile,43,1,26-35,Female,Jaipur,Rajasthan,Free,IND vs AUS T20 Cup Highlights,Sports,Sports,Hindi,45
E12815,U1561,C112,pause,2026-01-14,Mobile,17,0,26-35,Female,Mumbai,Maharashtra,Premium,City of Dreams: The Succession,Series,Drama,Hindi,50
E12816,U1679,C125,pause,2026-01-26,Mobile,4,0,46+,Female,Lucknow,Uttar Pradesh,VIP,Chennai Roast Arena,Show,Comedy,Tamil,40
E12817,U1299,C119,complete,2026-02-26,Mobile,53,1,18-25,Male,Chennai,Tamil Nadu,Premium,The Crown Dynasty Legacy,Series,Drama,English,55
E12818,U1486,C133,pause,2026-01-01,Mobile,18,0,26-35,Female,Kochi,Kerala,Free,Rudra: The Edge of Darkness,Series,Action,Hindi,48
E12819,U1649,C130,play,2026-02-10,Smart TV,25,0,36-45,Female,Bengaluru,Karnataka,Premium,Vikram: Shadow Commander,Movie,Action,Tamil,165
E12820,U1018,C116,complete,2026-01-13,Mobile,114,1,26-35,Male,Mumbai,Maharashtra,VIP,Kolkata Love Diary,Movie,Drama,Bengali,125
E12821,U1583,C121,pause,2026-01-08,Mobile,13,0,18-25,Male,Delhi,Delhi,Free,The Great Indian Comedy Lab,Show,Comedy,Hindi,35
E12822,U1436,C142,complete,2026-02-04,Tablet,43,1,46+,Female,Mumbai,Maharashtra,Premium,Master Chef Kitchen Wars,Show,Reality,Hindi,45
E12823,U1328,C105,complete,2026-02-01,Tablet,68,1,26-35,Male,Mumbai,Maharashtra,VIP,Pro Kabaddi League Finals,Sports,Sports,Tamil,70
E12824,U1701,C134,complete,2026-01-09,Mobile,125,1,18-25,Male,Mumbai,Maharashtra,Free,Night Hunter Squad,Movie,Action,English,130
E12825,U1027,C112,play,2026-01-15,Smart TV,31,0,26-35,Female,Mumbai,Maharashtra,VIP,City of Dreams: The Succession,Series,Drama,Hindi,50
E12826,U1389,C105,pause,2026-01-23,Mobile,30,0,26-35,Female,Kolkata,West Bengal,Premium,Pro Kabaddi League Finals,Sports,Sports,Tamil,70
E12827,U1473,C126,pause,2026-01-26,Mobile,6,0,18-25,Female,Bengaluru,Karnataka,Free,Telugu Comedy Superstars,Show,Comedy,Telugu,30
E12828,U1108,C106,complete,2026-02-09,Smart TV,54,1,18-25,Female,Ahmedabad,Gujarat,VIP,WPL T20 Blockbuster Match,Sports,Sports,Hindi,60
E12829,U1376,C113,complete,2026-01-27,Mobile,139,1,26-35,Male,Jaipur,Rajasthan,Free,Kaithi Revenge Chronicles,Movie,Drama,Tamil,140
E12830,U1067,C119,pause,2026-01-29,Mobile,5,0,18-25,Female,Jaipur,Rajasthan,VIP,The Crown Dynasty Legacy,Series,Drama,English,55
E12831,U1652,C106,pause,2026-02-21,Mobile,5,0,26-35,Female,Jaipur,Rajasthan,VIP,WPL T20 Blockbuster Match,Sports,Sports,Hindi,60
E12832,U1745,C116,complete,2026-02-13,Mobile,124,1,26-35,Male,Bengaluru,Karnataka,VIP,Kolkata Love Diary,Movie,Drama,Bengali,125
E12833,U1003,C120,pause,2026-01-07,Smart TV,8,0,18-25,Male,Chennai,Tamil Nadu,Free,Succession Politics India,Series,Drama,Hindi,45
E12834,U1234,C102,pause,2026-01-20,Mobile,23,0,46+,Male,Bengaluru,Karnataka,Free,IPL Mega Auction Live Replay,Sports,Sports,Hindi,90
E12835,U1049,C110,play,2026-01-17,Mobile,5,0,26-35,Female,Mumbai,Maharashtra,Free,Anupama: New Beginnings,Show,Drama,Hindi,25
E12836,U1557,C116,play,2026-01-30,Mobile,53,0,46+,Female,Kolkata,West Bengal,Premium,Kolkata Love Diary,Movie,Drama,Bengali,125
E12837,U1444,C113,play,2026-03-01,Mobile,62,0,46+,Female,Bengaluru,Karnataka,VIP,Kaithi Revenge Chronicles,Movie,Drama,Tamil,140
E12838,U1400,C129,play,2026-01-26,Mobile,84,0,18-25,Female,Lucknow,Uttar Pradesh,Free,Tiger Underground Strike,Movie,Action,Hindi,155
E12839,U1442,C119,complete,2026-02-26,Mobile,50,1,18-25,Male,Mumbai,Maharashtra,VIP,The Crown Dynasty Legacy,Series,Drama,English,55
E12840,U1238,C131,pause,2026-01-01,Mobile,49,0,26-35,Male,Kolkata,West Bengal,Premium,Devara Storm Rising,Movie,Action,Telugu,160
E12841,U1284,C121,play,2026-02-24,Smart TV,29,0,18-25,Female,Bengaluru,Karnataka,Free,The Great Indian Comedy Lab,Show,Comedy,Hindi,35
E12842,U1361,C138,complete,2026-02-11,Mobile,54,1,36-45,Male,Patna,Bihar,Free,Bigg Boss Tamil Season 8,Show,Reality,Tamil,60
E12843,U1066,C107,complete,2026-01-14,Mobile,37,1,18-25,Male,Kolkata,West Bengal,VIP,Champions Trophy Pre-Show,Sports,Sports,Telugu,40
E12844,U1128,C142,play,2026-01-09,Smart TV,21,0,26-35,Female,Pune,Maharashtra,VIP,Master Chef Kitchen Wars,Show,Reality,Hindi,45
E12845,U1146,C160,complete,2026-02-05,Mobile,27,1,18-25,Female,Mumbai,Maharashtra,Free,Maharashtra Maha News,News,News,Marathi,30
E12846,U1694,C114,play,2026-01-30,Smart TV,36,0,18-25,Female,Delhi,Delhi,Premium,Telugu Royal Heritage,Series,Drama,Telugu,45
E12847,U1285,C144,complete,2026-02-28,Smart TV,42,1,26-35,Female,Jaipur,Rajasthan,Free,Koffee Spotlight Lounge,Show,Reality,English,45
E12848,U1166,C150,play,2026-01-03,Mobile,11,0,36-45,Male,Mumbai,Maharashtra,Free,Super Bheem Galactic Battle,Series,Kids,Telugu,22
E12849,U1093,C136,complete,2026-01-01,Mobile,116,1,18-25,Male,Ahmedabad,Gujarat,Free,Speed Street Heist,Movie,Action,English,120
E12850,U1041,C131,pause,2026-01-14,Mobile,53,0,26-35,Female,Patna,Bihar,Free,Devara Storm Rising,Movie,Action,Telugu,160
E12851,U1720,C123,pause,2026-02-21,Mobile,3,0,26-35,Male,Chennai,Tamil Nadu,VIP,Sarabhai Classic Revival,Series,Comedy,Hindi,25
E12852,U1512,C114,complete,2026-02-14,Mobile,44,1,26-35,Female,Mumbai,Maharashtra,VIP,Telugu Royal Heritage,Series,Drama,Telugu,45
E12853,U1255,C146,pause,2026-02-08,Mobile,17,0,18-25,Male,Hyderabad,Telangana,VIP,Motu Patlu Space Adventure,Movie,Kids,Hindi,75
E12854,U1468,C108,complete,2026-02-23,Tablet,54,1,26-35,Female,Chennai,Tamil Nadu,VIP,ISL Football Clash of Titans,Sports,Sports,Bengali,60
E12855,U1297,C112,play,2026-02-10,Mobile,8,0,26-35,Male,Pune,Maharashtra,VIP,City of Dreams: The Succession,Series,Drama,Hindi,50
E12856,U1553,C106,pause,2026-01-05,Mobile,18,0,18-25,Male,Hyderabad,Telangana,VIP,WPL T20 Blockbuster Match,Sports,Sports,Hindi,60
E12857,U1312,C138,complete,2026-03-01,Smart TV,56,1,26-35,Female,Chennai,Tamil Nadu,VIP,Bigg Boss Tamil Season 8,Show,Reality,Tamil,60
E12858,U1223,C122,pause,2026-01-16,Web,4,0,18-25,Male,Delhi,Delhi,Free,Taarak Laugh Fest Episodes,Show,Comedy,Hindi,22
E12859,U1286,C102,complete,2026-01-20,Smart TV,85,1,26-35,Female,Delhi,Delhi,VIP,IPL Mega Auction Live Replay,Sports,Sports,Hindi,90
E12860,U1092,C112,complete,2026-02-15,Smart TV,47,1,18-25,Male,Pune,Maharashtra,Free,City of Dreams: The Succession,Series,Drama,Hindi,50
E12861,U1221,C102,complete,2026-02-25,Web,87,1,18-25,Male,Bengaluru,Karnataka,Premium,IPL Mega Auction Live Replay,Sports,Sports,Hindi,90
E12862,U1331,C140,complete,2026-01-09,Mobile,47,1,26-35,Female,Mumbai,Maharashtra,VIP,Dance India Dance Championship,Show,Reality,Hindi,50
E12863,U1282,C149,play,2026-01-16,Web,3,0,26-35,Male,Lucknow,Uttar Pradesh,Free,Shinchan Laugh Club,Series,Kids,Tamil,20
E12864,U1540,C107,play,2026-01-26,Mobile,15,0,18-25,Male,Kolkata,West Bengal,VIP,Champions Trophy Pre-Show,Sports,Sports,Telugu,40
E12865,U1669,C141,pause,2026-01-21,Web,14,0,26-35,Female,Delhi,Delhi,Free,Shark Pitch India S4,Show,Reality,Hindi,55
E12866,U1450,C133,pause,2026-02-19,Mobile,8,0,18-25,Female,Ahmedabad,Gujarat,Free,Rudra: The Edge of Darkness,Series,Action,Hindi,48
E12867,U1432,C123,play,2026-02-20,Smart TV,7,0,36-45,Male,Ahmedabad,Gujarat,Free,Sarabhai Classic Revival,Series,Comedy,Hindi,25
E12868,U1051,C130,complete,2026-02-09,Smart TV,158,1,26-35,Female,Chennai,Tamil Nadu,Free,Vikram: Shadow Commander,Movie,Action,Tamil,165
E12869,U1672,C142,complete,2026-02-12,Mobile,43,1,26-35,Male,Delhi,Delhi,VIP,Master Chef Kitchen Wars,Show,Reality,Hindi,45
E12870,U1144,C142,complete,2026-01-09,Smart TV,41,1,26-35,Male,Bengaluru,Karnataka,Free,Master Chef Kitchen Wars,Show,Reality,Hindi,45
E12871,U1566,C157,pause,2026-02-05,Mobile,5,0,18-25,Female,Kolkata,West Bengal,Free,Startup Founders Blueprint,Show,News,English,40
E12872,U1444,C150,play,2026-01-22,Mobile,8,0,46+,Female,Bengaluru,Karnataka,VIP,Super Bheem Galactic Battle,Series,Kids,Telugu,22
E12873,U1466,C128,complete,2026-01-05,Mobile,103,1,36-45,Male,Ahmedabad,Gujarat,Free,College Boys Chaos,Movie,Comedy,Hindi,115
E12874,U1125,C120,pause,2026-01-13,Smart TV,34,0,18-25,Male,Bengaluru,Karnataka,Premium,Succession Politics India,Series,Drama,Hindi,45
E12875,U1618,C156,complete,2026-01-12,Smart TV,42,1,18-25,Male,Pune,Maharashtra,VIP,Cricket Icons: The Untold Story,Show,News,Hindi,45
E12876,U1624,C150,complete,2026-02-02,Mobile,20,1,36-45,Male,Mumbai,Maharashtra,VIP,Super Bheem Galactic Battle,Series,Kids,Telugu,22
E12877,U1535,C103,play,2026-01-14,Mobile,8,0,18-25,Male,Delhi,Delhi,Premium,Premier League Weekly Showdown,Sports,Sports,English,60
E12878,U1341,C133,complete,2026-02-24,Smart TV,46,1,26-35,Female,Delhi,Delhi,Free,Rudra: The Edge of Darkness,Series,Action,Hindi,48
E12879,U1213,C117,pause,2026-02-16,Mobile,13,0,18-25,Female,Delhi,Delhi,Free,Ghar Ek Mandir Classic,Show,Drama,Marathi,24
E12880,U1182,C133,pause,2026-02-25,Mobile,27,0,26-35,Female,Bengaluru,Karnataka,Premium,Rudra: The Edge of Darkness,Series,Action,Hindi,48
E12881,U1724,C117,complete,2026-01-29,Smart TV,22,1,18-25,Male,Bengaluru,Karnataka,VIP,Ghar Ek Mandir Classic,Show,Drama,Marathi,24
E12882,U1469,C128,complete,2026-01-16,Smart TV,111,1,26-35,Male,Mumbai,Maharashtra,VIP,College Boys Chaos,Movie,Comedy,Hindi,115
E12883,U1725,C144,complete,2026-02-21,Web,41,1,26-35,Female,Bengaluru,Karnataka,VIP,Koffee Spotlight Lounge,Show,Reality,English,45
E12884,U1081,C143,pause,2026-01-09,Mobile,12,0,26-35,Male,Bengaluru,Karnataka,VIP,Roadies Quest,Show,Reality,Hindi,45
E12885,U1005,C119,complete,2026-02-02,Mobile,51,1,36-45,Male,Pune,Maharashtra,VIP,The Crown Dynasty Legacy,Series,Drama,English,55
E12886,U1305,C111,pause,2026-02-18,Mobile,12,0,18-25,Other,Bengaluru,Karnataka,Free,Yeh Rishta: Family Bonds,Show,Drama,Hindi,22
E12887,U1574,C146,pause,2026-01-18,Mobile,12,0,18-25,Male,Kolkata,West Bengal,VIP,Motu Patlu Space Adventure,Movie,Kids,Hindi,75
E12888,U1004,C102,complete,2026-01-27,Mobile,88,1,26-35,Female,Bengaluru,Karnataka,Free,IPL Mega Auction Live Replay,Sports,Sports,Hindi,90
E12889,U1610,C144,complete,2026-01-25,Mobile,40,1,18-25,Other,Bengaluru,Karnataka,Premium,Koffee Spotlight Lounge,Show,Reality,English,45
E12890,U1269,C114,pause,2026-02-19,Mobile,22,0,36-45,Male,Kochi,Kerala,VIP,Telugu Royal Heritage,Series,Drama,Telugu,45
E12891,U1387,C131,complete,2026-02-23,Web,156,1,26-35,Female,Patna,Bihar,VIP,Devara Storm Rising,Movie,Action,Telugu,160
E12892,U1140,C126,play,2026-02-23,Web,3,0,18-25,Female,Pune,Maharashtra,VIP,Telugu Comedy Superstars,Show,Comedy,Telugu,30
E12893,U1236,C122,complete,2026-01-16,Mobile,19,1,26-35,Male,Delhi,Delhi,VIP,Taarak Laugh Fest Episodes,Show,Comedy,Hindi,22
E12894,U1306,C102,play,2026-02-02,Smart TV,28,0,18-25,Female,Delhi,Delhi,Free,IPL Mega Auction Live Replay,Sports,Sports,Hindi,90
E12895,U1487,C103,pause,2026-02-17,Mobile,26,0,18-25,Other,Chennai,Tamil Nadu,Free,Premier League Weekly Showdown,Sports,Sports,English,60
E12896,U1405,C102,pause,2026-02-12,Smart TV,59,0,18-25,Male,Lucknow,Uttar Pradesh,Premium,IPL Mega Auction Live Replay,Sports,Sports,Hindi,90
E12897,U1440,C129,complete,2026-02-08,Mobile,148,1,36-45,Male,Chennai,Tamil Nadu,Free,Tiger Underground Strike,Movie,Action,Hindi,155
E12898,U1367,C143,play,2026-01-22,Web,17,0,46+,Male,Kochi,Kerala,Free,Roadies Quest,Show,Reality,Hindi,45
E12899,U1743,C127,complete,2026-02-03,Mobile,28,1,18-25,Female,Delhi,Delhi,VIP,Pune Pun Factory,Show,Comedy,Marathi,30
E12900,U1009,C113,complete,2026-01-25,Mobile,136,1,36-45,Female,Ahmedabad,Gujarat,VIP,Kaithi Revenge Chronicles,Movie,Drama,Tamil,140
E12901,U1570,C123,pause,2026-02-10,Tablet,2,0,18-25,Female,Mumbai,Maharashtra,VIP,Sarabhai Classic Revival,Series,Comedy,Hindi,25
E12902,U1483,C108,complete,2026-02-23,Mobile,56,1,36-45,Female,Chennai,Tamil Nadu,Free,ISL Football Clash of Titans,Sports,Sports,Bengali,60
E12903,U1471,C127,play,2026-01-17,Mobile,2,0,46+,Male,Lucknow,Uttar Pradesh,VIP,Pune Pun Factory,Show,Comedy,Marathi,30
E12904,U1195,C134,complete,2026-01-06,Web,120,1,46+,Male,Bengaluru,Karnataka,Free,Night Hunter Squad,Movie,Action,English,130
E12905,U1270,C126,complete,2026-02-09,Tablet,28,1,18-25,Male,Delhi,Delhi,VIP,Telugu Comedy Superstars,Show,Comedy,Telugu,30
E12906,U1634,C101,complete,2026-01-07,Mobile,40,1,26-35,Female,Pune,Maharashtra,Premium,IND vs AUS T20 Cup Highlights,Sports,Sports,Hindi,45
E12907,U1429,C120,complete,2026-01-24,Mobile,42,1,26-35,Male,Mumbai,Maharashtra,Free,Succession Politics India,Series,Drama,Hindi,45
E12908,U1462,C154,complete,2026-01-28,Mobile,33,1,18-25,Female,Kochi,Kerala,VIP,Elections Ground Pulse,News,News,Hindi,35
E12909,U1560,C159,pause,2026-02-18,Smart TV,6,0,26-35,Male,Kolkata,West Bengal,Free,Bengal Morning Bulletin,News,News,Bengali,25
E12910,U1553,C143,play,2026-02-21,Mobile,23,0,18-25,Male,Hyderabad,Telangana,VIP,Roadies Quest,Show,Reality,Hindi,45
E12911,U1702,C104,complete,2026-01-11,Mobile,48,1,18-25,Female,Chennai,Tamil Nadu,VIP,IND vs ENG Test Day 3 Highlights,Sports,Sports,English,50
E12912,U1725,C119,complete,2026-02-15,Smart TV,52,1,26-35,Female,Bengaluru,Karnataka,VIP,The Crown Dynasty Legacy,Series,Drama,English,55
E12913,U1468,C111,pause,2026-01-07,Mobile,4,0,26-35,Female,Chennai,Tamil Nadu,VIP,Yeh Rishta: Family Bonds,Show,Drama,Hindi,22
E12914,U1640,C120,complete,2026-02-07,Smart TV,41,1,18-25,Other,Delhi,Delhi,Premium,Succession Politics India,Series,Drama,Hindi,45
E12915,U1147,C155,complete,2026-02-21,Web,47,1,46+,Male,Delhi,Delhi,VIP,Wildlife Wonders: Western Ghats,Show,News,English,52
E12916,U1401,C146,complete,2026-01-19,Smart TV,71,1,36-45,Male,Hyderabad,Telangana,VIP,Motu Patlu Space Adventure,Movie,Kids,Hindi,75
E12917,U1591,C145,pause,2026-02-05,Web,36,0,18-25,Male,Mumbai,Maharashtra,VIP,Chhota Bheem Himalayan Tour,Movie,Kids,Hindi,85
E12918,U1450,C101,complete,2026-02-16,Mobile,41,1,18-25,Female,Ahmedabad,Gujarat,Free,IND vs AUS T20 Cup Highlights,Sports,Sports,Hindi,45
E12919,U1099,C134,pause,2026-01-10,Mobile,71,0,46+,Female,Hyderabad,Telangana,VIP,Night Hunter Squad,Movie,Action,English,130
E12920,U1671,C109,complete,2026-02-22,Smart TV,40,1,18-25,Male,Delhi,Delhi,VIP,Special Ops: Desert Falcon,Series,Drama,Hindi,45
E12921,U1600,C157,complete,2026-02-04,Mobile,39,1,46+,Female,Bengaluru,Karnataka,Free,Startup Founders Blueprint,Show,News,English,40
E12922,U1471,C120,complete,2026-01-29,Smart TV,44,1,46+,Male,Lucknow,Uttar Pradesh,VIP,Succession Politics India,Series,Drama,Hindi,45
E12923,U1442,C137,pause,2026-01-13,Mobile,17,0,18-25,Male,Mumbai,Maharashtra,VIP,Bigg Boss All-Stars Hindi,Show,Reality,Hindi,60
E12924,U1450,C103,play,2026-02-23,Web,24,0,18-25,Female,Ahmedabad,Gujarat,Free,Premier League Weekly Showdown,Sports,Sports,English,60
E12925,U1344,C108,complete,2026-02-01,Mobile,54,1,46+,Female,Delhi,Delhi,VIP,ISL Football Clash of Titans,Sports,Sports,Bengali,60
E12926,U1457,C128,play,2026-01-25,Mobile,44,0,36-45,Male,Pune,Maharashtra,VIP,College Boys Chaos,Movie,Comedy,Hindi,115
E12927,U1115,C142,complete,2026-01-27,Mobile,42,1,26-35,Female,Bengaluru,Karnataka,VIP,Master Chef Kitchen Wars,Show,Reality,Hindi,45
E12928,U1144,C101,complete,2026-01-06,Mobile,42,1,26-35,Male,Bengaluru,Karnataka,Free,IND vs AUS T20 Cup Highlights,Sports,Sports,Hindi,45
E12929,U1103,C130,complete,2026-02-20,Smart TV,163,1,18-25,Male,Delhi,Delhi,VIP,Vikram: Shadow Commander,Movie,Action,Tamil,165
E12930,U1507,C101,play,2026-01-07,Web,18,0,26-35,Male,Kolkata,West Bengal,Premium,IND vs AUS T20 Cup Highlights,Sports,Sports,Hindi,45
E12931,U1106,C128,play,2026-02-18,Smart TV,45,0,18-25,Female,Lucknow,Uttar Pradesh,Free,College Boys Chaos,Movie,Comedy,Hindi,115
E12932,U1065,C140,complete,2026-01-01,Web,49,1,36-45,Male,Delhi,Delhi,Free,Dance India Dance Championship,Show,Reality,Hindi,50
E12933,U1689,C117,pause,2026-01-30,Smart TV,3,0,46+,Female,Mumbai,Maharashtra,Free,Ghar Ek Mandir Classic,Show,Drama,Marathi,24
E12934,U1444,C108,complete,2026-02-05,Smart TV,54,1,46+,Female,Bengaluru,Karnataka,VIP,ISL Football Clash of Titans,Sports,Sports,Bengali,60
E12935,U1461,C109,play,2026-02-12,Mobile,18,0,26-35,Male,Chennai,Tamil Nadu,Premium,Special Ops: Desert Falcon,Series,Drama,Hindi,45
E12936,U1225,C147,complete,2026-01-27,Web,18,1,18-25,Male,Patna,Bihar,VIP,Little Singham Rescue Mission,Series,Kids,Hindi,20
E12937,U1374,C121,play,2026-01-13,Smart TV,24,0,26-35,Male,Mumbai,Maharashtra,VIP,The Great Indian Comedy Lab,Show,Comedy,Hindi,35
E12938,U1253,C136,pause,2026-01-11,Mobile,23,0,26-35,Male,Bengaluru,Karnataka,Free,Speed Street Heist,Movie,Action,English,120
E12939,U1633,C134,complete,2026-02-10,Web,121,1,18-25,Male,Hyderabad,Telangana,VIP,Night Hunter Squad,Movie,Action,English,130
E12940,U1026,C143,pause,2026-01-06,Mobile,4,0,36-45,Male,Mumbai,Maharashtra,VIP,Roadies Quest,Show,Reality,Hindi,45
E12941,U1400,C131,play,2026-01-18,Smart TV,79,0,18-25,Female,Lucknow,Uttar Pradesh,Free,Devara Storm Rising,Movie,Action,Telugu,160
E12942,U1191,C113,pause,2026-01-05,Tablet,23,0,26-35,Female,Bengaluru,Karnataka,VIP,Kaithi Revenge Chronicles,Movie,Drama,Tamil,140
E12943,U1228,C122,pause,2026-01-15,Mobile,2,0,36-45,Male,Mumbai,Maharashtra,Free,Taarak Laugh Fest Episodes,Show,Comedy,Hindi,22
E12944,U1732,C141,complete,2026-01-29,Web,52,1,36-45,Male,Pune,Maharashtra,VIP,Shark Pitch India S4,Show,Reality,Hindi,55
E12945,U1074,C132,pause,2026-01-03,Mobile,14,0,26-35,Male,Mumbai,Maharashtra,VIP,Commando Force Mumbai,Series,Action,Hindi,42
E12946,U1443,C120,play,2026-01-10,Web,18,0,26-35,Male,Chennai,Tamil Nadu,VIP,Succession Politics India,Series,Drama,Hindi,45
E12947,U1162,C156,pause,2026-01-17,Web,13,0,18-25,Female,Bengaluru,Karnataka,VIP,Cricket Icons: The Untold Story,Show,News,Hindi,45
E12948,U1312,C122,complete,2026-01-15,Web,21,1,26-35,Female,Chennai,Tamil Nadu,VIP,Taarak Laugh Fest Episodes,Show,Comedy,Hindi,22
E12949,U1620,C119,pause,2026-01-14,Web,31,0,26-35,Female,Delhi,Delhi,Premium,The Crown Dynasty Legacy,Series,Drama,English,55
E12950,U1702,C131,pause,2026-01-08,Mobile,53,0,18-25,Female,Chennai,Tamil Nadu,VIP,Devara Storm Rising,Movie,Action,Telugu,160
E12951,U1270,C152,play,2026-02-12,Mobile,3,0,18-25,Male,Delhi,Delhi,VIP,Global Tech & Economy Report,News,News,English,25
E12952,U1101,C120,complete,2026-02-17,Mobile,43,1,26-35,Male,Delhi,Delhi,VIP,Succession Politics India,Series,Drama,Hindi,45
E12953,U1144,C102,complete,2026-02-28,Smart TV,86,1,26-35,Male,Bengaluru,Karnataka,Free,IPL Mega Auction Live Replay,Sports,Sports,Hindi,90
E12954,U1539,C113,pause,2026-01-25,Mobile,26,0,36-45,Male,Mumbai,Maharashtra,Free,Kaithi Revenge Chronicles,Movie,Drama,Tamil,140
E12955,U1644,C138,complete,2026-02-04,Mobile,58,1,36-45,Female,Kochi,Kerala,VIP,Bigg Boss Tamil Season 8,Show,Reality,Tamil,60
E12956,U1176,C119,pause,2026-02-20,Mobile,29,0,26-35,Male,Mumbai,Maharashtra,VIP,The Crown Dynasty Legacy,Series,Drama,English,55
E12957,U1292,C122,complete,2026-02-17,Mobile,20,1,36-45,Male,Chennai,Tamil Nadu,VIP,Taarak Laugh Fest Episodes,Show,Comedy,Hindi,22
E12958,U1477,C115,complete,2026-01-18,Mobile,38,1,26-35,Male,Kochi,Kerala,Premium,Bengal Courtroom Secrets,Series,Drama,Bengali,40
E12959,U1561,C149,complete,2026-01-22,Smart TV,18,1,26-35,Female,Mumbai,Maharashtra,Premium,Shinchan Laugh Club,Series,Kids,Tamil,20
E12960,U1009,C106,pause,2026-01-05,Mobile,7,0,36-45,Female,Ahmedabad,Gujarat,VIP,WPL T20 Blockbuster Match,Sports,Sports,Hindi,60
E12961,U1491,C152,complete,2026-01-20,Web,24,1,18-25,Male,Delhi,Delhi,Free,Global Tech & Economy Report,News,News,English,25
E12962,U1632,C135,pause,2026-02-05,Mobile,62,0,18-25,Male,Chennai,Tamil Nadu,Free,Fighter Wing Alpha,Movie,Action,Hindi,145
E12963,U1141,C123,complete,2026-02-07,Mobile,24,1,36-45,Male,Bengaluru,Karnataka,Free,Sarabhai Classic Revival,Series,Comedy,Hindi,25
E12964,U1612,C144,complete,2026-01-16,Mobile,43,1,26-35,Female,Bengaluru,Karnataka,VIP,Koffee Spotlight Lounge,Show,Reality,English,45
E12965,U1725,C140,complete,2026-02-10,Mobile,49,1,26-35,Female,Bengaluru,Karnataka,VIP,Dance India Dance Championship,Show,Reality,Hindi,50
E12966,U1262,C150,play,2026-01-12,Mobile,8,0,36-45,Male,Ahmedabad,Gujarat,Free,Super Bheem Galactic Battle,Series,Kids,Telugu,22
E12967,U1078,C146,complete,2026-02-17,Mobile,68,1,18-25,Male,Hyderabad,Telangana,Premium,Motu Patlu Space Adventure,Movie,Kids,Hindi,75
E12968,U1286,C118,complete,2026-01-21,Mobile,43,1,26-35,Female,Delhi,Delhi,VIP,Kerala Waterfront Mystery,Series,Drama,Malayalam,48
E12969,U1566,C148,pause,2026-02-24,Mobile,10,0,18-25,Female,Kolkata,West Bengal,Free,Doraemon Magic Gadgets,Series,Kids,Hindi,20
E12970,U1633,C105,complete,2026-02-04,Smart TV,67,1,18-25,Male,Hyderabad,Telangana,VIP,Pro Kabaddi League Finals,Sports,Sports,Tamil,70
E12971,U1023,C147,pause,2026-01-27,Mobile,5,0,36-45,Male,Kolkata,West Bengal,VIP,Little Singham Rescue Mission,Series,Kids,Hindi,20
E12972,U1372,C131,pause,2026-01-10,Mobile,48,0,26-35,Female,Ahmedabad,Gujarat,VIP,Devara Storm Rising,Movie,Action,Telugu,160
E12973,U1480,C111,complete,2026-01-11,Mobile,19,1,36-45,Female,Mumbai,Maharashtra,Premium,Yeh Rishta: Family Bonds,Show,Drama,Hindi,22
E12974,U1146,C140,play,2026-01-28,Mobile,25,0,18-25,Female,Mumbai,Maharashtra,Free,Dance India Dance Championship,Show,Reality,Hindi,50
E12975,U1669,C105,pause,2026-02-01,Web,10,0,26-35,Female,Delhi,Delhi,Free,Pro Kabaddi League Finals,Sports,Sports,Tamil,70
E12976,U1570,C117,play,2026-02-11,Mobile,10,0,18-25,Female,Mumbai,Maharashtra,VIP,Ghar Ek Mandir Classic,Show,Drama,Marathi,24
E12977,U1288,C131,pause,2026-02-13,Mobile,25,0,26-35,Male,Mumbai,Maharashtra,VIP,Devara Storm Rising,Movie,Action,Telugu,160
E12978,U1333,C143,complete,2026-01-02,Mobile,43,1,36-45,Female,Bengaluru,Karnataka,Free,Roadies Quest,Show,Reality,Hindi,45
E12979,U1149,C144,play,2026-02-17,Smart TV,15,0,46+,Male,Hyderabad,Telangana,Free,Koffee Spotlight Lounge,Show,Reality,English,45
E12980,U1604,C115,play,2026-01-18,Smart TV,29,0,18-25,Male,Bengaluru,Karnataka,Free,Bengal Courtroom Secrets,Series,Drama,Bengali,40
E12981,U1592,C149,pause,2026-02-28,Mobile,6,0,26-35,Female,Kolkata,West Bengal,Free,Shinchan Laugh Club,Series,Kids,Tamil,20
E12982,U1407,C129,pause,2026-03-01,Mobile,86,0,46+,Male,Patna,Bihar,VIP,Tiger Underground Strike,Movie,Action,Hindi,155
E12983,U1275,C116,complete,2026-01-19,Smart TV,121,1,26-35,Male,Mumbai,Maharashtra,VIP,Kolkata Love Diary,Movie,Drama,Bengali,125
E12984,U1442,C108,complete,2026-02-07,Mobile,58,1,18-25,Male,Mumbai,Maharashtra,VIP,ISL Football Clash of Titans,Sports,Sports,Bengali,60
E12985,U1348,C125,complete,2026-02-25,Smart TV,36,1,26-35,Male,Kolkata,West Bengal,Free,Chennai Roast Arena,Show,Comedy,Tamil,40
E12986,U1526,C112,complete,2026-02-11,Smart TV,47,1,18-25,Female,Delhi,Delhi,VIP,City of Dreams: The Succession,Series,Drama,Hindi,50
E12987,U1331,C104,pause,2026-01-04,Mobile,24,0,26-35,Female,Mumbai,Maharashtra,VIP,IND vs ENG Test Day 3 Highlights,Sports,Sports,English,50
E12988,U1065,C136,complete,2026-02-07,Mobile,111,1,36-45,Male,Delhi,Delhi,Free,Speed Street Heist,Movie,Action,English,120
E12989,U1054,C104,complete,2026-01-27,Mobile,47,1,26-35,Male,Hyderabad,Telangana,VIP,IND vs ENG Test Day 3 Highlights,Sports,Sports,English,50
E12990,U1117,C104,complete,2026-02-05,Web,47,1,18-25,Male,Delhi,Delhi,Premium,IND vs ENG Test Day 3 Highlights,Sports,Sports,English,50
E12991,U1345,C102,pause,2026-01-22,Smart TV,31,0,26-35,Male,Pune,Maharashtra,VIP,IPL Mega Auction Live Replay,Sports,Sports,Hindi,90
E12992,U1577,C143,pause,2026-01-28,Mobile,22,0,46+,Male,Ahmedabad,Gujarat,Premium,Roadies Quest,Show,Reality,Hindi,45
E12993,U1621,C134,play,2026-01-12,Mobile,14,0,18-25,Male,Bengaluru,Karnataka,VIP,Night Hunter Squad,Movie,Action,English,130
E12994,U1540,C107,complete,2026-01-12,Mobile,36,1,18-25,Male,Kolkata,West Bengal,VIP,Champions Trophy Pre-Show,Sports,Sports,Telugu,40
E12995,U1717,C119,play,2026-01-02,Mobile,30,0,36-45,Male,Delhi,Delhi,Free,The Crown Dynasty Legacy,Series,Drama,English,55
E12996,U1512,C148,complete,2026-01-19,Mobile,18,1,26-35,Female,Mumbai,Maharashtra,VIP,Doraemon Magic Gadgets,Series,Kids,Hindi,20
E12997,U1596,C101,complete,2026-01-17,Mobile,41,1,26-35,Female,Bengaluru,Karnataka,Free,IND vs AUS T20 Cup Highlights,Sports,Sports,Hindi,45
E12998,U1236,C130,complete,2026-01-28,Mobile,162,1,26-35,Male,Delhi,Delhi,VIP,Vikram: Shadow Commander,Movie,Action,Tamil,165
E12999,U1673,C108,complete,2026-01-09,Smart TV,54,1,26-35,Male,Pune,Maharashtra,VIP,ISL Football Clash of Titans,Sports,Sports,Bengali,60
E13000,U1203,C102,pause,2026-01-12,Mobile,33,0,18-25,Female,Delhi,Delhi,Free,IPL Mega Auction Live Replay,Sports,Sports,Hindi,90
E13001,U1028,C116,complete,2026-02-09,Smart TV,120,1,46+,Female,Lucknow,Uttar Pradesh,VIP,Kolkata Love Diary,Movie,Drama,Bengali,125
E13002,U1573,C143,complete,2026-01-14,Mobile,42,1,26-35,Female,Hyderabad,Telangana,Free,Roadies Quest,Show,Reality,Hindi,45
E13003,U1155,C104,complete,2026-01-25,Mobile,45,1,36-45,Male,Mumbai,Maharashtra,Free,IND vs ENG Test Day 3 Highlights,Sports,Sports,English,50
E13004,U1715,C105,complete,2026-01-22,Mobile,67,1,18-25,Female,Kochi,Kerala,VIP,Pro Kabaddi League Finals,Sports,Sports,Tamil,70
E13005,U1628,C118,complete,2026-02-02,Mobile,44,1,36-45,Male,Mumbai,Maharashtra,VIP,Kerala Waterfront Mystery,Series,Drama,Malayalam,48
E13006,U1301,C140,complete,2026-01-12,Mobile,48,1,36-45,Female,Mumbai,Maharashtra,Premium,Dance India Dance Championship,Show,Reality,Hindi,50
E13007,U1191,C124,complete,2026-02-16,Mobile,63,1,26-35,Female,Bengaluru,Karnataka,VIP,Standup Special: Bangalore Humor,Show,Comedy,English,65
E13008,U1611,C153,pause,2026-02-27,Mobile,19,0,26-35,Male,Lucknow,Uttar Pradesh,Premium,India at 2030: Space Ambitions,Show,News,English,50
E13009,U1654,C109,complete,2026-01-12,Smart TV,43,1,18-25,Male,Mumbai,Maharashtra,VIP,Special Ops: Desert Falcon,Series,Drama,Hindi,45
E13010,U1467,C142,play,2026-01-25,Mobile,5,0,18-25,Male,Bengaluru,Karnataka,Free,Master Chef Kitchen Wars,Show,Reality,Hindi,45
E13011,U1738,C118,pause,2026-02-27,Web,6,0,36-45,Male,Delhi,Delhi,VIP,Kerala Waterfront Mystery,Series,Drama,Malayalam,48
E13012,U1296,C106,pause,2026-01-27,Smart TV,29,0,46+,Female,Kolkata,West Bengal,VIP,WPL T20 Blockbuster Match,Sports,Sports,Hindi,60
E13013,U1314,C104,pause,2026-02-07,Mobile,9,0,26-35,Female,Bengaluru,Karnataka,Premium,IND vs ENG Test Day 3 Highlights,Sports,Sports,English,50
E13014,U1536,C106,play,2026-01-26,Web,39,0,18-25,Male,Mumbai,Maharashtra,Free,WPL T20 Blockbuster Match,Sports,Sports,Hindi,60
E13015,U1331,C113,complete,2026-02-14,Mobile,134,1,26-35,Female,Mumbai,Maharashtra,VIP,Kaithi Revenge Chronicles,Movie,Drama,Tamil,140
E13016,U1536,C118,play,2026-02-17,Smart TV,25,0,18-25,Male,Mumbai,Maharashtra,Free,Kerala Waterfront Mystery,Series,Drama,Malayalam,48
E13017,U1178,C112,pause,2026-02-07,Web,33,0,26-35,Female,Chennai,Tamil Nadu,VIP,City of Dreams: The Succession,Series,Drama,Hindi,50
E13018,U1103,C104,complete,2026-02-11,Mobile,47,1,18-25,Male,Delhi,Delhi,VIP,IND vs ENG Test Day 3 Highlights,Sports,Sports,English,50
E13019,U1536,C119,pause,2026-01-14,Mobile,29,0,18-25,Male,Mumbai,Maharashtra,Free,The Crown Dynasty Legacy,Series,Drama,English,55
E13020,U1705,C112,play,2026-01-02,Mobile,14,0,26-35,Female,Delhi,Delhi,Free,City of Dreams: The Succession,Series,Drama,Hindi,50
E13021,U1312,C104,complete,2026-02-07,Smart TV,47,1,26-35,Female,Chennai,Tamil Nadu,VIP,IND vs ENG Test Day 3 Highlights,Sports,Sports,English,50
E13022,U1483,C131,pause,2026-01-07,Smart TV,111,0,36-45,Female,Chennai,Tamil Nadu,Free,Devara Storm Rising,Movie,Action,Telugu,160
E13023,U1270,C109,complete,2026-02-20,Web,42,1,18-25,Male,Delhi,Delhi,VIP,Special Ops: Desert Falcon,Series,Drama,Hindi,45
E13024,U1391,C108,complete,2026-02-21,Mobile,54,1,46+,Other,Pune,Maharashtra,VIP,ISL Football Clash of Titans,Sports,Sports,Bengali,60
E13025,U1144,C105,play,2026-01-07,Mobile,32,0,26-35,Male,Bengaluru,Karnataka,Free,Pro Kabaddi League Finals,Sports,Sports,Tamil,70
E13026,U1200,C131,pause,2026-02-27,Web,99,0,46+,Male,Kochi,Kerala,VIP,Devara Storm Rising,Movie,Action,Telugu,160
E13027,U1097,C138,complete,2026-01-19,Smart TV,59,1,26-35,Male,Delhi,Delhi,Premium,Bigg Boss Tamil Season 8,Show,Reality,Tamil,60
E13028,U1301,C108,pause,2026-02-11,Smart TV,26,0,36-45,Female,Mumbai,Maharashtra,Premium,ISL Football Clash of Titans,Sports,Sports,Bengali,60
E13029,U1203,C106,play,2026-01-19,Smart TV,14,0,18-25,Female,Delhi,Delhi,Free,WPL T20 Blockbuster Match,Sports,Sports,Hindi,60
E13030,U1257,C118,complete,2026-01-09,Web,43,1,36-45,Male,Bengaluru,Karnataka,Free,Kerala Waterfront Mystery,Series,Drama,Malayalam,48
E13031,U1566,C129,pause,2026-02-22,Web,41,0,18-25,Female,Kolkata,West Bengal,Free,Tiger Underground Strike,Movie,Action,Hindi,155
E13032,U1435,C124,pause,2026-02-14,Smart TV,12,0,18-25,Male,Bengaluru,Karnataka,Free,Standup Special: Bangalore Humor,Show,Comedy,English,65
E13033,U1683,C137,complete,2026-02-13,Smart TV,56,1,36-45,Male,Bengaluru,Karnataka,Premium,Bigg Boss All-Stars Hindi,Show,Reality,Hindi,60
E13034,U1016,C135,complete,2026-01-08,Smart TV,133,1,36-45,Male,Mumbai,Maharashtra,Premium,Fighter Wing Alpha,Movie,Action,Hindi,145
E13035,U1021,C154,pause,2026-01-26,Mobile,16,0,18-25,Female,Pune,Maharashtra,Free,Elections Ground Pulse,News,News,Hindi,35
E13036,U1588,C110,play,2026-01-13,Smart TV,3,0,26-35,Male,Kolkata,West Bengal,VIP,Anupama: New Beginnings,Show,Drama,Hindi,25
E13037,U1157,C111,play,2026-02-12,Mobile,9,0,26-35,Female,Lucknow,Uttar Pradesh,Free,Yeh Rishta: Family Bonds,Show,Drama,Hindi,22
E13038,U1602,C154,play,2026-02-04,Mobile,7,0,26-35,Female,Mumbai,Maharashtra,Premium,Elections Ground Pulse,News,News,Hindi,35
E13039,U1601,C111,pause,2026-01-14,Smart TV,16,0,46+,Male,Ahmedabad,Gujarat,VIP,Yeh Rishta: Family Bonds,Show,Drama,Hindi,22
E13040,U1023,C160,complete,2026-01-19,Web,28,1,36-45,Male,Kolkata,West Bengal,VIP,Maharashtra Maha News,News,News,Marathi,30
E13041,U1440,C137,complete,2026-02-24,Smart TV,54,1,36-45,Male,Chennai,Tamil Nadu,Free,Bigg Boss All-Stars Hindi,Show,Reality,Hindi,60
E13042,U1230,C147,pause,2026-02-26,Mobile,3,0,18-25,Male,Mumbai,Maharashtra,Free,Little Singham Rescue Mission,Series,Kids,Hindi,20
E13043,U1314,C119,play,2026-01-05,Mobile,31,0,26-35,Female,Bengaluru,Karnataka,Premium,The Crown Dynasty Legacy,Series,Drama,English,55
E13044,U1664,C130,complete,2026-02-19,Mobile,164,1,36-45,Male,Delhi,Delhi,Premium,Vikram: Shadow Commander,Movie,Action,Tamil,165
E13045,U1138,C124,complete,2026-02-26,Smart TV,62,1,18-25,Male,Kolkata,West Bengal,Free,Standup Special: Bangalore Humor,Show,Comedy,English,65
E13046,U1108,C103,complete,2026-01-31,Mobile,54,1,18-25,Female,Ahmedabad,Gujarat,VIP,Premier League Weekly Showdown,Sports,Sports,English,60
E13047,U1430,C135,pause,2026-02-04,Mobile,54,0,46+,Female,Bengaluru,Karnataka,Premium,Fighter Wing Alpha,Movie,Action,Hindi,145
E13048,U1290,C103,complete,2026-01-06,Smart TV,58,1,18-25,Male,Delhi,Delhi,Free,Premier League Weekly Showdown,Sports,Sports,English,60
E13049,U1597,C105,play,2026-03-01,Web,10,0,36-45,Female,Mumbai,Maharashtra,VIP,Pro Kabaddi League Finals,Sports,Sports,Tamil,70
E13050,U1638,C101,pause,2026-03-01,Mobile,18,0,26-35,Female,Patna,Bihar,Premium,IND vs AUS T20 Cup Highlights,Sports,Sports,Hindi,45
E13051,U1395,C141,complete,2026-02-04,Mobile,50,1,18-25,Female,Mumbai,Maharashtra,Premium,Shark Pitch India S4,Show,Reality,Hindi,55
E13052,U1350,C132,pause,2026-03-01,Mobile,22,0,26-35,Female,Mumbai,Maharashtra,Free,Commando Force Mumbai,Series,Action,Hindi,42
E13053,U1461,C156,pause,2026-01-28,Mobile,14,0,26-35,Male,Chennai,Tamil Nadu,Premium,Cricket Icons: The Untold Story,Show,News,Hindi,45
E13054,U1127,C103,pause,2026-01-20,Smart TV,8,0,26-35,Male,Kolkata,West Bengal,Premium,Premier League Weekly Showdown,Sports,Sports,English,60
E13055,U1465,C104,complete,2026-01-19,Tablet,47,1,26-35,Female,Mumbai,Maharashtra,Premium,IND vs ENG Test Day 3 Highlights,Sports,Sports,English,50
E13056,U1116,C133,complete,2026-02-15,Mobile,43,1,46+,Male,Hyderabad,Telangana,VIP,Rudra: The Edge of Darkness,Series,Action,Hindi,48
E13057,U1166,C149,complete,2026-01-28,Mobile,19,1,36-45,Male,Mumbai,Maharashtra,Free,Shinchan Laugh Club,Series,Kids,Tamil,20
E13058,U1723,C107,pause,2026-01-21,Mobile,19,0,26-35,Female,Lucknow,Uttar Pradesh,Premium,Champions Trophy Pre-Show,Sports,Sports,Telugu,40
E13059,U1118,C134,pause,2026-01-19,Smart TV,14,0,18-25,Male,Hyderabad,Telangana,VIP,Night Hunter Squad,Movie,Action,English,130
E13060,U1370,C141,play,2026-01-18,Web,22,0,18-25,Male,Bengaluru,Karnataka,Free,Shark Pitch India S4,Show,Reality,Hindi,55
E13061,U1395,C148,complete,2026-02-06,Mobile,18,1,18-25,Female,Mumbai,Maharashtra,Premium,Doraemon Magic Gadgets,Series,Kids,Hindi,20
E13062,U1738,C130,complete,2026-02-10,Tablet,150,1,36-45,Male,Delhi,Delhi,VIP,Vikram: Shadow Commander,Movie,Action,Tamil,165
E13063,U1537,C115,pause,2026-01-24,Mobile,21,0,18-25,Female,Hyderabad,Telangana,Free,Bengal Courtroom Secrets,Series,Drama,Bengali,40
E13064,U1590,C112,play,2026-01-30,Mobile,15,0,26-35,Male,Kolkata,West Bengal,VIP,City of Dreams: The Succession,Series,Drama,Hindi,50
E13065,U1108,C118,complete,2026-01-17,Smart TV,44,1,18-25,Female,Ahmedabad,Gujarat,VIP,Kerala Waterfront Mystery,Series,Drama,Malayalam,48
E13066,U1291,C101,complete,2026-02-11,Mobile,41,1,26-35,Male,Mumbai,Maharashtra,Free,IND vs AUS T20 Cup Highlights,Sports,Sports,Hindi,45
E13067,U1694,C104,pause,2026-01-27,Mobile,13,0,18-25,Female,Delhi,Delhi,Premium,IND vs ENG Test Day 3 Highlights,Sports,Sports,English,50
E13068,U1650,C110,complete,2026-01-07,Smart TV,24,1,26-35,Male,Delhi,Delhi,Premium,Anupama: New Beginnings,Show,Drama,Hindi,25
E13069,U1664,C101,pause,2026-02-13,Smart TV,18,0,36-45,Male,Delhi,Delhi,Premium,IND vs AUS T20 Cup Highlights,Sports,Sports,Hindi,45
E13070,U1197,C156,complete,2026-01-01,Smart TV,42,1,18-25,Male,Bengaluru,Karnataka,VIP,Cricket Icons: The Untold Story,Show,News,Hindi,45
E13071,U1357,C107,complete,2026-02-20,Mobile,37,1,18-25,Female,Hyderabad,Telangana,Free,Champions Trophy Pre-Show,Sports,Sports,Telugu,40
E13072,U1504,C105,complete,2026-01-10,Mobile,64,1,36-45,Male,Delhi,Delhi,VIP,Pro Kabaddi League Finals,Sports,Sports,Tamil,70
E13073,U1211,C126,pause,2026-02-08,Mobile,10,0,26-35,Female,Bengaluru,Karnataka,Premium,Telugu Comedy Superstars,Show,Comedy,Telugu,30
E13074,U1448,C112,complete,2026-02-05,Mobile,48,1,18-25,Male,Bengaluru,Karnataka,VIP,City of Dreams: The Succession,Series,Drama,Hindi,50
E13075,U1193,C131,complete,2026-02-15,Mobile,156,1,18-25,Female,Chennai,Tamil Nadu,VIP,Devara Storm Rising,Movie,Action,Telugu,160
E13076,U1076,C110,pause,2026-01-21,Smart TV,20,0,18-25,Female,Jaipur,Rajasthan,Free,Anupama: New Beginnings,Show,Drama,Hindi,25
E13077,U1724,C152,complete,2026-02-07,Web,24,1,18-25,Male,Bengaluru,Karnataka,VIP,Global Tech & Economy Report,News,News,English,25
E13078,U1090,C142,complete,2026-02-14,Smart TV,41,1,36-45,Female,Kolkata,West Bengal,VIP,Master Chef Kitchen Wars,Show,Reality,Hindi,45
E13079,U1701,C116,pause,2026-01-16,Mobile,47,0,18-25,Male,Mumbai,Maharashtra,Free,Kolkata Love Diary,Movie,Drama,Bengali,125
E13080,U1019,C150,complete,2026-01-07,Mobile,21,1,18-25,Female,Jaipur,Rajasthan,Free,Super Bheem Galactic Battle,Series,Kids,Telugu,22
E13081,U1467,C148,complete,2026-02-09,Smart TV,18,1,18-25,Male,Bengaluru,Karnataka,Free,Doraemon Magic Gadgets,Series,Kids,Hindi,20
E13082,U1248,C139,complete,2026-03-01,Smart TV,59,1,18-25,Male,Bengaluru,Karnataka,VIP,Bigg Boss Telugu Live,Show,Reality,Telugu,60
E13083,U1501,C112,play,2026-01-09,Smart TV,16,0,26-35,Female,Hyderabad,Telangana,VIP,City of Dreams: The Succession,Series,Drama,Hindi,50
E13084,U1420,C107,pause,2026-01-25,Smart TV,31,0,26-35,Male,Delhi,Delhi,VIP,Champions Trophy Pre-Show,Sports,Sports,Telugu,40
E13085,U1153,C115,complete,2026-01-02,Tablet,38,1,18-25,Male,Delhi,Delhi,Premium,Bengal Courtroom Secrets,Series,Drama,Bengali,40
E13086,U1512,C109,pause,2026-02-22,Smart TV,27,0,26-35,Female,Mumbai,Maharashtra,VIP,Special Ops: Desert Falcon,Series,Drama,Hindi,45
E13087,U1504,C138,complete,2026-01-16,Smart TV,59,1,36-45,Male,Delhi,Delhi,VIP,Bigg Boss Tamil Season 8,Show,Reality,Tamil,60
E13088,U1621,C118,complete,2026-01-21,Smart TV,44,1,18-25,Male,Bengaluru,Karnataka,VIP,Kerala Waterfront Mystery,Series,Drama,Malayalam,48
E13089,U1717,C148,play,2026-02-04,Smart TV,6,0,36-45,Male,Delhi,Delhi,Free,Doraemon Magic Gadgets,Series,Kids,Hindi,20
E13090,U1575,C107,complete,2026-01-28,Web,37,1,18-25,Male,Pune,Maharashtra,Free,Champions Trophy Pre-Show,Sports,Sports,Telugu,40
E13091,U1430,C102,play,2026-01-28,Mobile,30,0,46+,Female,Bengaluru,Karnataka,Premium,IPL Mega Auction Live Replay,Sports,Sports,Hindi,90
E13092,U1011,C103,complete,2026-01-15,Mobile,56,1,18-25,Male,Delhi,Delhi,VIP,Premier League Weekly Showdown,Sports,Sports,English,60
E13093,U1344,C111,complete,2026-01-10,Mobile,20,1,46+,Female,Delhi,Delhi,VIP,Yeh Rishta: Family Bonds,Show,Drama,Hindi,22
E13094,U1339,C104,pause,2026-02-05,Mobile,5,0,18-25,Female,Chennai,Tamil Nadu,Free,IND vs ENG Test Day 3 Highlights,Sports,Sports,English,50
E13095,U1036,C115,complete,2026-02-16,Smart TV,36,1,26-35,Female,Mumbai,Maharashtra,VIP,Bengal Courtroom Secrets,Series,Drama,Bengali,40
E13096,U1301,C131,pause,2026-02-19,Smart TV,53,0,36-45,Female,Mumbai,Maharashtra,Premium,Devara Storm Rising,Movie,Action,Telugu,160
E13097,U1632,C144,pause,2026-02-13,Mobile,21,0,18-25,Male,Chennai,Tamil Nadu,Free,Koffee Spotlight Lounge,Show,Reality,English,45
E13098,U1126,C139,complete,2026-01-01,Web,55,1,26-35,Male,Bengaluru,Karnataka,Premium,Bigg Boss Telugu Live,Show,Reality,Telugu,60
E13099,U1583,C111,complete,2026-01-22,Mobile,20,1,18-25,Male,Delhi,Delhi,Free,Yeh Rishta: Family Bonds,Show,Drama,Hindi,22
E13100,U1255,C151,complete,2026-01-21,Mobile,28,1,18-25,Male,Hyderabad,Telangana,VIP,Daily Headlines 360,News,News,Hindi,30
E13101,U1348,C143,complete,2026-02-01,Smart TV,41,1,26-35,Male,Kolkata,West Bengal,Free,Roadies Quest,Show,Reality,Hindi,45
E13102,U1429,C117,complete,2026-01-16,Mobile,22,1,26-35,Male,Mumbai,Maharashtra,Free,Ghar Ek Mandir Classic,Show,Drama,Marathi,24
E13103,U1748,C108,pause,2026-01-23,Smart TV,21,0,26-35,Female,Chennai,Tamil Nadu,VIP,ISL Football Clash of Titans,Sports,Sports,Bengali,60
E13104,U1123,C108,pause,2026-01-25,Mobile,32,0,18-25,Female,Ahmedabad,Gujarat,VIP,ISL Football Clash of Titans,Sports,Sports,Bengali,60
E13105,U1157,C111,complete,2026-01-12,Web,20,1,26-35,Female,Lucknow,Uttar Pradesh,Free,Yeh Rishta: Family Bonds,Show,Drama,Hindi,22
E13106,U1679,C136,complete,2026-01-19,Smart TV,109,1,46+,Female,Lucknow,Uttar Pradesh,VIP,Speed Street Heist,Movie,Action,English,120
E13107,U1711,C130,complete,2026-01-30,Web,149,1,18-25,Male,Bengaluru,Karnataka,VIP,Vikram: Shadow Commander,Movie,Action,Tamil,165
E13108,U1412,C140,complete,2026-01-12,Web,46,1,18-25,Male,Mumbai,Maharashtra,Premium,Dance India Dance Championship,Show,Reality,Hindi,50
E13109,U1677,C117,pause,2026-01-09,Mobile,11,0,18-25,Female,Pune,Maharashtra,Free,Ghar Ek Mandir Classic,Show,Drama,Marathi,24
E13110,U1620,C139,complete,2026-01-11,Tablet,55,1,26-35,Female,Delhi,Delhi,Premium,Bigg Boss Telugu Live,Show,Reality,Telugu,60
E13111,U1379,C113,pause,2026-01-27,Smart TV,16,0,18-25,Female,Bengaluru,Karnataka,VIP,Kaithi Revenge Chronicles,Movie,Drama,Tamil,140
E13112,U1062,C129,complete,2026-01-24,Mobile,143,1,18-25,Male,Chennai,Tamil Nadu,Free,Tiger Underground Strike,Movie,Action,Hindi,155
E13113,U1467,C123,pause,2026-01-12,Mobile,2,0,18-25,Male,Bengaluru,Karnataka,Free,Sarabhai Classic Revival,Series,Comedy,Hindi,25
E13114,U1541,C133,complete,2026-01-22,Mobile,44,1,26-35,Female,Delhi,Delhi,VIP,Rudra: The Edge of Darkness,Series,Action,Hindi,48
E13115,U1285,C137,pause,2026-02-08,Mobile,20,0,26-35,Female,Jaipur,Rajasthan,Free,Bigg Boss All-Stars Hindi,Show,Reality,Hindi,60
E13116,U1229,C138,pause,2026-01-19,Smart TV,46,0,18-25,Female,Mumbai,Maharashtra,Free,Bigg Boss Tamil Season 8,Show,Reality,Tamil,60
E13117,U1600,C115,complete,2026-01-06,Web,38,1,46+,Female,Bengaluru,Karnataka,Free,Bengal Courtroom Secrets,Series,Drama,Bengali,40
E13118,U1721,C134,pause,2026-01-22,Mobile,44,0,46+,Male,Delhi,Delhi,Free,Night Hunter Squad,Movie,Action,English,130
E13119,U1286,C120,complete,2026-02-17,Mobile,40,1,26-35,Female,Delhi,Delhi,VIP,Succession Politics India,Series,Drama,Hindi,45
E13120,U1079,C112,complete,2026-02-28,Smart TV,48,1,46+,Male,Kochi,Kerala,Free,City of Dreams: The Succession,Series,Drama,Hindi,50
E13121,U1068,C103,play,2026-01-22,Mobile,33,0,18-25,Female,Bengaluru,Karnataka,Free,Premier League Weekly Showdown,Sports,Sports,English,60
E13122,U1036,C107,pause,2026-02-20,Mobile,11,0,26-35,Female,Mumbai,Maharashtra,VIP,Champions Trophy Pre-Show,Sports,Sports,Telugu,40
E13123,U1438,C127,pause,2026-02-12,Web,11,0,18-25,Male,Hyderabad,Telangana,VIP,Pune Pun Factory,Show,Comedy,Marathi,30
E13124,U1049,C138,complete,2026-01-08,Mobile,54,1,26-35,Female,Mumbai,Maharashtra,Free,Bigg Boss Tamil Season 8,Show,Reality,Tamil,60
E13125,U1297,C132,complete,2026-02-22,Smart TV,39,1,26-35,Male,Pune,Maharashtra,VIP,Commando Force Mumbai,Series,Action,Hindi,42
E13126,U1363,C119,complete,2026-02-01,Mobile,50,1,18-25,Male,Mumbai,Maharashtra,Free,The Crown Dynasty Legacy,Series,Drama,English,55
E13127,U1082,C115,pause,2026-02-16,Mobile,10,0,18-25,Male,Chennai,Tamil Nadu,Premium,Bengal Courtroom Secrets,Series,Drama,Bengali,40
E13128,U1211,C124,pause,2026-01-10,Mobile,7,0,26-35,Female,Bengaluru,Karnataka,Premium,Standup Special: Bangalore Humor,Show,Comedy,English,65
E13129,U1461,C107,play,2026-02-19,Mobile,8,0,26-35,Male,Chennai,Tamil Nadu,Premium,Champions Trophy Pre-Show,Sports,Sports,Telugu,40
E13130,U1680,C128,pause,2026-02-14,Mobile,17,0,26-35,Male,Jaipur,Rajasthan,VIP,College Boys Chaos,Movie,Comedy,Hindi,115
E13131,U1048,C106,play,2026-01-25,Mobile,23,0,36-45,Male,Kolkata,West Bengal,VIP,WPL T20 Blockbuster Match,Sports,Sports,Hindi,60
E13132,U1465,C105,pause,2026-02-12,Mobile,30,0,26-35,Female,Mumbai,Maharashtra,Premium,Pro Kabaddi League Finals,Sports,Sports,Tamil,70
E13133,U1424,C141,complete,2026-01-22,Mobile,49,1,18-25,Female,Mumbai,Maharashtra,VIP,Shark Pitch India S4,Show,Reality,Hindi,55
E13134,U1675,C149,complete,2026-02-12,Mobile,19,1,18-25,Male,Mumbai,Maharashtra,Free,Shinchan Laugh Club,Series,Kids,Tamil,20
E13135,U1660,C142,complete,2026-01-19,Web,42,1,18-25,Male,Mumbai,Maharashtra,Free,Master Chef Kitchen Wars,Show,Reality,Hindi,45
E13136,U1126,C120,complete,2026-01-05,Smart TV,44,1,26-35,Male,Bengaluru,Karnataka,Premium,Succession Politics India,Series,Drama,Hindi,45
E13137,U1609,C123,complete,2026-02-21,Tablet,23,1,18-25,Female,Ahmedabad,Gujarat,VIP,Sarabhai Classic Revival,Series,Comedy,Hindi,25
E13138,U1681,C123,play,2026-02-09,Web,6,0,26-35,Male,Chennai,Tamil Nadu,Premium,Sarabhai Classic Revival,Series,Comedy,Hindi,25
E13139,U1357,C118,pause,2026-01-18,Mobile,17,0,18-25,Female,Hyderabad,Telangana,Free,Kerala Waterfront Mystery,Series,Drama,Malayalam,48
E13140,U1615,C129,pause,2026-01-09,Smart TV,20,0,18-25,Female,Kolkata,West Bengal,VIP,Tiger Underground Strike,Movie,Action,Hindi,155
E13141,U1234,C154,pause,2026-03-01,Smart TV,14,0,46+,Male,Bengaluru,Karnataka,Free,Elections Ground Pulse,News,News,Hindi,35
E13142,U1250,C104,complete,2026-01-09,Web,47,1,26-35,Female,Mumbai,Maharashtra,Free,IND vs ENG Test Day 3 Highlights,Sports,Sports,English,50
E13143,U1569,C144,complete,2026-02-17,Smart TV,44,1,26-35,Male,Mumbai,Maharashtra,Premium,Koffee Spotlight Lounge,Show,Reality,English,45
E13144,U1236,C101,play,2026-02-25,Mobile,9,0,26-35,Male,Delhi,Delhi,VIP,IND vs AUS T20 Cup Highlights,Sports,Sports,Hindi,45
E13145,U1096,C105,complete,2026-01-24,Mobile,68,1,36-45,Female,Delhi,Delhi,Premium,Pro Kabaddi League Finals,Sports,Sports,Tamil,70
E13146,U1678,C107,complete,2026-02-05,Smart TV,37,1,26-35,Female,Ahmedabad,Gujarat,Premium,Champions Trophy Pre-Show,Sports,Sports,Telugu,40
E13147,U1741,C136,pause,2026-01-23,Web,60,0,26-35,Male,Kolkata,West Bengal,Free,Speed Street Heist,Movie,Action,English,120
E13148,U1725,C138,play,2026-01-19,Mobile,15,0,26-35,Female,Bengaluru,Karnataka,VIP,Bigg Boss Tamil Season 8,Show,Reality,Tamil,60
E13149,U1536,C102,complete,2026-01-09,Mobile,86,1,18-25,Male,Mumbai,Maharashtra,Free,IPL Mega Auction Live Replay,Sports,Sports,Hindi,90
E13150,U1061,C120,pause,2026-01-16,Smart TV,37,0,26-35,Female,Mumbai,Maharashtra,Premium,Succession Politics India,Series,Drama,Hindi,45
E13151,U1134,C133,play,2026-01-18,Web,30,0,26-35,Female,Delhi,Delhi,VIP,Rudra: The Edge of Darkness,Series,Action,Hindi,48
E13152,U1235,C137,complete,2026-01-01,Mobile,58,1,18-25,Female,Bengaluru,Karnataka,Premium,Bigg Boss All-Stars Hindi,Show,Reality,Hindi,60
E13153,U1299,C118,complete,2026-02-21,Mobile,47,1,18-25,Male,Chennai,Tamil Nadu,Premium,Kerala Waterfront Mystery,Series,Drama,Malayalam,48
E13154,U1395,C108,play,2026-01-02,Mobile,31,0,18-25,Female,Mumbai,Maharashtra,Premium,ISL Football Clash of Titans,Sports,Sports,Bengali,60
E13155,U1621,C143,pause,2026-01-18,Web,17,0,18-25,Male,Bengaluru,Karnataka,VIP,Roadies Quest,Show,Reality,Hindi,45
E13156,U1085,C142,play,2026-01-14,Smart TV,11,0,26-35,Male,Delhi,Delhi,Free,Master Chef Kitchen Wars,Show,Reality,Hindi,45
E13157,U1321,C120,complete,2026-01-11,Smart TV,44,1,18-25,Male,Pune,Maharashtra,Premium,Succession Politics India,Series,Drama,Hindi,45
E13158,U1702,C136,complete,2026-01-06,Smart TV,116,1,18-25,Female,Chennai,Tamil Nadu,VIP,Speed Street Heist,Movie,Action,English,120
E13159,U1536,C117,play,2026-02-27,Web,5,0,18-25,Male,Mumbai,Maharashtra,Free,Ghar Ek Mandir Classic,Show,Drama,Marathi,24
E13160,U1331,C148,pause,2026-02-06,Mobile,5,0,26-35,Female,Mumbai,Maharashtra,VIP,Doraemon Magic Gadgets,Series,Kids,Hindi,20
E13161,U1545,C102,complete,2026-02-18,Web,86,1,26-35,Other,Pune,Maharashtra,Free,IPL Mega Auction Live Replay,Sports,Sports,Hindi,90
E13162,U1654,C148,complete,2026-02-26,Web,19,1,18-25,Male,Mumbai,Maharashtra,VIP,Doraemon Magic Gadgets,Series,Kids,Hindi,20
E13163,U1663,C103,complete,2026-01-23,Web,54,1,26-35,Female,Delhi,Delhi,VIP,Premier League Weekly Showdown,Sports,Sports,English,60
E13164,U1594,C126,play,2026-01-14,Smart TV,4,0,18-25,Female,Delhi,Delhi,Free,Telugu Comedy Superstars,Show,Comedy,Telugu,30
E13165,U1711,C138,pause,2026-02-10,Smart TV,39,0,18-25,Male,Bengaluru,Karnataka,VIP,Bigg Boss Tamil Season 8,Show,Reality,Tamil,60
E13166,U1043,C111,complete,2026-02-27,Mobile,20,1,26-35,Male,Delhi,Delhi,Free,Yeh Rishta: Family Bonds,Show,Drama,Hindi,22
E13167,U1386,C103,complete,2026-02-11,Mobile,57,1,46+,Female,Kolkata,West Bengal,Free,Premier League Weekly Showdown,Sports,Sports,English,60
E13168,U1067,C125,complete,2026-02-02,Mobile,37,1,18-25,Female,Jaipur,Rajasthan,VIP,Chennai Roast Arena,Show,Comedy,Tamil,40
E13169,U1030,C102,complete,2026-03-01,Smart TV,84,1,18-25,Male,Chennai,Tamil Nadu,Free,IPL Mega Auction Live Replay,Sports,Sports,Hindi,90
E13170,U1236,C111,pause,2026-01-06,Mobile,6,0,26-35,Male,Delhi,Delhi,VIP,Yeh Rishta: Family Bonds,Show,Drama,Hindi,22
E13171,U1721,C131,pause,2026-02-27,Mobile,85,0,46+,Male,Delhi,Delhi,Free,Devara Storm Rising,Movie,Action,Telugu,160
E13172,U1461,C136,complete,2026-01-28,Smart TV,116,1,26-35,Male,Chennai,Tamil Nadu,Premium,Speed Street Heist,Movie,Action,English,120
E13173,U1061,C116,complete,2026-01-28,Web,122,1,26-35,Female,Mumbai,Maharashtra,Premium,Kolkata Love Diary,Movie,Drama,Bengali,125
E13174,U1072,C128,pause,2026-02-15,Mobile,34,0,18-25,Female,Mumbai,Maharashtra,Free,College Boys Chaos,Movie,Comedy,Hindi,115
E13175,U1396,C134,complete,2026-02-16,Mobile,128,1,18-25,Male,Delhi,Delhi,VIP,Night Hunter Squad,Movie,Action,English,130
E13176,U1237,C102,pause,2026-02-11,Tablet,30,0,26-35,Male,Hyderabad,Telangana,Free,IPL Mega Auction Live Replay,Sports,Sports,Hindi,90
E13177,U1409,C130,pause,2026-01-24,Mobile,25,0,18-25,Male,Bengaluru,Karnataka,Free,Vikram: Shadow Commander,Movie,Action,Tamil,165
E13178,U1711,C159,pause,2026-01-11,Smart TV,16,0,18-25,Male,Bengaluru,Karnataka,VIP,Bengal Morning Bulletin,News,News,Bengali,25
E13179,U1295,C134,pause,2026-01-03,Mobile,55,0,18-25,Male,Bengaluru,Karnataka,VIP,Night Hunter Squad,Movie,Action,English,130
E13180,U1041,C114,pause,2026-02-25,Web,15,0,26-35,Female,Patna,Bihar,Free,Telugu Royal Heritage,Series,Drama,Telugu,45
E13181,U1144,C142,complete,2026-01-22,Smart TV,44,1,26-35,Male,Bengaluru,Karnataka,Free,Master Chef Kitchen Wars,Show,Reality,Hindi,45
E13182,U1142,C147,pause,2026-02-21,Mobile,5,0,26-35,Male,Kochi,Kerala,VIP,Little Singham Rescue Mission,Series,Kids,Hindi,20
E13183,U1492,C110,complete,2026-01-04,Mobile,24,1,18-25,Male,Bengaluru,Karnataka,VIP,Anupama: New Beginnings,Show,Drama,Hindi,25
E13184,U1114,C105,play,2026-01-01,Mobile,20,0,26-35,Male,Jaipur,Rajasthan,Free,Pro Kabaddi League Finals,Sports,Sports,Tamil,70
E13185,U1607,C121,pause,2026-01-31,Mobile,12,0,36-45,Male,Mumbai,Maharashtra,Free,The Great Indian Comedy Lab,Show,Comedy,Hindi,35
E13186,U1084,C138,pause,2026-02-15,Mobile,29,0,46+,Female,Hyderabad,Telangana,VIP,Bigg Boss Tamil Season 8,Show,Reality,Tamil,60
E13187,U1637,C153,complete,2026-02-18,Smart TV,49,1,18-25,Female,Delhi,Delhi,Premium,India at 2030: Space Ambitions,Show,News,English,50
E13188,U1077,C145,complete,2026-02-16,Mobile,77,1,18-25,Male,Ahmedabad,Gujarat,Premium,Chhota Bheem Himalayan Tour,Movie,Kids,Hindi,85
E13189,U1365,C124,complete,2026-01-01,Mobile,62,1,18-25,Female,Delhi,Delhi,VIP,Standup Special: Bangalore Humor,Show,Comedy,English,65
E13190,U1338,C103,pause,2026-01-13,Mobile,26,0,26-35,Male,Delhi,Delhi,Free,Premier League Weekly Showdown,Sports,Sports,English,60
E13191,U1219,C112,play,2026-01-31,Mobile,5,0,26-35,Female,Hyderabad,Telangana,VIP,City of Dreams: The Succession,Series,Drama,Hindi,50
E13192,U1640,C136,play,2026-02-20,Mobile,54,0,18-25,Other,Delhi,Delhi,Premium,Speed Street Heist,Movie,Action,English,120
E13193,U1544,C119,pause,2026-01-24,Mobile,21,0,36-45,Male,Delhi,Delhi,Premium,The Crown Dynasty Legacy,Series,Drama,English,55
E13194,U1542,C119,complete,2026-01-19,Smart TV,52,1,26-35,Female,Pune,Maharashtra,Free,The Crown Dynasty Legacy,Series,Drama,English,55
E13195,U1024,C131,pause,2026-01-18,Smart TV,45,0,36-45,Female,Bengaluru,Karnataka,Free,Devara Storm Rising,Movie,Action,Telugu,160
E13196,U1011,C131,complete,2026-01-19,Mobile,157,1,18-25,Male,Delhi,Delhi,VIP,Devara Storm Rising,Movie,Action,Telugu,160
E13197,U1709,C158,pause,2026-01-13,Mobile,5,0,26-35,Male,Delhi,Delhi,Premium,State Express News Tamil,News,News,Tamil,30
E13198,U1716,C107,pause,2026-02-09,Web,21,0,18-25,Female,Jaipur,Rajasthan,Premium,Champions Trophy Pre-Show,Sports,Sports,Telugu,40
E13199,U1538,C121,complete,2026-01-27,Mobile,33,1,26-35,Female,Chennai,Tamil Nadu,Free,The Great Indian Comedy Lab,Show,Comedy,Hindi,35
E13200,U1030,C105,play,2026-01-22,Mobile,9,0,18-25,Male,Chennai,Tamil Nadu,Free,Pro Kabaddi League Finals,Sports,Sports,Tamil,70
E13201,U1023,C137,complete,2026-01-10,Mobile,58,1,36-45,Male,Kolkata,West Bengal,VIP,Bigg Boss All-Stars Hindi,Show,Reality,Hindi,60
E13202,U1317,C102,complete,2026-02-15,Mobile,86,1,36-45,Male,Kolkata,West Bengal,VIP,IPL Mega Auction Live Replay,Sports,Sports,Hindi,90
E13203,U1145,C110,complete,2026-02-05,Mobile,23,1,18-25,Female,Mumbai,Maharashtra,Free,Anupama: New Beginnings,Show,Drama,Hindi,25
E13204,U1691,C108,pause,2026-02-27,Mobile,26,0,26-35,Male,Delhi,Delhi,Free,ISL Football Clash of Titans,Sports,Sports,Bengali,60
E13205,U1059,C107,play,2026-01-25,Mobile,14,0,18-25,Male,Bengaluru,Karnataka,VIP,Champions Trophy Pre-Show,Sports,Sports,Telugu,40
E13206,U1170,C146,play,2026-02-13,Mobile,29,0,18-25,Male,Jaipur,Rajasthan,VIP,Motu Patlu Space Adventure,Movie,Kids,Hindi,75
E13207,U1628,C142,complete,2026-02-01,Mobile,44,1,36-45,Male,Mumbai,Maharashtra,VIP,Master Chef Kitchen Wars,Show,Reality,Hindi,45
E13208,U1530,C142,complete,2026-01-10,Mobile,44,1,18-25,Female,Hyderabad,Telangana,Premium,Master Chef Kitchen Wars,Show,Reality,Hindi,45
E13209,U1230,C126,play,2026-02-01,Mobile,15,0,18-25,Male,Mumbai,Maharashtra,Free,Telugu Comedy Superstars,Show,Comedy,Telugu,30
E13210,U1509,C112,complete,2026-02-13,Mobile,49,1,26-35,Female,Pune,Maharashtra,Free,City of Dreams: The Succession,Series,Drama,Hindi,50
E13211,U1502,C101,complete,2026-02-17,Mobile,41,1,18-25,Female,Delhi,Delhi,Free,IND vs AUS T20 Cup Highlights,Sports,Sports,Hindi,45
E13212,U1286,C101,complete,2026-01-18,Mobile,43,1,26-35,Female,Delhi,Delhi,VIP,IND vs AUS T20 Cup Highlights,Sports,Sports,Hindi,45
E13213,U1144,C106,complete,2026-02-16,Web,57,1,26-35,Male,Bengaluru,Karnataka,Free,WPL T20 Blockbuster Match,Sports,Sports,Hindi,60
E13214,U1035,C133,pause,2026-02-11,Smart TV,16,0,26-35,Male,Delhi,Delhi,Free,Rudra: The Edge of Darkness,Series,Action,Hindi,48
E13215,U1681,C117,pause,2026-02-28,Smart TV,6,0,26-35,Male,Chennai,Tamil Nadu,Premium,Ghar Ek Mandir Classic,Show,Drama,Marathi,24
E13216,U1036,C138,complete,2026-01-16,Smart TV,57,1,26-35,Female,Mumbai,Maharashtra,VIP,Bigg Boss Tamil Season 8,Show,Reality,Tamil,60
E13217,U1041,C120,complete,2026-02-24,Mobile,44,1,26-35,Female,Patna,Bihar,Free,Succession Politics India,Series,Drama,Hindi,45
E13218,U1621,C155,pause,2026-01-18,Mobile,28,0,18-25,Male,Bengaluru,Karnataka,VIP,Wildlife Wonders: Western Ghats,Show,News,English,52
E13219,U1040,C127,pause,2026-02-17,Web,13,0,18-25,Female,Bengaluru,Karnataka,Free,Pune Pun Factory,Show,Comedy,Marathi,30
E13220,U1159,C149,pause,2026-02-19,Smart TV,8,0,26-35,Female,Jaipur,Rajasthan,VIP,Shinchan Laugh Club,Series,Kids,Tamil,20
E13221,U1314,C107,complete,2026-01-06,Web,39,1,26-35,Female,Bengaluru,Karnataka,Premium,Champions Trophy Pre-Show,Sports,Sports,Telugu,40
E13222,U1097,C105,complete,2026-02-25,Smart TV,65,1,26-35,Male,Delhi,Delhi,Premium,Pro Kabaddi League Finals,Sports,Sports,Tamil,70
E13223,U1577,C113,pause,2026-01-01,Mobile,28,0,46+,Male,Ahmedabad,Gujarat,Premium,Kaithi Revenge Chronicles,Movie,Drama,Tamil,140
E13224,U1660,C148,pause,2026-01-23,Mobile,10,0,18-25,Male,Mumbai,Maharashtra,Free,Doraemon Magic Gadgets,Series,Kids,Hindi,20
E13225,U1519,C152,pause,2026-02-01,Smart TV,2,0,26-35,Male,Bengaluru,Karnataka,VIP,Global Tech & Economy Report,News,News,English,25
E13226,U1699,C131,complete,2026-02-05,Smart TV,146,1,18-25,Female,Bengaluru,Karnataka,VIP,Devara Storm Rising,Movie,Action,Telugu,160
E13227,U1444,C105,pause,2026-01-27,Mobile,26,0,46+,Female,Bengaluru,Karnataka,VIP,Pro Kabaddi League Finals,Sports,Sports,Tamil,70
E13228,U1558,C115,pause,2026-01-31,Mobile,11,0,26-35,Male,Bengaluru,Karnataka,Free,Bengal Courtroom Secrets,Series,Drama,Bengali,40
E13229,U1527,C104,complete,2026-02-12,Mobile,49,1,36-45,Female,Pune,Maharashtra,VIP,IND vs ENG Test Day 3 Highlights,Sports,Sports,English,50
E13230,U1401,C141,pause,2026-02-12,Mobile,16,0,36-45,Male,Hyderabad,Telangana,VIP,Shark Pitch India S4,Show,Reality,Hindi,55
E13231,U1506,C101,complete,2026-02-10,Smart TV,43,1,36-45,Male,Kolkata,West Bengal,Premium,IND vs AUS T20 Cup Highlights,Sports,Sports,Hindi,45
E13232,U1111,C149,complete,2026-01-28,Mobile,18,1,18-25,Male,Mumbai,Maharashtra,VIP,Shinchan Laugh Club,Series,Kids,Tamil,20
E13233,U1339,C142,pause,2026-01-26,Mobile,19,0,18-25,Female,Chennai,Tamil Nadu,Free,Master Chef Kitchen Wars,Show,Reality,Hindi,45
E13234,U1056,C117,complete,2026-02-11,Web,22,1,26-35,Male,Delhi,Delhi,VIP,Ghar Ek Mandir Classic,Show,Drama,Marathi,24
E13235,U1456,C146,pause,2026-01-16,Mobile,23,0,18-25,Female,Bengaluru,Karnataka,Free,Motu Patlu Space Adventure,Movie,Kids,Hindi,75
E13236,U1610,C128,complete,2026-01-31,Mobile,110,1,18-25,Other,Bengaluru,Karnataka,Premium,College Boys Chaos,Movie,Comedy,Hindi,115
E13237,U1355,C119,pause,2026-02-23,Tablet,19,0,46+,Male,Lucknow,Uttar Pradesh,Free,The Crown Dynasty Legacy,Series,Drama,English,55
E13238,U1127,C128,complete,2026-03-01,Tablet,107,1,26-35,Male,Kolkata,West Bengal,Premium,College Boys Chaos,Movie,Comedy,Hindi,115
E13239,U1047,C137,complete,2026-02-27,Web,56,1,18-25,Male,Patna,Bihar,Free,Bigg Boss All-Stars Hindi,Show,Reality,Hindi,60
E13240,U1710,C117,play,2026-01-09,Mobile,8,0,26-35,Female,Delhi,Delhi,Premium,Ghar Ek Mandir Classic,Show,Drama,Marathi,24
E13241,U1447,C153,complete,2026-02-04,Mobile,49,1,36-45,Male,Kolkata,West Bengal,Premium,India at 2030: Space Ambitions,Show,News,English,50
E13242,U1404,C103,pause,2026-02-25,Mobile,20,0,18-25,Female,Mumbai,Maharashtra,Premium,Premier League Weekly Showdown,Sports,Sports,English,60
E13243,U1496,C140,pause,2026-02-10,Mobile,10,0,26-35,Female,Mumbai,Maharashtra,Free,Dance India Dance Championship,Show,Reality,Hindi,50
E13244,U1123,C152,pause,2026-01-04,Smart TV,9,0,18-25,Female,Ahmedabad,Gujarat,VIP,Global Tech & Economy Report,News,News,English,25
E13245,U1470,C133,complete,2026-01-07,Smart TV,43,1,46+,Male,Pune,Maharashtra,VIP,Rudra: The Edge of Darkness,Series,Action,Hindi,48
E13246,U1556,C106,complete,2026-02-23,Smart TV,57,1,18-25,Male,Pune,Maharashtra,VIP,WPL T20 Blockbuster Match,Sports,Sports,Hindi,60
E13247,U1469,C123,play,2026-02-08,Mobile,2,0,26-35,Male,Mumbai,Maharashtra,VIP,Sarabhai Classic Revival,Series,Comedy,Hindi,25
E13248,U1257,C160,pause,2026-01-08,Mobile,8,0,36-45,Male,Bengaluru,Karnataka,Free,Maharashtra Maha News,News,News,Marathi,30
E13249,U1479,C101,complete,2026-02-01,Mobile,44,1,26-35,Male,Lucknow,Uttar Pradesh,VIP,IND vs AUS T20 Cup Highlights,Sports,Sports,Hindi,45
E13250,U1483,C101,complete,2026-01-25,Mobile,41,1,36-45,Female,Chennai,Tamil Nadu,Free,IND vs AUS T20 Cup Highlights,Sports,Sports,Hindi,45
E13251,U1495,C119,pause,2026-02-20,Mobile,16,0,18-25,Female,Jaipur,Rajasthan,Premium,The Crown Dynasty Legacy,Series,Drama,English,55
E13252,U1558,C112,play,2026-01-06,Mobile,16,0,26-35,Male,Bengaluru,Karnataka,Free,City of Dreams: The Succession,Series,Drama,Hindi,50
E13253,U1610,C139,pause,2026-01-27,Mobile,33,0,18-25,Other,Bengaluru,Karnataka,Premium,Bigg Boss Telugu Live,Show,Reality,Telugu,60
E13254,U1515,C148,pause,2026-01-14,Mobile,6,0,18-25,Male,Delhi,Delhi,VIP,Doraemon Magic Gadgets,Series,Kids,Hindi,20
E13255,U1276,C113,complete,2026-01-05,Web,130,1,18-25,Female,Mumbai,Maharashtra,Premium,Kaithi Revenge Chronicles,Movie,Drama,Tamil,140
E13256,U1206,C134,pause,2026-03-01,Web,62,0,26-35,Female,Mumbai,Maharashtra,Free,Night Hunter Squad,Movie,Action,English,130
E13257,U1662,C108,complete,2026-01-19,Smart TV,55,1,18-25,Female,Mumbai,Maharashtra,VIP,ISL Football Clash of Titans,Sports,Sports,Bengali,60
E13258,U1427,C144,play,2026-02-10,Smart TV,26,0,18-25,Male,Mumbai,Maharashtra,Free,Koffee Spotlight Lounge,Show,Reality,English,45
E13259,U1111,C118,pause,2026-01-21,Mobile,13,0,18-25,Male,Mumbai,Maharashtra,VIP,Kerala Waterfront Mystery,Series,Drama,Malayalam,48
E13260,U1169,C102,complete,2026-01-31,Smart TV,84,1,36-45,Female,Kolkata,West Bengal,Free,IPL Mega Auction Live Replay,Sports,Sports,Hindi,90
E13261,U1003,C124,complete,2026-02-11,Smart TV,63,1,18-25,Male,Chennai,Tamil Nadu,Free,Standup Special: Bangalore Humor,Show,Comedy,English,65
E13262,U1306,C141,pause,2026-02-25,Smart TV,32,0,18-25,Female,Delhi,Delhi,Free,Shark Pitch India S4,Show,Reality,Hindi,55
E13263,U1728,C119,complete,2026-01-23,Smart TV,52,1,26-35,Male,Jaipur,Rajasthan,Free,The Crown Dynasty Legacy,Series,Drama,English,55
E13264,U1015,C138,play,2026-02-08,Mobile,15,0,26-35,Female,Pune,Maharashtra,Free,Bigg Boss Tamil Season 8,Show,Reality,Tamil,60
E13265,U1118,C111,pause,2026-01-18,Mobile,2,0,18-25,Male,Hyderabad,Telangana,VIP,Yeh Rishta: Family Bonds,Show,Drama,Hindi,22
E13266,U1117,C158,complete,2026-01-30,Smart TV,27,1,18-25,Male,Delhi,Delhi,Premium,State Express News Tamil,News,News,Tamil,30
E13267,U1340,C148,complete,2026-01-21,Mobile,19,1,18-25,Male,Kolkata,West Bengal,Premium,Doraemon Magic Gadgets,Series,Kids,Hindi,20
E13268,U1195,C141,pause,2026-03-01,Mobile,23,0,46+,Male,Bengaluru,Karnataka,Free,Shark Pitch India S4,Show,Reality,Hindi,55
E13269,U1018,C119,pause,2026-01-09,Mobile,7,0,26-35,Male,Mumbai,Maharashtra,VIP,The Crown Dynasty Legacy,Series,Drama,English,55
E13270,U1527,C133,complete,2026-02-05,Mobile,46,1,36-45,Female,Pune,Maharashtra,VIP,Rudra: The Edge of Darkness,Series,Action,Hindi,48
E13271,U1061,C108,complete,2026-02-08,Mobile,59,1,26-35,Female,Mumbai,Maharashtra,Premium,ISL Football Clash of Titans,Sports,Sports,Bengali,60
E13272,U1191,C136,complete,2026-02-01,Smart TV,110,1,26-35,Female,Bengaluru,Karnataka,VIP,Speed Street Heist,Movie,Action,English,120
E13273,U1467,C142,complete,2026-02-27,Mobile,43,1,18-25,Male,Bengaluru,Karnataka,Free,Master Chef Kitchen Wars,Show,Reality,Hindi,45
E13274,U1066,C106,complete,2026-02-25,Smart TV,55,1,18-25,Male,Kolkata,West Bengal,VIP,WPL T20 Blockbuster Match,Sports,Sports,Hindi,60
E13275,U1114,C115,pause,2026-02-13,Web,7,0,26-35,Male,Jaipur,Rajasthan,Free,Bengal Courtroom Secrets,Series,Drama,Bengali,40
E13276,U1287,C107,complete,2026-01-24,Smart TV,36,1,18-25,Female,Lucknow,Uttar Pradesh,Free,Champions Trophy Pre-Show,Sports,Sports,Telugu,40
E13277,U1376,C126,pause,2026-01-06,Smart TV,11,0,26-35,Male,Jaipur,Rajasthan,Free,Telugu Comedy Superstars,Show,Comedy,Telugu,30
E13278,U1187,C139,pause,2026-02-07,Tablet,38,0,26-35,Female,Ahmedabad,Gujarat,Premium,Bigg Boss Telugu Live,Show,Reality,Telugu,60
E13279,U1162,C104,play,2026-01-21,Mobile,11,0,18-25,Female,Bengaluru,Karnataka,VIP,IND vs ENG Test Day 3 Highlights,Sports,Sports,English,50
E13280,U1571,C108,complete,2026-01-09,Mobile,58,1,36-45,Female,Hyderabad,Telangana,Free,ISL Football Clash of Titans,Sports,Sports,Bengali,60
E13281,U1361,C127,pause,2026-01-07,Mobile,6,0,36-45,Male,Patna,Bihar,Free,Pune Pun Factory,Show,Comedy,Marathi,30
E13282,U1749,C106,complete,2026-01-28,Mobile,56,1,18-25,Male,Delhi,Delhi,Free,WPL T20 Blockbuster Match,Sports,Sports,Hindi,60
E13283,U1550,C139,pause,2026-02-18,Smart TV,18,0,26-35,Male,Kochi,Kerala,VIP,Bigg Boss Telugu Live,Show,Reality,Telugu,60
E13284,U1323,C125,pause,2026-01-11,Mobile,18,0,18-25,Female,Delhi,Delhi,Premium,Chennai Roast Arena,Show,Comedy,Tamil,40
E13285,U1011,C132,play,2026-01-16,Mobile,5,0,18-25,Male,Delhi,Delhi,VIP,Commando Force Mumbai,Series,Action,Hindi,42
E13286,U1012,C143,pause,2026-02-01,Web,29,0,18-25,Male,Hyderabad,Telangana,VIP,Roadies Quest,Show,Reality,Hindi,45
E13287,U1705,C113,complete,2026-02-07,Mobile,134,1,26-35,Female,Delhi,Delhi,Free,Kaithi Revenge Chronicles,Movie,Drama,Tamil,140
E13288,U1410,C149,pause,2026-02-13,Mobile,8,0,18-25,Male,Delhi,Delhi,VIP,Shinchan Laugh Club,Series,Kids,Tamil,20
E13289,U1607,C152,complete,2026-02-22,Tablet,24,1,36-45,Male,Mumbai,Maharashtra,Free,Global Tech & Economy Report,News,News,English,25
E13290,U1588,C149,complete,2026-02-24,Mobile,19,1,26-35,Male,Kolkata,West Bengal,VIP,Shinchan Laugh Club,Series,Kids,Tamil,20
E13291,U1701,C134,complete,2026-02-22,Smart TV,121,1,18-25,Male,Mumbai,Maharashtra,Free,Night Hunter Squad,Movie,Action,English,130
E13292,U1169,C112,play,2026-01-16,Mobile,17,0,36-45,Female,Kolkata,West Bengal,Free,City of Dreams: The Succession,Series,Drama,Hindi,50
E13293,U1069,C110,pause,2026-02-08,Mobile,7,0,36-45,Female,Ahmedabad,Gujarat,Premium,Anupama: New Beginnings,Show,Drama,Hindi,25
E13294,U1462,C104,pause,2026-01-13,Mobile,22,0,18-25,Female,Kochi,Kerala,VIP,IND vs ENG Test Day 3 Highlights,Sports,Sports,English,50
E13295,U1675,C125,play,2026-01-24,Smart TV,11,0,18-25,Male,Mumbai,Maharashtra,Free,Chennai Roast Arena,Show,Comedy,Tamil,40
E13296,U1157,C141,play,2026-02-07,Web,32,0,26-35,Female,Lucknow,Uttar Pradesh,Free,Shark Pitch India S4,Show,Reality,Hindi,55
E13297,U1366,C105,complete,2026-02-13,Smart TV,65,1,46+,Male,Jaipur,Rajasthan,VIP,Pro Kabaddi League Finals,Sports,Sports,Tamil,70
E13298,U1444,C153,play,2026-01-22,Web,16,0,46+,Female,Bengaluru,Karnataka,VIP,India at 2030: Space Ambitions,Show,News,English,50
E13299,U1610,C148,complete,2026-01-28,Mobile,18,1,18-25,Other,Bengaluru,Karnataka,Premium,Doraemon Magic Gadgets,Series,Kids,Hindi,20
E13300,U1097,C131,play,2026-01-10,Smart TV,75,0,26-35,Male,Delhi,Delhi,Premium,Devara Storm Rising,Movie,Action,Telugu,160
E13301,U1108,C130,pause,2026-01-14,Mobile,19,0,18-25,Female,Ahmedabad,Gujarat,VIP,Vikram: Shadow Commander,Movie,Action,Tamil,165
E13302,U1517,C119,pause,2026-02-13,Mobile,14,0,26-35,Female,Mumbai,Maharashtra,Premium,The Crown Dynasty Legacy,Series,Drama,English,55
E13303,U1343,C101,complete,2026-02-09,Smart TV,43,1,46+,Female,Pune,Maharashtra,VIP,IND vs AUS T20 Cup Highlights,Sports,Sports,Hindi,45
E13304,U1633,C103,complete,2026-01-04,Web,55,1,18-25,Male,Hyderabad,Telangana,VIP,Premier League Weekly Showdown,Sports,Sports,English,60
E13305,U1006,C159,play,2026-01-16,Mobile,6,0,18-25,Male,Pune,Maharashtra,Free,Bengal Morning Bulletin,News,News,Bengali,25
E13306,U1426,C127,complete,2026-02-10,Mobile,29,1,26-35,Female,Kolkata,West Bengal,Free,Pune Pun Factory,Show,Comedy,Marathi,30
E13307,U1260,C102,complete,2026-01-26,Smart TV,85,1,18-25,Male,Mumbai,Maharashtra,VIP,IPL Mega Auction Live Replay,Sports,Sports,Hindi,90
E13308,U1028,C133,complete,2026-02-20,Mobile,46,1,46+,Female,Lucknow,Uttar Pradesh,VIP,Rudra: The Edge of Darkness,Series,Action,Hindi,48
E13309,U1144,C118,pause,2026-02-15,Smart TV,16,0,26-35,Male,Bengaluru,Karnataka,Free,Kerala Waterfront Mystery,Series,Drama,Malayalam,48
E13310,U1553,C109,play,2026-02-23,Mobile,4,0,18-25,Male,Hyderabad,Telangana,VIP,Special Ops: Desert Falcon,Series,Drama,Hindi,45
E13311,U1419,C105,complete,2026-01-07,Mobile,68,1,18-25,Female,Lucknow,Uttar Pradesh,VIP,Pro Kabaddi League Finals,Sports,Sports,Tamil,70
E13312,U1171,C111,pause,2026-01-16,Mobile,3,0,46+,Female,Delhi,Delhi,Free,Yeh Rishta: Family Bonds,Show,Drama,Hindi,22
E13313,U1406,C127,complete,2026-02-05,Mobile,27,1,18-25,Male,Delhi,Delhi,VIP,Pune Pun Factory,Show,Comedy,Marathi,30
E13314,U1561,C136,pause,2026-02-19,Mobile,32,0,26-35,Female,Mumbai,Maharashtra,Premium,Speed Street Heist,Movie,Action,English,120
E13315,U1482,C108,complete,2026-02-12,Web,57,1,18-25,Male,Mumbai,Maharashtra,Free,ISL Football Clash of Titans,Sports,Sports,Bengali,60
E13316,U1518,C133,pause,2026-01-30,Smart TV,31,0,18-25,Male,Kochi,Kerala,Free,Rudra: The Edge of Darkness,Series,Action,Hindi,48
E13317,U1568,C130,pause,2026-01-02,Mobile,52,0,26-35,Female,Patna,Bihar,Free,Vikram: Shadow Commander,Movie,Action,Tamil,165
E13318,U1269,C103,complete,2026-01-31,Smart TV,54,1,36-45,Male,Kochi,Kerala,VIP,Premier League Weekly Showdown,Sports,Sports,English,60
E13319,U1687,C121,complete,2026-02-20,Mobile,32,1,36-45,Female,Chennai,Tamil Nadu,Free,The Great Indian Comedy Lab,Show,Comedy,Hindi,35
E13320,U1017,C134,pause,2026-01-01,Mobile,16,0,36-45,Male,Hyderabad,Telangana,Free,Night Hunter Squad,Movie,Action,English,130
E13321,U1401,C103,pause,2026-02-21,Mobile,27,0,36-45,Male,Hyderabad,Telangana,VIP,Premier League Weekly Showdown,Sports,Sports,English,60
E13322,U1487,C116,pause,2026-01-23,Web,46,0,18-25,Other,Chennai,Tamil Nadu,Free,Kolkata Love Diary,Movie,Drama,Bengali,125
E13323,U1254,C142,complete,2026-01-16,Smart TV,42,1,18-25,Male,Lucknow,Uttar Pradesh,VIP,Master Chef Kitchen Wars,Show,Reality,Hindi,45
E13324,U1334,C138,pause,2026-02-18,Web,29,0,36-45,Male,Bengaluru,Karnataka,VIP,Bigg Boss Tamil Season 8,Show,Reality,Tamil,60
E13325,U1097,C119,complete,2026-01-26,Smart TV,50,1,26-35,Male,Delhi,Delhi,Premium,The Crown Dynasty Legacy,Series,Drama,English,55
E13326,U1581,C117,complete,2026-01-24,Smart TV,23,1,46+,Male,Ahmedabad,Gujarat,VIP,Ghar Ek Mandir Classic,Show,Drama,Marathi,24
E13327,U1277,C108,pause,2026-01-19,Mobile,30,0,18-25,Female,Bengaluru,Karnataka,VIP,ISL Football Clash of Titans,Sports,Sports,Bengali,60
E13328,U1621,C102,complete,2026-02-15,Smart TV,86,1,18-25,Male,Bengaluru,Karnataka,VIP,IPL Mega Auction Live Replay,Sports,Sports,Hindi,90
E13329,U1578,C112,complete,2026-01-26,Mobile,46,1,26-35,Male,Kolkata,West Bengal,Free,City of Dreams: The Succession,Series,Drama,Hindi,50
E13330,U1671,C107,play,2026-01-08,Mobile,3,0,18-25,Male,Delhi,Delhi,VIP,Champions Trophy Pre-Show,Sports,Sports,Telugu,40
E13331,U1046,C121,play,2026-01-24,Smart TV,8,0,18-25,Male,Chennai,Tamil Nadu,Premium,The Great Indian Comedy Lab,Show,Comedy,Hindi,35
E13332,U1127,C124,complete,2026-01-27,Mobile,61,1,26-35,Male,Kolkata,West Bengal,Premium,Standup Special: Bangalore Humor,Show,Comedy,English,65
E13333,U1144,C149,complete,2026-01-21,Mobile,18,1,26-35,Male,Bengaluru,Karnataka,Free,Shinchan Laugh Club,Series,Kids,Tamil,20
E13334,U1286,C157,pause,2026-01-25,Mobile,12,0,26-35,Female,Delhi,Delhi,VIP,Startup Founders Blueprint,Show,News,English,40
E13335,U1421,C140,complete,2026-02-01,Mobile,47,1,36-45,Female,Chennai,Tamil Nadu,Free,Dance India Dance Championship,Show,Reality,Hindi,50
E13336,U1521,C149,pause,2026-01-23,Mobile,8,0,18-25,Male,Kolkata,West Bengal,Free,Shinchan Laugh Club,Series,Kids,Tamil,20
E13337,U1438,C107,play,2026-01-08,Tablet,22,0,18-25,Male,Hyderabad,Telangana,VIP,Champions Trophy Pre-Show,Sports,Sports,Telugu,40
E13338,U1504,C106,complete,2026-01-18,Web,57,1,36-45,Male,Delhi,Delhi,VIP,WPL T20 Blockbuster Match,Sports,Sports,Hindi,60
E13339,U1040,C148,pause,2026-01-06,Mobile,8,0,18-25,Female,Bengaluru,Karnataka,Free,Doraemon Magic Gadgets,Series,Kids,Hindi,20
E13340,U1413,C107,complete,2026-01-13,Mobile,36,1,18-25,Male,Delhi,Delhi,Free,Champions Trophy Pre-Show,Sports,Sports,Telugu,40
E13341,U1012,C126,pause,2026-01-04,Mobile,17,0,18-25,Male,Hyderabad,Telangana,VIP,Telugu Comedy Superstars,Show,Comedy,Telugu,30
E13342,U1639,C122,complete,2026-02-23,Smart TV,21,1,18-25,Male,Chennai,Tamil Nadu,VIP,Taarak Laugh Fest Episodes,Show,Comedy,Hindi,22
E13343,U1554,C134,pause,2026-02-09,Web,33,0,26-35,Female,Jaipur,Rajasthan,Free,Night Hunter Squad,Movie,Action,English,130
E13344,U1455,C113,complete,2026-01-08,Web,132,1,26-35,Male,Delhi,Delhi,Free,Kaithi Revenge Chronicles,Movie,Drama,Tamil,140
E13345,U1204,C143,play,2026-02-05,Smart TV,16,0,26-35,Female,Hyderabad,Telangana,Premium,Roadies Quest,Show,Reality,Hindi,45
E13346,U1467,C134,pause,2026-01-14,Tablet,13,0,18-25,Male,Bengaluru,Karnataka,Free,Night Hunter Squad,Movie,Action,English,130
E13347,U1477,C136,pause,2026-01-27,Tablet,43,0,26-35,Male,Kochi,Kerala,Premium,Speed Street Heist,Movie,Action,English,120
E13348,U1138,C104,pause,2026-02-22,Smart TV,19,0,18-25,Male,Kolkata,West Bengal,Free,IND vs ENG Test Day 3 Highlights,Sports,Sports,English,50
E13349,U1121,C144,complete,2026-01-27,Mobile,41,1,18-25,Male,Hyderabad,Telangana,Premium,Koffee Spotlight Lounge,Show,Reality,English,45
E13350,U1149,C148,complete,2026-01-14,Mobile,19,1,46+,Male,Hyderabad,Telangana,Free,Doraemon Magic Gadgets,Series,Kids,Hindi,20
E13351,U1400,C136,pause,2026-01-11,Smart TV,65,0,18-25,Female,Lucknow,Uttar Pradesh,Free,Speed Street Heist,Movie,Action,English,120
E13352,U1536,C105,pause,2026-02-01,Mobile,22,0,18-25,Male,Mumbai,Maharashtra,Free,Pro Kabaddi League Finals,Sports,Sports,Tamil,70
E13353,U1263,C141,complete,2026-02-14,Smart TV,50,1,26-35,Male,Delhi,Delhi,Free,Shark Pitch India S4,Show,Reality,Hindi,55
E13354,U1135,C149,complete,2026-02-25,Web,18,1,26-35,Female,Mumbai,Maharashtra,Free,Shinchan Laugh Club,Series,Kids,Tamil,20
E13355,U1400,C111,pause,2026-01-04,Mobile,5,0,18-25,Female,Lucknow,Uttar Pradesh,Free,Yeh Rishta: Family Bonds,Show,Drama,Hindi,22
E13356,U1170,C135,play,2026-02-02,Smart TV,56,0,18-25,Male,Jaipur,Rajasthan,VIP,Fighter Wing Alpha,Movie,Action,Hindi,145
E13357,U1157,C136,pause,2026-02-07,Web,27,0,26-35,Female,Lucknow,Uttar Pradesh,Free,Speed Street Heist,Movie,Action,English,120
E13358,U1417,C142,pause,2026-02-10,Mobile,26,0,18-25,Male,Lucknow,Uttar Pradesh,Free,Master Chef Kitchen Wars,Show,Reality,Hindi,45
E13359,U1105,C148,play,2026-01-05,Smart TV,3,0,26-35,Female,Bengaluru,Karnataka,Free,Doraemon Magic Gadgets,Series,Kids,Hindi,20
E13360,U1630,C137,pause,2026-02-23,Mobile,31,0,26-35,Male,Delhi,Delhi,Free,Bigg Boss All-Stars Hindi,Show,Reality,Hindi,60
E13361,U1737,C152,pause,2026-03-01,Mobile,7,0,18-25,Male,Chennai,Tamil Nadu,Free,Global Tech & Economy Report,News,News,English,25
E13362,U1069,C137,complete,2026-01-08,Mobile,58,1,36-45,Female,Ahmedabad,Gujarat,Premium,Bigg Boss All-Stars Hindi,Show,Reality,Hindi,60
E13363,U1535,C117,complete,2026-02-22,Smart TV,22,1,18-25,Male,Delhi,Delhi,Premium,Ghar Ek Mandir Classic,Show,Drama,Marathi,24
E13364,U1144,C140,complete,2026-01-14,Mobile,46,1,26-35,Male,Bengaluru,Karnataka,Free,Dance India Dance Championship,Show,Reality,Hindi,50
E13365,U1588,C131,pause,2026-02-12,Mobile,50,0,26-35,Male,Kolkata,West Bengal,VIP,Devara Storm Rising,Movie,Action,Telugu,160
E13366,U1560,C140,play,2026-01-24,Smart TV,21,0,26-35,Male,Kolkata,West Bengal,Free,Dance India Dance Championship,Show,Reality,Hindi,50
E13367,U1669,C129,pause,2026-02-17,Mobile,83,0,26-35,Female,Delhi,Delhi,Free,Tiger Underground Strike,Movie,Action,Hindi,155
E13368,U1463,C144,complete,2026-02-27,Smart TV,43,1,26-35,Female,Bengaluru,Karnataka,Free,Koffee Spotlight Lounge,Show,Reality,English,45
E13369,U1128,C134,complete,2026-01-05,Smart TV,122,1,26-35,Female,Pune,Maharashtra,VIP,Night Hunter Squad,Movie,Action,English,130
E13370,U1041,C108,pause,2026-01-31,Tablet,42,0,26-35,Female,Patna,Bihar,Free,ISL Football Clash of Titans,Sports,Sports,Bengali,60
E13371,U1530,C105,play,2026-01-12,Smart TV,58,0,18-25,Female,Hyderabad,Telangana,Premium,Pro Kabaddi League Finals,Sports,Sports,Tamil,70
E13372,U1226,C133,pause,2026-02-09,Smart TV,38,0,18-25,Female,Delhi,Delhi,Free,Rudra: The Edge of Darkness,Series,Action,Hindi,48
E13373,U1400,C141,play,2026-01-16,Smart TV,8,0,18-25,Female,Lucknow,Uttar Pradesh,Free,Shark Pitch India S4,Show,Reality,Hindi,55
E13374,U1127,C109,pause,2026-02-11,Mobile,5,0,26-35,Male,Kolkata,West Bengal,Premium,Special Ops: Desert Falcon,Series,Drama,Hindi,45
E13375,U1597,C112,play,2026-01-10,Mobile,17,0,36-45,Female,Mumbai,Maharashtra,VIP,City of Dreams: The Succession,Series,Drama,Hindi,50
E13376,U1509,C135,complete,2026-02-18,Mobile,142,1,26-35,Female,Pune,Maharashtra,Free,Fighter Wing Alpha,Movie,Action,Hindi,145
E13377,U1279,C136,play,2026-01-08,Mobile,51,0,18-25,Male,Mumbai,Maharashtra,Free,Speed Street Heist,Movie,Action,English,120
E13378,U1507,C125,pause,2026-02-09,Smart TV,16,0,26-35,Male,Kolkata,West Bengal,Premium,Chennai Roast Arena,Show,Comedy,Tamil,40
E13379,U1606,C112,complete,2026-02-09,Mobile,48,1,46+,Other,Pune,Maharashtra,VIP,City of Dreams: The Succession,Series,Drama,Hindi,50
E13380,U1540,C146,complete,2026-01-09,Mobile,73,1,18-25,Male,Kolkata,West Bengal,VIP,Motu Patlu Space Adventure,Movie,Kids,Hindi,75
E13381,U1224,C114,play,2026-01-12,Mobile,4,0,36-45,Male,Delhi,Delhi,VIP,Telugu Royal Heritage,Series,Drama,Telugu,45
E13382,U1293,C103,pause,2026-01-25,Web,6,0,18-25,Male,Pune,Maharashtra,Free,Premier League Weekly Showdown,Sports,Sports,English,60
E13383,U1236,C111,pause,2026-01-12,Smart TV,5,0,26-35,Male,Delhi,Delhi,VIP,Yeh Rishta: Family Bonds,Show,Drama,Hindi,22
E13384,U1169,C117,pause,2026-01-12,Mobile,13,0,36-45,Female,Kolkata,West Bengal,Free,Ghar Ek Mandir Classic,Show,Drama,Marathi,24
E13385,U1588,C128,pause,2026-02-23,Mobile,14,0,26-35,Male,Kolkata,West Bengal,VIP,College Boys Chaos,Movie,Comedy,Hindi,115
E13386,U1041,C142,complete,2026-02-23,Smart TV,43,1,26-35,Female,Patna,Bihar,Free,Master Chef Kitchen Wars,Show,Reality,Hindi,45
E13387,U1467,C109,complete,2026-02-24,Smart TV,43,1,18-25,Male,Bengaluru,Karnataka,Free,Special Ops: Desert Falcon,Series,Drama,Hindi,45
E13388,U1102,C101,complete,2026-01-18,Mobile,43,1,36-45,Male,Delhi,Delhi,Free,IND vs AUS T20 Cup Highlights,Sports,Sports,Hindi,45
E13389,U1309,C108,play,2026-01-17,Mobile,22,0,36-45,Female,Kolkata,West Bengal,VIP,ISL Football Clash of Titans,Sports,Sports,Bengali,60
E13390,U1145,C116,play,2026-01-17,Web,39,0,18-25,Female,Mumbai,Maharashtra,Free,Kolkata Love Diary,Movie,Drama,Bengali,125
E13391,U1556,C124,complete,2026-01-19,Smart TV,60,1,18-25,Male,Pune,Maharashtra,VIP,Standup Special: Bangalore Humor,Show,Comedy,English,65
E13392,U1178,C128,pause,2026-01-02,Mobile,16,0,26-35,Female,Chennai,Tamil Nadu,VIP,College Boys Chaos,Movie,Comedy,Hindi,115
E13393,U1341,C108,complete,2026-01-11,Web,59,1,26-35,Female,Delhi,Delhi,Free,ISL Football Clash of Titans,Sports,Sports,Bengali,60
E13394,U1726,C143,play,2026-02-08,Smart TV,31,0,36-45,Male,Ahmedabad,Gujarat,VIP,Roadies Quest,Show,Reality,Hindi,45
E13395,U1197,C158,pause,2026-02-21,Mobile,2,0,18-25,Male,Bengaluru,Karnataka,VIP,State Express News Tamil,News,News,Tamil,30
E13396,U1679,C144,complete,2026-01-07,Mobile,41,1,46+,Female,Lucknow,Uttar Pradesh,VIP,Koffee Spotlight Lounge,Show,Reality,English,45
E13397,U1633,C122,complete,2026-02-05,Mobile,20,1,18-25,Male,Hyderabad,Telangana,VIP,Taarak Laugh Fest Episodes,Show,Comedy,Hindi,22
E13398,U1397,C101,pause,2026-02-02,Smart TV,16,0,26-35,Male,Mumbai,Maharashtra,VIP,IND vs AUS T20 Cup Highlights,Sports,Sports,Hindi,45
E13399,U1711,C108,complete,2026-02-11,Mobile,58,1,18-25,Male,Bengaluru,Karnataka,VIP,ISL Football Clash of Titans,Sports,Sports,Bengali,60
E13400,U1302,C116,complete,2026-02-09,Tablet,119,1,18-25,Male,Mumbai,Maharashtra,Free,Kolkata Love Diary,Movie,Drama,Bengali,125
E13401,U1441,C121,complete,2026-02-24,Mobile,33,1,46+,Female,Chennai,Tamil Nadu,VIP,The Great Indian Comedy Lab,Show,Comedy,Hindi,35
E13402,U1487,C144,play,2026-02-09,Web,5,0,18-25,Other,Chennai,Tamil Nadu,Free,Koffee Spotlight Lounge,Show,Reality,English,45
E13403,U1336,C103,pause,2026-02-15,Mobile,28,0,26-35,Female,Bengaluru,Karnataka,VIP,Premier League Weekly Showdown,Sports,Sports,English,60
E13404,U1700,C120,pause,2026-01-21,Mobile,11,0,36-45,Male,Delhi,Delhi,Premium,Succession Politics India,Series,Drama,Hindi,45
E13405,U1001,C114,play,2026-01-25,Mobile,24,0,26-35,Male,Delhi,Delhi,Free,Telugu Royal Heritage,Series,Drama,Telugu,45
E13406,U1374,C112,pause,2026-01-14,Smart TV,12,0,26-35,Male,Mumbai,Maharashtra,VIP,City of Dreams: The Succession,Series,Drama,Hindi,50
E13407,U1725,C116,pause,2026-02-26,Web,53,0,26-35,Female,Bengaluru,Karnataka,VIP,Kolkata Love Diary,Movie,Drama,Bengali,125
E13408,U1730,C150,play,2026-01-27,Mobile,8,0,18-25,Female,Pune,Maharashtra,VIP,Super Bheem Galactic Battle,Series,Kids,Telugu,22
E13409,U1646,C129,complete,2026-01-09,Web,144,1,26-35,Male,Hyderabad,Telangana,Premium,Tiger Underground Strike,Movie,Action,Hindi,155
E13410,U1622,C139,complete,2026-01-05,Mobile,57,1,18-25,Female,Mumbai,Maharashtra,Premium,Bigg Boss Telugu Live,Show,Reality,Telugu,60
E13411,U1357,C137,pause,2026-01-03,Smart TV,42,0,18-25,Female,Hyderabad,Telangana,Free,Bigg Boss All-Stars Hindi,Show,Reality,Hindi,60
E13412,U1637,C114,pause,2026-02-15,Tablet,11,0,18-25,Female,Delhi,Delhi,Premium,Telugu Royal Heritage,Series,Drama,Telugu,45
E13413,U1749,C119,pause,2026-02-20,Mobile,27,0,18-25,Male,Delhi,Delhi,Free,The Crown Dynasty Legacy,Series,Drama,English,55
E13414,U1046,C118,complete,2026-01-16,Smart TV,44,1,18-25,Male,Chennai,Tamil Nadu,Premium,Kerala Waterfront Mystery,Series,Drama,Malayalam,48
E13415,U1574,C118,complete,2026-01-21,Smart TV,45,1,18-25,Male,Kolkata,West Bengal,VIP,Kerala Waterfront Mystery,Series,Drama,Malayalam,48
E13416,U1387,C108,complete,2026-02-24,Smart TV,58,1,26-35,Female,Patna,Bihar,VIP,ISL Football Clash of Titans,Sports,Sports,Bengali,60
E13417,U1580,C120,complete,2026-02-21,Smart TV,40,1,26-35,Female,Chennai,Tamil Nadu,Premium,Succession Politics India,Series,Drama,Hindi,45
E13418,U1463,C108,pause,2026-02-28,Smart TV,29,0,26-35,Female,Bengaluru,Karnataka,Free,ISL Football Clash of Titans,Sports,Sports,Bengali,60
E13419,U1656,C137,pause,2026-01-14,Mobile,27,0,18-25,Female,Hyderabad,Telangana,VIP,Bigg Boss All-Stars Hindi,Show,Reality,Hindi,60
E13420,U1294,C118,complete,2026-01-17,Mobile,45,1,18-25,Male,Kolkata,West Bengal,VIP,Kerala Waterfront Mystery,Series,Drama,Malayalam,48
E13421,U1225,C111,complete,2026-02-08,Smart TV,20,1,18-25,Male,Patna,Bihar,VIP,Yeh Rishta: Family Bonds,Show,Drama,Hindi,22
E13422,U1286,C138,complete,2026-01-10,Mobile,54,1,26-35,Female,Delhi,Delhi,VIP,Bigg Boss Tamil Season 8,Show,Reality,Tamil,60
E13423,U1135,C116,complete,2026-02-17,Smart TV,121,1,26-35,Female,Mumbai,Maharashtra,Free,Kolkata Love Diary,Movie,Drama,Bengali,125
E13424,U1678,C120,complete,2026-01-18,Mobile,42,1,26-35,Female,Ahmedabad,Gujarat,Premium,Succession Politics India,Series,Drama,Hindi,45
E13425,U1654,C121,complete,2026-01-09,Web,32,1,18-25,Male,Mumbai,Maharashtra,VIP,The Great Indian Comedy Lab,Show,Comedy,Hindi,35
E13426,U1295,C152,complete,2026-02-09,Mobile,22,1,18-25,Male,Bengaluru,Karnataka,VIP,Global Tech & Economy Report,News,News,English,25
E13427,U1678,C127,complete,2026-02-20,Web,28,1,26-35,Female,Ahmedabad,Gujarat,Premium,Pune Pun Factory,Show,Comedy,Marathi,30
E13428,U1376,C140,complete,2026-01-16,Mobile,46,1,26-35,Male,Jaipur,Rajasthan,Free,Dance India Dance Championship,Show,Reality,Hindi,50
E13429,U1705,C143,complete,2026-01-13,Smart TV,42,1,26-35,Female,Delhi,Delhi,Free,Roadies Quest,Show,Reality,Hindi,45
E13430,U1339,C121,play,2026-01-16,Mobile,3,0,18-25,Female,Chennai,Tamil Nadu,Free,The Great Indian Comedy Lab,Show,Comedy,Hindi,35
E13431,U1362,C121,complete,2026-01-10,Smart TV,32,1,18-25,Male,Chennai,Tamil Nadu,Free,The Great Indian Comedy Lab,Show,Comedy,Hindi,35
E13432,U1015,C144,pause,2026-01-13,Mobile,10,0,26-35,Female,Pune,Maharashtra,Free,Koffee Spotlight Lounge,Show,Reality,English,45
E13433,U1222,C103,pause,2026-02-09,Smart TV,35,0,18-25,Other,Bengaluru,Karnataka,Premium,Premier League Weekly Showdown,Sports,Sports,English,60
E13434,U1445,C141,complete,2026-02-17,Smart TV,54,1,46+,Female,Pune,Maharashtra,Free,Shark Pitch India S4,Show,Reality,Hindi,55
E13435,U1021,C118,play,2026-02-16,Mobile,7,0,18-25,Female,Pune,Maharashtra,Free,Kerala Waterfront Mystery,Series,Drama,Malayalam,48
E13436,U1191,C110,pause,2026-01-16,Tablet,13,0,26-35,Female,Bengaluru,Karnataka,VIP,Anupama: New Beginnings,Show,Drama,Hindi,25
E13437,U1255,C107,pause,2026-01-03,Mobile,22,0,18-25,Male,Hyderabad,Telangana,VIP,Champions Trophy Pre-Show,Sports,Sports,Telugu,40
E13438,U1476,C148,complete,2026-01-17,Smart TV,19,1,18-25,Male,Mumbai,Maharashtra,VIP,Doraemon Magic Gadgets,Series,Kids,Hindi,20
E13439,U1356,C143,complete,2026-01-16,Smart TV,40,1,18-25,Male,Hyderabad,Telangana,VIP,Roadies Quest,Show,Reality,Hindi,45
E13440,U1616,C129,complete,2026-01-06,Smart TV,146,1,26-35,Male,Lucknow,Uttar Pradesh,Free,Tiger Underground Strike,Movie,Action,Hindi,155
E13441,U1455,C139,pause,2026-01-06,Mobile,16,0,26-35,Male,Delhi,Delhi,Free,Bigg Boss Telugu Live,Show,Reality,Telugu,60
E13442,U1058,C104,complete,2026-01-29,Web,48,1,18-25,Male,Lucknow,Uttar Pradesh,Premium,IND vs ENG Test Day 3 Highlights,Sports,Sports,English,50
E13443,U1595,C111,complete,2026-01-29,Mobile,20,1,46+,Female,Chennai,Tamil Nadu,VIP,Yeh Rishta: Family Bonds,Show,Drama,Hindi,22
E13444,U1323,C104,complete,2026-02-12,Smart TV,47,1,18-25,Female,Delhi,Delhi,Premium,IND vs ENG Test Day 3 Highlights,Sports,Sports,English,50
E13445,U1001,C137,complete,2026-02-24,Smart TV,58,1,26-35,Male,Delhi,Delhi,Free,Bigg Boss All-Stars Hindi,Show,Reality,Hindi,60
E13446,U1593,C117,pause,2026-01-09,Web,2,0,26-35,Female,Kolkata,West Bengal,Free,Ghar Ek Mandir Classic,Show,Drama,Marathi,24
E13447,U1280,C115,complete,2026-02-09,Smart TV,38,1,36-45,Female,Patna,Bihar,Free,Bengal Courtroom Secrets,Series,Drama,Bengali,40
E13448,U1043,C137,pause,2026-02-15,Smart TV,6,0,26-35,Male,Delhi,Delhi,Free,Bigg Boss All-Stars Hindi,Show,Reality,Hindi,60
E13449,U1127,C119,complete,2026-01-31,Mobile,51,1,26-35,Male,Kolkata,West Bengal,Premium,The Crown Dynasty Legacy,Series,Drama,English,55
E13450,U1518,C132,pause,2026-01-05,Mobile,4,0,18-25,Male,Kochi,Kerala,Free,Commando Force Mumbai,Series,Action,Hindi,42
E13451,U1149,C104,complete,2026-01-29,Mobile,47,1,46+,Male,Hyderabad,Telangana,Free,IND vs ENG Test Day 3 Highlights,Sports,Sports,English,50
E13452,U1655,C108,complete,2026-02-17,Smart TV,56,1,18-25,Other,Kochi,Kerala,Free,ISL Football Clash of Titans,Sports,Sports,Bengali,60
E13453,U1379,C106,pause,2026-01-21,Mobile,29,0,18-25,Female,Bengaluru,Karnataka,VIP,WPL T20 Blockbuster Match,Sports,Sports,Hindi,60
E13454,U1460,C111,pause,2026-02-16,Mobile,11,0,26-35,Male,Mumbai,Maharashtra,Free,Yeh Rishta: Family Bonds,Show,Drama,Hindi,22
E13455,U1157,C124,pause,2026-02-17,Smart TV,55,0,26-35,Female,Lucknow,Uttar Pradesh,Free,Standup Special: Bangalore Humor,Show,Comedy,English,65
E13456,U1519,C139,complete,2026-02-01,Mobile,59,1,26-35,Male,Bengaluru,Karnataka,VIP,Bigg Boss Telugu Live,Show,Reality,Telugu,60
E13457,U1364,C104,complete,2026-02-02,Mobile,46,1,36-45,Male,Kochi,Kerala,Premium,IND vs ENG Test Day 3 Highlights,Sports,Sports,English,50
E13458,U1512,C101,complete,2026-01-27,Mobile,41,1,26-35,Female,Mumbai,Maharashtra,VIP,IND vs AUS T20 Cup Highlights,Sports,Sports,Hindi,45
E13459,U1587,C126,complete,2026-02-03,Mobile,28,1,18-25,Male,Hyderabad,Telangana,VIP,Telugu Comedy Superstars,Show,Comedy,Telugu,30
E13460,U1588,C116,complete,2026-01-21,Mobile,119,1,26-35,Male,Kolkata,West Bengal,VIP,Kolkata Love Diary,Movie,Drama,Bengali,125
E13461,U1256,C132,play,2026-02-13,Smart TV,20,0,26-35,Male,Hyderabad,Telangana,Free,Commando Force Mumbai,Series,Action,Hindi,42
E13462,U1600,C103,pause,2026-02-21,Mobile,34,0,46+,Female,Bengaluru,Karnataka,Free,Premier League Weekly Showdown,Sports,Sports,English,60
E13463,U1392,C145,complete,2026-02-09,Web,79,1,26-35,Male,Bengaluru,Karnataka,Premium,Chhota Bheem Himalayan Tour,Movie,Kids,Hindi,85
E13464,U1120,C126,complete,2026-02-04,Web,27,1,26-35,Female,Mumbai,Maharashtra,Free,Telugu Comedy Superstars,Show,Comedy,Telugu,30
E13465,U1579,C129,pause,2026-01-13,Mobile,15,0,36-45,Female,Delhi,Delhi,Free,Tiger Underground Strike,Movie,Action,Hindi,155
E13466,U1719,C103,complete,2026-02-15,Mobile,55,1,26-35,Female,Patna,Bihar,Premium,Premier League Weekly Showdown,Sports,Sports,English,60
E13467,U1461,C142,complete,2026-02-26,Mobile,43,1,26-35,Male,Chennai,Tamil Nadu,Premium,Master Chef Kitchen Wars,Show,Reality,Hindi,45
E13468,U1281,C121,play,2026-02-17,Web,20,0,18-25,Male,Bengaluru,Karnataka,Free,The Great Indian Comedy Lab,Show,Comedy,Hindi,35
E13469,U1694,C107,complete,2026-01-19,Mobile,39,1,18-25,Female,Delhi,Delhi,Premium,Champions Trophy Pre-Show,Sports,Sports,Telugu,40
E13470,U1060,C104,complete,2026-01-22,Smart TV,46,1,26-35,Other,Hyderabad,Telangana,Free,IND vs ENG Test Day 3 Highlights,Sports,Sports,English,50
E13471,U1669,C115,complete,2026-01-15,Mobile,36,1,26-35,Female,Delhi,Delhi,Free,Bengal Courtroom Secrets,Series,Drama,Bengali,40
E13472,U1023,C103,complete,2026-01-06,Mobile,56,1,36-45,Male,Kolkata,West Bengal,VIP,Premier League Weekly Showdown,Sports,Sports,English,60
E13473,U1511,C104,pause,2026-02-05,Mobile,22,0,26-35,Male,Kochi,Kerala,VIP,IND vs ENG Test Day 3 Highlights,Sports,Sports,English,50
E13474,U1225,C140,pause,2026-02-17,Mobile,24,0,18-25,Male,Patna,Bihar,VIP,Dance India Dance Championship,Show,Reality,Hindi,50
E13475,U1602,C114,complete,2026-01-12,Web,43,1,26-35,Female,Mumbai,Maharashtra,Premium,Telugu Royal Heritage,Series,Drama,Telugu,45
E13476,U1452,C104,pause,2026-01-10,Mobile,26,0,26-35,Female,Delhi,Delhi,Free,IND vs ENG Test Day 3 Highlights,Sports,Sports,English,50
E13477,U1034,C113,pause,2026-01-27,Mobile,62,0,26-35,Male,Hyderabad,Telangana,Free,Kaithi Revenge Chronicles,Movie,Drama,Tamil,140
E13478,U1725,C149,pause,2026-01-02,Smart TV,7,0,26-35,Female,Bengaluru,Karnataka,VIP,Shinchan Laugh Club,Series,Kids,Tamil,20
E13479,U1037,C139,pause,2026-02-12,Web,24,0,18-25,Female,Ahmedabad,Gujarat,Free,Bigg Boss Telugu Live,Show,Reality,Telugu,60
E13480,U1178,C141,pause,2026-01-09,Mobile,15,0,26-35,Female,Chennai,Tamil Nadu,VIP,Shark Pitch India S4,Show,Reality,Hindi,55
E13481,U1104,C103,complete,2026-01-11,Web,57,1,18-25,Male,Mumbai,Maharashtra,Free,Premier League Weekly Showdown,Sports,Sports,English,60
E13482,U1495,C117,pause,2026-01-13,Smart TV,19,0,18-25,Female,Jaipur,Rajasthan,Premium,Ghar Ek Mandir Classic,Show,Drama,Marathi,24
E13483,U1476,C123,pause,2026-02-06,Smart TV,16,0,18-25,Male,Mumbai,Maharashtra,VIP,Sarabhai Classic Revival,Series,Comedy,Hindi,25
E13484,U1159,C134,pause,2026-01-09,Smart TV,105,0,26-35,Female,Jaipur,Rajasthan,VIP,Night Hunter Squad,Movie,Action,English,130
E13485,U1576,C127,pause,2026-02-11,Mobile,4,0,18-25,Female,Hyderabad,Telangana,VIP,Pune Pun Factory,Show,Comedy,Marathi,30
E13486,U1504,C148,complete,2026-01-09,Mobile,18,1,36-45,Male,Delhi,Delhi,VIP,Doraemon Magic Gadgets,Series,Kids,Hindi,20
E13487,U1180,C107,complete,2026-01-06,Mobile,38,1,18-25,Female,Ahmedabad,Gujarat,Premium,Champions Trophy Pre-Show,Sports,Sports,Telugu,40
E13488,U1219,C107,complete,2026-02-02,Smart TV,38,1,26-35,Female,Hyderabad,Telangana,VIP,Champions Trophy Pre-Show,Sports,Sports,Telugu,40
E13489,U1671,C141,play,2026-01-26,Mobile,29,0,18-25,Male,Delhi,Delhi,VIP,Shark Pitch India S4,Show,Reality,Hindi,55
E13490,U1011,C117,complete,2026-02-23,Mobile,23,1,18-25,Male,Delhi,Delhi,VIP,Ghar Ek Mandir Classic,Show,Drama,Marathi,24
E13491,U1124,C101,pause,2026-02-21,Smart TV,34,0,36-45,Female,Mumbai,Maharashtra,VIP,IND vs AUS T20 Cup Highlights,Sports,Sports,Hindi,45
E13492,U1301,C157,complete,2026-01-17,Tablet,38,1,36-45,Female,Mumbai,Maharashtra,Premium,Startup Founders Blueprint,Show,News,English,40
E13493,U1660,C132,pause,2026-02-14,Tablet,13,0,18-25,Male,Mumbai,Maharashtra,Free,Commando Force Mumbai,Series,Action,Hindi,42
E13494,U1187,C102,complete,2026-01-28,Web,88,1,26-35,Female,Ahmedabad,Gujarat,Premium,IPL Mega Auction Live Replay,Sports,Sports,Hindi,90
E13495,U1609,C108,complete,2026-01-29,Smart TV,59,1,18-25,Female,Ahmedabad,Gujarat,VIP,ISL Football Clash of Titans,Sports,Sports,Bengali,60
E13496,U1554,C117,pause,2026-01-16,Mobile,13,0,26-35,Female,Jaipur,Rajasthan,Free,Ghar Ek Mandir Classic,Show,Drama,Marathi,24
E13497,U1049,C117,complete,2026-03-01,Tablet,21,1,26-35,Female,Mumbai,Maharashtra,Free,Ghar Ek Mandir Classic,Show,Drama,Marathi,24
E13498,U1095,C130,play,2026-02-05,Web,92,0,18-25,Female,Mumbai,Maharashtra,VIP,Vikram: Shadow Commander,Movie,Action,Tamil,165
E13499,U1290,C149,pause,2026-02-26,Mobile,8,0,18-25,Male,Delhi,Delhi,Free,Shinchan Laugh Club,Series,Kids,Tamil,20
E13500,U1051,C129,pause,2026-02-16,Mobile,28,0,26-35,Female,Chennai,Tamil Nadu,Free,Tiger Underground Strike,Movie,Action,Hindi,155
E13501,U1556,C144,play,2026-02-05,Mobile,20,0,18-25,Male,Pune,Maharashtra,VIP,Koffee Spotlight Lounge,Show,Reality,English,45
E13502,U1115,C137,complete,2026-01-08,Mobile,58,1,26-35,Female,Bengaluru,Karnataka,VIP,Bigg Boss All-Stars Hindi,Show,Reality,Hindi,60
E13503,U1187,C141,pause,2026-02-05,Smart TV,15,0,26-35,Female,Ahmedabad,Gujarat,Premium,Shark Pitch India S4,Show,Reality,Hindi,55
E13504,U1169,C115,pause,2026-02-22,Mobile,12,0,36-45,Female,Kolkata,West Bengal,Free,Bengal Courtroom Secrets,Series,Drama,Bengali,40
E13505,U1430,C138,play,2026-01-17,Mobile,19,0,46+,Female,Bengaluru,Karnataka,Premium,Bigg Boss Tamil Season 8,Show,Reality,Tamil,60
E13506,U1653,C139,pause,2026-02-21,Mobile,27,0,18-25,Female,Mumbai,Maharashtra,Free,Bigg Boss Telugu Live,Show,Reality,Telugu,60
E13507,U1247,C136,play,2026-02-12,Mobile,31,0,18-25,Male,Ahmedabad,Gujarat,Free,Speed Street Heist,Movie,Action,English,120
E13508,U1406,C107,pause,2026-01-01,Web,7,0,18-25,Male,Delhi,Delhi,VIP,Champions Trophy Pre-Show,Sports,Sports,Telugu,40
E13509,U1576,C104,complete,2026-01-28,Mobile,46,1,18-25,Female,Hyderabad,Telangana,VIP,IND vs ENG Test Day 3 Highlights,Sports,Sports,English,50
E13510,U1676,C125,play,2026-02-01,Mobile,16,0,18-25,Male,Mumbai,Maharashtra,VIP,Chennai Roast Arena,Show,Comedy,Tamil,40
E13511,U1679,C133,pause,2026-02-05,Mobile,13,0,46+,Female,Lucknow,Uttar Pradesh,VIP,Rudra: The Edge of Darkness,Series,Action,Hindi,48
E13512,U1150,C156,complete,2026-01-31,Smart TV,44,1,26-35,Female,Kolkata,West Bengal,Premium,Cricket Icons: The Untold Story,Show,News,Hindi,45
E13513,U1250,C103,complete,2026-01-21,Mobile,59,1,26-35,Female,Mumbai,Maharashtra,Free,Premier League Weekly Showdown,Sports,Sports,English,60
E13514,U1676,C136,pause,2026-02-09,Smart TV,27,0,18-25,Male,Mumbai,Maharashtra,VIP,Speed Street Heist,Movie,Action,English,120
E13515,U1373,C126,complete,2026-01-05,Mobile,29,1,18-25,Female,Bengaluru,Karnataka,VIP,Telugu Comedy Superstars,Show,Comedy,Telugu,30
E13516,U1540,C112,pause,2026-01-29,Mobile,28,0,18-25,Male,Kolkata,West Bengal,VIP,City of Dreams: The Succession,Series,Drama,Hindi,50
E13517,U1238,C105,complete,2026-02-01,Smart TV,67,1,26-35,Male,Kolkata,West Bengal,Premium,Pro Kabaddi League Finals,Sports,Sports,Tamil,70
E13518,U1323,C114,complete,2026-01-05,Mobile,44,1,18-25,Female,Delhi,Delhi,Premium,Telugu Royal Heritage,Series,Drama,Telugu,45
E13519,U1583,C140,pause,2026-02-08,Mobile,19,0,18-25,Male,Delhi,Delhi,Free,Dance India Dance Championship,Show,Reality,Hindi,50
E13520,U1325,C150,pause,2026-02-17,Mobile,7,0,26-35,Male,Kochi,Kerala,Free,Super Bheem Galactic Battle,Series,Kids,Telugu,22
E13521,U1382,C107,complete,2026-01-03,Web,36,1,26-35,Female,Hyderabad,Telangana,Free,Champions Trophy Pre-Show,Sports,Sports,Telugu,40
E13522,U1057,C138,play,2026-01-10,Smart TV,13,0,18-25,Female,Chennai,Tamil Nadu,Free,Bigg Boss Tamil Season 8,Show,Reality,Tamil,60
E13523,U1085,C111,play,2026-01-11,Mobile,5,0,26-35,Male,Delhi,Delhi,Free,Yeh Rishta: Family Bonds,Show,Drama,Hindi,22
E13524,U1365,C118,pause,2026-02-14,Mobile,22,0,18-25,Female,Delhi,Delhi,VIP,Kerala Waterfront Mystery,Series,Drama,Malayalam,48
E13525,U1030,C103,complete,2026-01-01,Smart TV,54,1,18-25,Male,Chennai,Tamil Nadu,Free,Premier League Weekly Showdown,Sports,Sports,English,60
E13526,U1600,C108,complete,2026-01-22,Mobile,59,1,46+,Female,Bengaluru,Karnataka,Free,ISL Football Clash of Titans,Sports,Sports,Bengali,60
E13527,U1659,C120,pause,2026-02-17,Mobile,15,0,26-35,Male,Mumbai,Maharashtra,Free,Succession Politics India,Series,Drama,Hindi,45
E13528,U1369,C150,complete,2026-01-23,Mobile,21,1,26-35,Female,Ahmedabad,Gujarat,Free,Super Bheem Galactic Battle,Series,Kids,Telugu,22
E13529,U1174,C106,play,2026-03-01,Mobile,17,0,18-25,Female,Bengaluru,Karnataka,VIP,WPL T20 Blockbuster Match,Sports,Sports,Hindi,60
E13530,U1566,C159,complete,2026-02-10,Smart TV,22,1,18-25,Female,Kolkata,West Bengal,Free,Bengal Morning Bulletin,News,News,Bengali,25
E13531,U1248,C108,pause,2026-01-07,Web,16,0,18-25,Male,Bengaluru,Karnataka,VIP,ISL Football Clash of Titans,Sports,Sports,Bengali,60
E13532,U1454,C106,play,2026-03-01,Mobile,16,0,18-25,Other,Bengaluru,Karnataka,Free,WPL T20 Blockbuster Match,Sports,Sports,Hindi,60
E13533,U1521,C141,complete,2026-02-26,Mobile,54,1,18-25,Male,Kolkata,West Bengal,Free,Shark Pitch India S4,Show,Reality,Hindi,55
E13534,U1668,C115,play,2026-01-14,Mobile,18,0,18-25,Male,Kochi,Kerala,Free,Bengal Courtroom Secrets,Series,Drama,Bengali,40
E13535,U1425,C144,complete,2026-02-05,Smart TV,44,1,18-25,Male,Bengaluru,Karnataka,VIP,Koffee Spotlight Lounge,Show,Reality,English,45
E13536,U1096,C148,complete,2026-02-08,Mobile,18,1,36-45,Female,Delhi,Delhi,Premium,Doraemon Magic Gadgets,Series,Kids,Hindi,20
E13537,U1281,C122,complete,2026-01-29,Mobile,20,1,18-25,Male,Bengaluru,Karnataka,Free,Taarak Laugh Fest Episodes,Show,Comedy,Hindi,22
E13538,U1427,C140,play,2026-02-27,Mobile,12,0,18-25,Male,Mumbai,Maharashtra,Free,Dance India Dance Championship,Show,Reality,Hindi,50
E13539,U1429,C128,pause,2026-01-05,Mobile,35,0,26-35,Male,Mumbai,Maharashtra,Free,College Boys Chaos,Movie,Comedy,Hindi,115
E13540,U1105,C135,complete,2026-02-19,Mobile,134,1,26-35,Female,Bengaluru,Karnataka,Free,Fighter Wing Alpha,Movie,Action,Hindi,145
E13541,U1114,C108,pause,2026-02-18,Mobile,23,0,26-35,Male,Jaipur,Rajasthan,Free,ISL Football Clash of Titans,Sports,Sports,Bengali,60
E13542,U1512,C110,complete,2026-01-18,Smart TV,23,1,26-35,Female,Mumbai,Maharashtra,VIP,Anupama: New Beginnings,Show,Drama,Hindi,25
E13543,U1335,C119,complete,2026-01-31,Mobile,54,1,18-25,Male,Bengaluru,Karnataka,Free,The Crown Dynasty Legacy,Series,Drama,English,55
E13544,U1012,C114,complete,2026-01-14,Smart TV,44,1,18-25,Male,Hyderabad,Telangana,VIP,Telugu Royal Heritage,Series,Drama,Telugu,45
E13545,U1483,C113,complete,2026-02-01,Tablet,132,1,36-45,Female,Chennai,Tamil Nadu,Free,Kaithi Revenge Chronicles,Movie,Drama,Tamil,140
E13546,U1067,C144,complete,2026-01-01,Web,41,1,18-25,Female,Jaipur,Rajasthan,VIP,Koffee Spotlight Lounge,Show,Reality,English,45
E13547,U1627,C111,play,2026-02-14,Smart TV,10,0,18-25,Female,Pune,Maharashtra,Free,Yeh Rishta: Family Bonds,Show,Drama,Hindi,22
E13548,U1169,C144,pause,2026-01-04,Mobile,13,0,36-45,Female,Kolkata,West Bengal,Free,Koffee Spotlight Lounge,Show,Reality,English,45
E13549,U1506,C104,play,2026-02-19,Web,18,0,36-45,Male,Kolkata,West Bengal,Premium,IND vs ENG Test Day 3 Highlights,Sports,Sports,English,50
E13550,U1212,C154,complete,2026-01-17,Mobile,34,1,18-25,Female,Mumbai,Maharashtra,VIP,Elections Ground Pulse,News,News,Hindi,35
E13551,U1532,C122,pause,2026-01-26,Mobile,6,0,18-25,Male,Delhi,Delhi,VIP,Taarak Laugh Fest Episodes,Show,Comedy,Hindi,22
E13552,U1181,C108,pause,2026-01-26,Mobile,23,0,26-35,Male,Pune,Maharashtra,Free,ISL Football Clash of Titans,Sports,Sports,Bengali,60
E13553,U1405,C144,complete,2026-01-10,Mobile,43,1,18-25,Male,Lucknow,Uttar Pradesh,Premium,Koffee Spotlight Lounge,Show,Reality,English,45
E13554,U1167,C106,complete,2026-02-23,Mobile,57,1,46+,Male,Chennai,Tamil Nadu,Premium,WPL T20 Blockbuster Match,Sports,Sports,Hindi,60
E13555,U1588,C139,pause,2026-02-23,Smart TV,28,0,26-35,Male,Kolkata,West Bengal,VIP,Bigg Boss Telugu Live,Show,Reality,Telugu,60
E13556,U1372,C150,play,2026-02-28,Mobile,2,0,26-35,Female,Ahmedabad,Gujarat,VIP,Super Bheem Galactic Battle,Series,Kids,Telugu,22
E13557,U1401,C148,complete,2026-01-11,Smart TV,18,1,36-45,Male,Hyderabad,Telangana,VIP,Doraemon Magic Gadgets,Series,Kids,Hindi,20
E13558,U1167,C138,pause,2026-01-02,Smart TV,20,0,46+,Male,Chennai,Tamil Nadu,Premium,Bigg Boss Tamil Season 8,Show,Reality,Tamil,60
E13559,U1355,C110,play,2026-01-17,Web,8,0,46+,Male,Lucknow,Uttar Pradesh,Free,Anupama: New Beginnings,Show,Drama,Hindi,25
E13560,U1555,C123,play,2026-01-19,Smart TV,17,0,26-35,Female,Jaipur,Rajasthan,VIP,Sarabhai Classic Revival,Series,Comedy,Hindi,25
E13561,U1084,C115,complete,2026-02-15,Mobile,36,1,46+,Female,Hyderabad,Telangana,VIP,Bengal Courtroom Secrets,Series,Drama,Bengali,40
E13562,U1149,C151,pause,2026-01-13,Mobile,2,0,46+,Male,Hyderabad,Telangana,Free,Daily Headlines 360,News,News,Hindi,30
E13563,U1461,C117,pause,2026-02-24,Mobile,9,0,26-35,Male,Chennai,Tamil Nadu,Premium,Ghar Ek Mandir Classic,Show,Drama,Marathi,24
E13564,U1023,C104,play,2026-01-18,Smart TV,22,0,36-45,Male,Kolkata,West Bengal,VIP,IND vs ENG Test Day 3 Highlights,Sports,Sports,English,50
E13565,U1436,C123,pause,2026-02-13,Mobile,13,0,46+,Female,Mumbai,Maharashtra,Premium,Sarabhai Classic Revival,Series,Comedy,Hindi,25
E13566,U1065,C147,play,2026-01-16,Mobile,5,0,36-45,Male,Delhi,Delhi,Free,Little Singham Rescue Mission,Series,Kids,Hindi,20
E13567,U1506,C140,complete,2026-01-16,Web,47,1,36-45,Male,Kolkata,West Bengal,Premium,Dance India Dance Championship,Show,Reality,Hindi,50
E13568,U1269,C108,play,2026-01-23,Mobile,15,0,36-45,Male,Kochi,Kerala,VIP,ISL Football Clash of Titans,Sports,Sports,Bengali,60
E13569,U1538,C130,complete,2026-02-04,Mobile,150,1,26-35,Female,Chennai,Tamil Nadu,Free,Vikram: Shadow Commander,Movie,Action,Tamil,165
E13570,U1409,C111,complete,2026-02-22,Mobile,21,1,18-25,Male,Bengaluru,Karnataka,Free,Yeh Rishta: Family Bonds,Show,Drama,Hindi,22
E13571,U1069,C107,complete,2026-01-30,Mobile,36,1,36-45,Female,Ahmedabad,Gujarat,Premium,Champions Trophy Pre-Show,Sports,Sports,Telugu,40
E13572,U1683,C113,complete,2026-01-28,Mobile,134,1,36-45,Male,Bengaluru,Karnataka,Premium,Kaithi Revenge Chronicles,Movie,Drama,Tamil,140
E13573,U1304,C135,pause,2026-01-29,Mobile,67,0,36-45,Female,Bengaluru,Karnataka,Free,Fighter Wing Alpha,Movie,Action,Hindi,145
E13574,U1584,C145,complete,2026-01-13,Tablet,84,1,46+,Male,Delhi,Delhi,VIP,Chhota Bheem Himalayan Tour,Movie,Kids,Hindi,85
E13575,U1538,C143,complete,2026-01-30,Web,40,1,26-35,Female,Chennai,Tamil Nadu,Free,Roadies Quest,Show,Reality,Hindi,45
E13576,U1512,C109,pause,2026-01-10,Mobile,22,0,26-35,Female,Mumbai,Maharashtra,VIP,Special Ops: Desert Falcon,Series,Drama,Hindi,45
E13577,U1296,C101,play,2026-01-27,Mobile,7,0,46+,Female,Kolkata,West Bengal,VIP,IND vs AUS T20 Cup Highlights,Sports,Sports,Hindi,45
E13578,U1166,C138,play,2026-01-10,Web,30,0,36-45,Male,Mumbai,Maharashtra,Free,Bigg Boss Tamil Season 8,Show,Reality,Tamil,60
E13579,U1671,C144,pause,2026-01-09,Mobile,16,0,18-25,Male,Delhi,Delhi,VIP,Koffee Spotlight Lounge,Show,Reality,English,45
E13580,U1512,C154,complete,2026-02-12,Smart TV,32,1,26-35,Female,Mumbai,Maharashtra,VIP,Elections Ground Pulse,News,News,Hindi,35
E13581,U1114,C144,complete,2026-02-01,Web,40,1,26-35,Male,Jaipur,Rajasthan,Free,Koffee Spotlight Lounge,Show,Reality,English,45
E13582,U1597,C127,complete,2026-02-09,Web,27,1,36-45,Female,Mumbai,Maharashtra,VIP,Pune Pun Factory,Show,Comedy,Marathi,30
E13583,U1653,C117,complete,2026-02-10,Smart TV,23,1,18-25,Female,Mumbai,Maharashtra,Free,Ghar Ek Mandir Classic,Show,Drama,Marathi,24
E13584,U1472,C116,complete,2026-02-22,Mobile,117,1,18-25,Female,Pune,Maharashtra,Free,Kolkata Love Diary,Movie,Drama,Bengali,125
E13585,U1235,C112,play,2026-02-12,Mobile,23,0,18-25,Female,Bengaluru,Karnataka,Premium,City of Dreams: The Succession,Series,Drama,Hindi,50
E13586,U1641,C147,complete,2026-01-13,Mobile,19,1,18-25,Female,Patna,Bihar,Free,Little Singham Rescue Mission,Series,Kids,Hindi,20
E13587,U1386,C101,complete,2026-02-11,Mobile,42,1,46+,Female,Kolkata,West Bengal,Free,IND vs AUS T20 Cup Highlights,Sports,Sports,Hindi,45
E13588,U1488,C104,complete,2026-01-28,Smart TV,49,1,18-25,Male,Hyderabad,Telangana,Free,IND vs ENG Test Day 3 Highlights,Sports,Sports,English,50
E13589,U1388,C140,play,2026-01-17,Mobile,25,0,18-25,Male,Lucknow,Uttar Pradesh,Free,Dance India Dance Championship,Show,Reality,Hindi,50
E13590,U1289,C105,complete,2026-01-16,Mobile,67,1,46+,Female,Mumbai,Maharashtra,VIP,Pro Kabaddi League Finals,Sports,Sports,Tamil,70
E13591,U1137,C114,pause,2026-02-04,Tablet,7,0,26-35,Female,Delhi,Delhi,VIP,Telugu Royal Heritage,Series,Drama,Telugu,45
E13592,U1144,C117,pause,2026-01-19,Mobile,12,0,26-35,Male,Bengaluru,Karnataka,Free,Ghar Ek Mandir Classic,Show,Drama,Marathi,24
E13593,U1357,C122,complete,2026-02-12,Smart TV,20,1,18-25,Female,Hyderabad,Telangana,Free,Taarak Laugh Fest Episodes,Show,Comedy,Hindi,22
E13594,U1366,C104,play,2026-01-24,Mobile,13,0,46+,Male,Jaipur,Rajasthan,VIP,IND vs ENG Test Day 3 Highlights,Sports,Sports,English,50
E13595,U1001,C119,pause,2026-01-07,Mobile,21,0,26-35,Male,Delhi,Delhi,Free,The Crown Dynasty Legacy,Series,Drama,English,55
E13596,U1379,C102,pause,2026-01-20,Mobile,24,0,18-25,Female,Bengaluru,Karnataka,VIP,IPL Mega Auction Live Replay,Sports,Sports,Hindi,90
E13597,U1067,C117,complete,2026-02-12,Smart TV,23,1,18-25,Female,Jaipur,Rajasthan,VIP,Ghar Ek Mandir Classic,Show,Drama,Marathi,24
E13598,U1111,C143,pause,2026-01-20,Smart TV,13,0,18-25,Male,Mumbai,Maharashtra,VIP,Roadies Quest,Show,Reality,Hindi,45
E13599,U1070,C131,complete,2026-02-18,Mobile,158,1,26-35,Female,Bengaluru,Karnataka,VIP,Devara Storm Rising,Movie,Action,Telugu,160
E13600,U1160,C135,pause,2026-02-06,Mobile,69,0,18-25,Male,Kochi,Kerala,Premium,Fighter Wing Alpha,Movie,Action,Hindi,145
E13601,U1550,C139,complete,2026-02-22,Smart TV,54,1,26-35,Male,Kochi,Kerala,VIP,Bigg Boss Telugu Live,Show,Reality,Telugu,60
E13602,U1505,C105,complete,2026-02-05,Tablet,63,1,18-25,Female,Hyderabad,Telangana,VIP,Pro Kabaddi League Finals,Sports,Sports,Tamil,70
E13603,U1044,C144,complete,2026-02-04,Smart TV,42,1,18-25,Female,Ahmedabad,Gujarat,Free,Koffee Spotlight Lounge,Show,Reality,English,45
E13604,U1097,C117,complete,2026-01-22,Tablet,22,1,26-35,Male,Delhi,Delhi,Premium,Ghar Ek Mandir Classic,Show,Drama,Marathi,24
E13605,U1694,C103,play,2026-01-22,Mobile,26,0,18-25,Female,Delhi,Delhi,Premium,Premier League Weekly Showdown,Sports,Sports,English,60
E13606,U1712,C118,complete,2026-02-17,Mobile,45,1,26-35,Female,Mumbai,Maharashtra,Premium,Kerala Waterfront Mystery,Series,Drama,Malayalam,48
E13607,U1699,C101,complete,2026-02-02,Smart TV,44,1,18-25,Female,Bengaluru,Karnataka,VIP,IND vs AUS T20 Cup Highlights,Sports,Sports,Hindi,45
E13608,U1006,C144,complete,2026-01-24,Web,43,1,18-25,Male,Pune,Maharashtra,Free,Koffee Spotlight Lounge,Show,Reality,English,45
E13609,U1415,C139,complete,2026-02-10,Web,59,1,26-35,Female,Mumbai,Maharashtra,Free,Bigg Boss Telugu Live,Show,Reality,Telugu,60
E13610,U1053,C118,pause,2026-01-20,Mobile,11,0,26-35,Female,Chennai,Tamil Nadu,VIP,Kerala Waterfront Mystery,Series,Drama,Malayalam,48
E13611,U1253,C110,pause,2026-02-26,Smart TV,15,0,26-35,Male,Bengaluru,Karnataka,Free,Anupama: New Beginnings,Show,Drama,Hindi,25
E13612,U1112,C103,play,2026-01-16,Mobile,7,0,46+,Female,Hyderabad,Telangana,Free,Premier League Weekly Showdown,Sports,Sports,English,60
E13613,U1128,C129,pause,2026-02-07,Mobile,57,0,26-35,Female,Pune,Maharashtra,VIP,Tiger Underground Strike,Movie,Action,Hindi,155
E13614,U1008,C108,pause,2026-02-01,Web,21,0,26-35,Male,Lucknow,Uttar Pradesh,Free,ISL Football Clash of Titans,Sports,Sports,Bengali,60
E13615,U1053,C123,complete,2026-01-29,Mobile,23,1,26-35,Female,Chennai,Tamil Nadu,VIP,Sarabhai Classic Revival,Series,Comedy,Hindi,25
E13616,U1679,C146,complete,2026-02-14,Mobile,74,1,46+,Female,Lucknow,Uttar Pradesh,VIP,Motu Patlu Space Adventure,Movie,Kids,Hindi,75
E13617,U1289,C114,complete,2026-02-18,Tablet,44,1,46+,Female,Mumbai,Maharashtra,VIP,Telugu Royal Heritage,Series,Drama,Telugu,45
E13618,U1479,C127,complete,2026-01-17,Mobile,28,1,26-35,Male,Lucknow,Uttar Pradesh,VIP,Pune Pun Factory,Show,Comedy,Marathi,30
E13619,U1076,C128,complete,2026-02-12,Smart TV,108,1,18-25,Female,Jaipur,Rajasthan,Free,College Boys Chaos,Movie,Comedy,Hindi,115
E13620,U1331,C103,complete,2026-02-11,Mobile,55,1,26-35,Female,Mumbai,Maharashtra,VIP,Premier League Weekly Showdown,Sports,Sports,English,60
E13621,U1636,C150,complete,2026-02-23,Smart TV,21,1,26-35,Male,Mumbai,Maharashtra,Free,Super Bheem Galactic Battle,Series,Kids,Telugu,22
E13622,U1164,C103,pause,2026-01-17,Smart TV,8,0,26-35,Male,Delhi,Delhi,Free,Premier League Weekly Showdown,Sports,Sports,English,60
E13623,U1442,C119,play,2026-02-01,Web,15,0,18-25,Male,Mumbai,Maharashtra,VIP,The Crown Dynasty Legacy,Series,Drama,English,55
E13624,U1676,C111,complete,2026-02-04,Web,19,1,18-25,Male,Mumbai,Maharashtra,VIP,Yeh Rishta: Family Bonds,Show,Drama,Hindi,22
E13625,U1206,C126,complete,2026-01-29,Mobile,29,1,26-35,Female,Mumbai,Maharashtra,Free,Telugu Comedy Superstars,Show,Comedy,Telugu,30
E13626,U1553,C108,complete,2026-01-02,Mobile,56,1,18-25,Male,Hyderabad,Telangana,VIP,ISL Football Clash of Titans,Sports,Sports,Bengali,60
E13627,U1646,C143,complete,2026-02-24,Mobile,43,1,26-35,Male,Hyderabad,Telangana,Premium,Roadies Quest,Show,Reality,Hindi,45
E13628,U1444,C151,pause,2026-02-23,Web,8,0,46+,Female,Bengaluru,Karnataka,VIP,Daily Headlines 360,News,News,Hindi,30
E13629,U1079,C104,pause,2026-01-29,Mobile,15,0,46+,Male,Kochi,Kerala,Free,IND vs ENG Test Day 3 Highlights,Sports,Sports,English,50
E13630,U1276,C135,complete,2026-02-06,Mobile,132,1,18-25,Female,Mumbai,Maharashtra,Premium,Fighter Wing Alpha,Movie,Action,Hindi,145
E13631,U1597,C106,pause,2026-02-13,Mobile,13,0,36-45,Female,Mumbai,Maharashtra,VIP,WPL T20 Blockbuster Match,Sports,Sports,Hindi,60
E13632,U1015,C108,pause,2026-02-24,Mobile,33,0,26-35,Female,Pune,Maharashtra,Free,ISL Football Clash of Titans,Sports,Sports,Bengali,60
E13633,U1264,C119,complete,2026-02-08,Web,52,1,26-35,Male,Mumbai,Maharashtra,Free,The Crown Dynasty Legacy,Series,Drama,English,55
E13634,U1124,C144,pause,2026-03-01,Smart TV,7,0,36-45,Female,Mumbai,Maharashtra,VIP,Koffee Spotlight Lounge,Show,Reality,English,45
E13635,U1308,C127,pause,2026-01-30,Mobile,8,0,26-35,Female,Jaipur,Rajasthan,Free,Pune Pun Factory,Show,Comedy,Marathi,30
E13636,U1334,C116,play,2026-01-27,Mobile,45,0,36-45,Male,Bengaluru,Karnataka,VIP,Kolkata Love Diary,Movie,Drama,Bengali,125
E13637,U1099,C108,complete,2026-02-18,Mobile,58,1,46+,Female,Hyderabad,Telangana,VIP,ISL Football Clash of Titans,Sports,Sports,Bengali,60
E13638,U1694,C103,complete,2026-01-16,Smart TV,56,1,18-25,Female,Delhi,Delhi,Premium,Premier League Weekly Showdown,Sports,Sports,English,60
E13639,U1743,C105,complete,2026-02-20,Smart TV,64,1,18-25,Female,Delhi,Delhi,VIP,Pro Kabaddi League Finals,Sports,Sports,Tamil,70
E13640,U1021,C126,pause,2026-01-13,Web,7,0,18-25,Female,Pune,Maharashtra,Free,Telugu Comedy Superstars,Show,Comedy,Telugu,30
E13641,U1521,C140,complete,2026-03-01,Mobile,48,1,18-25,Male,Kolkata,West Bengal,Free,Dance India Dance Championship,Show,Reality,Hindi,50
E13642,U1158,C111,complete,2026-01-02,Mobile,21,1,26-35,Female,Lucknow,Uttar Pradesh,VIP,Yeh Rishta: Family Bonds,Show,Drama,Hindi,22
E13643,U1631,C153,pause,2026-02-28,Mobile,10,0,26-35,Male,Hyderabad,Telangana,VIP,India at 2030: Space Ambitions,Show,News,English,50
E13644,U1001,C131,complete,2026-02-26,Smart TV,151,1,26-35,Male,Delhi,Delhi,Free,Devara Storm Rising,Movie,Action,Telugu,160
E13645,U1297,C140,complete,2026-01-16,Smart TV,47,1,26-35,Male,Pune,Maharashtra,VIP,Dance India Dance Championship,Show,Reality,Hindi,50
E13646,U1366,C143,complete,2026-01-17,Mobile,44,1,46+,Male,Jaipur,Rajasthan,VIP,Roadies Quest,Show,Reality,Hindi,45
E13647,U1401,C142,pause,2026-01-07,Mobile,21,0,36-45,Male,Hyderabad,Telangana,VIP,Master Chef Kitchen Wars,Show,Reality,Hindi,45
E13648,U1078,C129,pause,2026-01-24,Smart TV,107,0,18-25,Male,Hyderabad,Telangana,Premium,Tiger Underground Strike,Movie,Action,Hindi,155
E13649,U1266,C113,play,2026-01-27,Mobile,33,0,18-25,Female,Delhi,Delhi,VIP,Kaithi Revenge Chronicles,Movie,Drama,Tamil,140
E13650,U1576,C113,complete,2026-02-05,Mobile,126,1,18-25,Female,Hyderabad,Telangana,VIP,Kaithi Revenge Chronicles,Movie,Drama,Tamil,140
E13651,U1649,C153,complete,2026-01-26,Smart TV,47,1,36-45,Female,Bengaluru,Karnataka,Premium,India at 2030: Space Ambitions,Show,News,English,50
E13652,U1017,C107,pause,2026-02-26,Mobile,5,0,36-45,Male,Hyderabad,Telangana,Free,Champions Trophy Pre-Show,Sports,Sports,Telugu,40
E13653,U1049,C122,complete,2026-02-27,Web,21,1,26-35,Female,Mumbai,Maharashtra,Free,Taarak Laugh Fest Episodes,Show,Comedy,Hindi,22
E13654,U1241,C118,complete,2026-02-06,Mobile,46,1,18-25,Male,Delhi,Delhi,Premium,Kerala Waterfront Mystery,Series,Drama,Malayalam,48
E13655,U1504,C126,play,2026-02-03,Mobile,9,0,36-45,Male,Delhi,Delhi,VIP,Telugu Comedy Superstars,Show,Comedy,Telugu,30
E13656,U1378,C142,complete,2026-01-20,Smart TV,41,1,26-35,Male,Chennai,Tamil Nadu,VIP,Master Chef Kitchen Wars,Show,Reality,Hindi,45
E13657,U1431,C141,play,2026-01-26,Mobile,17,0,26-35,Female,Bengaluru,Karnataka,Free,Shark Pitch India S4,Show,Reality,Hindi,55
E13658,U1229,C105,complete,2026-02-05,Mobile,64,1,18-25,Female,Mumbai,Maharashtra,Free,Pro Kabaddi League Finals,Sports,Sports,Tamil,70
E13659,U1383,C122,complete,2026-02-03,Mobile,19,1,26-35,Female,Bengaluru,Karnataka,Premium,Taarak Laugh Fest Episodes,Show,Comedy,Hindi,22
E13660,U1371,C114,pause,2026-02-15,Mobile,6,0,26-35,Male,Chennai,Tamil Nadu,Free,Telugu Royal Heritage,Series,Drama,Telugu,45
E13661,U1501,C101,complete,2026-01-18,Smart TV,41,1,26-35,Female,Hyderabad,Telangana,VIP,IND vs AUS T20 Cup Highlights,Sports,Sports,Hindi,45
E13662,U1042,C111,complete,2026-01-05,Mobile,21,1,26-35,Female,Mumbai,Maharashtra,Free,Yeh Rishta: Family Bonds,Show,Drama,Hindi,22
E13663,U1034,C146,complete,2026-02-11,Mobile,70,1,26-35,Male,Hyderabad,Telangana,Free,Motu Patlu Space Adventure,Movie,Kids,Hindi,75
E13664,U1560,C140,pause,2026-01-18,Mobile,20,0,26-35,Male,Kolkata,West Bengal,Free,Dance India Dance Championship,Show,Reality,Hindi,50
E13665,U1117,C102,complete,2026-02-28,Web,85,1,18-25,Male,Delhi,Delhi,Premium,IPL Mega Auction Live Replay,Sports,Sports,Hindi,90
E13666,U1583,C112,pause,2026-01-24,Mobile,8,0,18-25,Male,Delhi,Delhi,Free,City of Dreams: The Succession,Series,Drama,Hindi,50
E13667,U1385,C123,pause,2026-02-11,Web,5,0,26-35,Male,Delhi,Delhi,VIP,Sarabhai Classic Revival,Series,Comedy,Hindi,25
E13668,U1006,C102,complete,2026-02-08,Mobile,85,1,18-25,Male,Pune,Maharashtra,Free,IPL Mega Auction Live Replay,Sports,Sports,Hindi,90
E13669,U1105,C105,complete,2026-01-22,Mobile,67,1,26-35,Female,Bengaluru,Karnataka,Free,Pro Kabaddi League Finals,Sports,Sports,Tamil,70
E13670,U1379,C104,complete,2026-02-16,Smart TV,46,1,18-25,Female,Bengaluru,Karnataka,VIP,IND vs ENG Test Day 3 Highlights,Sports,Sports,English,50
E13671,U1069,C119,pause,2026-02-09,Smart TV,25,0,36-45,Female,Ahmedabad,Gujarat,Premium,The Crown Dynasty Legacy,Series,Drama,English,55
E13672,U1087,C103,complete,2026-02-05,Mobile,57,1,26-35,Female,Hyderabad,Telangana,Free,Premier League Weekly Showdown,Sports,Sports,English,60
E13673,U1553,C115,pause,2026-01-01,Mobile,22,0,18-25,Male,Hyderabad,Telangana,VIP,Bengal Courtroom Secrets,Series,Drama,Bengali,40
E13674,U1628,C129,pause,2026-02-07,Web,67,0,36-45,Male,Mumbai,Maharashtra,VIP,Tiger Underground Strike,Movie,Action,Hindi,155
E13675,U1681,C115,pause,2026-01-08,Tablet,13,0,26-35,Male,Chennai,Tamil Nadu,Premium,Bengal Courtroom Secrets,Series,Drama,Bengali,40
E13676,U1051,C143,pause,2026-01-02,Web,6,0,26-35,Female,Chennai,Tamil Nadu,Free,Roadies Quest,Show,Reality,Hindi,45
E13677,U1678,C121,complete,2026-01-08,Web,33,1,26-35,Female,Ahmedabad,Gujarat,Premium,The Great Indian Comedy Lab,Show,Comedy,Hindi,35
E13678,U1746,C155,complete,2026-02-22,Web,51,1,26-35,Male,Kolkata,West Bengal,Free,Wildlife Wonders: Western Ghats,Show,News,English,52
E13679,U1167,C118,complete,2026-03-01,Mobile,43,1,46+,Male,Chennai,Tamil Nadu,Premium,Kerala Waterfront Mystery,Series,Drama,Malayalam,48
E13680,U1415,C136,play,2026-02-28,Mobile,66,0,26-35,Female,Mumbai,Maharashtra,Free,Speed Street Heist,Movie,Action,English,120
E13681,U1357,C120,pause,2026-01-11,Smart TV,28,0,18-25,Female,Hyderabad,Telangana,Free,Succession Politics India,Series,Drama,Hindi,45
E13682,U1669,C110,complete,2026-01-22,Mobile,24,1,26-35,Female,Delhi,Delhi,Free,Anupama: New Beginnings,Show,Drama,Hindi,25
E13683,U1649,C132,play,2026-01-24,Mobile,15,0,36-45,Female,Bengaluru,Karnataka,Premium,Commando Force Mumbai,Series,Action,Hindi,42
E13684,U1362,C114,play,2026-02-25,Mobile,10,0,18-25,Male,Chennai,Tamil Nadu,Free,Telugu Royal Heritage,Series,Drama,Telugu,45
E13685,U1514,C102,play,2026-01-18,Mobile,9,0,26-35,Male,Kolkata,West Bengal,Premium,IPL Mega Auction Live Replay,Sports,Sports,Hindi,90
E13686,U1698,C133,complete,2026-02-25,Smart TV,45,1,36-45,Female,Ahmedabad,Gujarat,VIP,Rudra: The Edge of Darkness,Series,Action,Hindi,48
E13687,U1316,C102,complete,2026-02-08,Mobile,83,1,18-25,Male,Bengaluru,Karnataka,VIP,IPL Mega Auction Live Replay,Sports,Sports,Hindi,90
E13688,U1041,C137,play,2026-01-26,Mobile,8,0,26-35,Female,Patna,Bihar,Free,Bigg Boss All-Stars Hindi,Show,Reality,Hindi,60
E13689,U1289,C140,complete,2026-02-08,Smart TV,46,1,46+,Female,Mumbai,Maharashtra,VIP,Dance India Dance Championship,Show,Reality,Hindi,50
E13690,U1105,C102,play,2026-02-15,Mobile,9,0,26-35,Female,Bengaluru,Karnataka,Free,IPL Mega Auction Live Replay,Sports,Sports,Hindi,90
E13691,U1717,C149,complete,2026-01-22,Smart TV,18,1,36-45,Male,Delhi,Delhi,Free,Shinchan Laugh Club,Series,Kids,Tamil,20
E13692,U1101,C109,complete,2026-02-22,Web,42,1,26-35,Male,Delhi,Delhi,VIP,Special Ops: Desert Falcon,Series,Drama,Hindi,45
E13693,U1124,C113,pause,2026-02-20,Mobile,71,0,36-45,Female,Mumbai,Maharashtra,VIP,Kaithi Revenge Chronicles,Movie,Drama,Tamil,140
E13694,U1009,C101,complete,2026-02-21,Mobile,44,1,36-45,Female,Ahmedabad,Gujarat,VIP,IND vs AUS T20 Cup Highlights,Sports,Sports,Hindi,45
E13695,U1153,C157,play,2026-01-11,Smart TV,12,0,18-25,Male,Delhi,Delhi,Premium,Startup Founders Blueprint,Show,News,English,40
E13696,U1109,C126,play,2026-02-09,Mobile,13,0,26-35,Female,Delhi,Delhi,Free,Telugu Comedy Superstars,Show,Comedy,Telugu,30
E13697,U1314,C118,pause,2026-01-23,Smart TV,33,0,26-35,Female,Bengaluru,Karnataka,Premium,Kerala Waterfront Mystery,Series,Drama,Malayalam,48
E13698,U1178,C130,complete,2026-01-11,Smart TV,161,1,26-35,Female,Chennai,Tamil Nadu,VIP,Vikram: Shadow Commander,Movie,Action,Tamil,165
E13699,U1562,C121,complete,2026-02-16,Smart TV,31,1,26-35,Male,Kochi,Kerala,Free,The Great Indian Comedy Lab,Show,Comedy,Hindi,35
E13700,U1141,C131,complete,2026-01-04,Mobile,159,1,36-45,Male,Bengaluru,Karnataka,Free,Devara Storm Rising,Movie,Action,Telugu,160
E13701,U1330,C143,pause,2026-01-29,Mobile,18,0,18-25,Female,Bengaluru,Karnataka,Premium,Roadies Quest,Show,Reality,Hindi,45
E13702,U1381,C110,complete,2026-01-04,Smart TV,23,1,26-35,Male,Hyderabad,Telangana,Premium,Anupama: New Beginnings,Show,Drama,Hindi,25
E13703,U1544,C112,complete,2026-02-08,Smart TV,48,1,36-45,Male,Delhi,Delhi,Premium,City of Dreams: The Succession,Series,Drama,Hindi,50
E13704,U1099,C137,play,2026-01-18,Mobile,33,0,46+,Female,Hyderabad,Telangana,VIP,Bigg Boss All-Stars Hindi,Show,Reality,Hindi,60
E13705,U1710,C109,pause,2026-01-02,Mobile,18,0,26-35,Female,Delhi,Delhi,Premium,Special Ops: Desert Falcon,Series,Drama,Hindi,45
E13706,U1203,C143,play,2026-02-14,Smart TV,33,0,18-25,Female,Delhi,Delhi,Free,Roadies Quest,Show,Reality,Hindi,45
E13707,U1261,C125,complete,2026-01-16,Smart TV,37,1,18-25,Female,Delhi,Delhi,VIP,Chennai Roast Arena,Show,Comedy,Tamil,40
E13708,U1625,C142,complete,2026-01-31,Mobile,40,1,18-25,Female,Bengaluru,Karnataka,VIP,Master Chef Kitchen Wars,Show,Reality,Hindi,45
E13709,U1162,C115,pause,2026-01-15,Smart TV,10,0,18-25,Female,Bengaluru,Karnataka,VIP,Bengal Courtroom Secrets,Series,Drama,Bengali,40
E13710,U1321,C104,complete,2026-01-17,Mobile,47,1,18-25,Male,Pune,Maharashtra,Premium,IND vs ENG Test Day 3 Highlights,Sports,Sports,English,50
E13711,U1014,C128,pause,2026-01-15,Mobile,35,0,26-35,Male,Lucknow,Uttar Pradesh,VIP,College Boys Chaos,Movie,Comedy,Hindi,115
E13712,U1261,C114,complete,2026-01-09,Mobile,41,1,18-25,Female,Delhi,Delhi,VIP,Telugu Royal Heritage,Series,Drama,Telugu,45
E13713,U1242,C142,complete,2026-01-21,Mobile,44,1,46+,Male,Ahmedabad,Gujarat,Free,Master Chef Kitchen Wars,Show,Reality,Hindi,45
E13714,U1405,C124,play,2026-01-04,Web,16,0,18-25,Male,Lucknow,Uttar Pradesh,Premium,Standup Special: Bangalore Humor,Show,Comedy,English,65
E13715,U1199,C106,pause,2026-01-20,Smart TV,20,0,36-45,Male,Bengaluru,Karnataka,Free,WPL T20 Blockbuster Match,Sports,Sports,Hindi,60
E13716,U1046,C130,pause,2026-01-15,Mobile,83,0,18-25,Male,Chennai,Tamil Nadu,Premium,Vikram: Shadow Commander,Movie,Action,Tamil,165
E13717,U1386,C142,pause,2026-01-16,Web,6,0,46+,Female,Kolkata,West Bengal,Free,Master Chef Kitchen Wars,Show,Reality,Hindi,45
E13718,U1621,C138,play,2026-02-16,Web,17,0,18-25,Male,Bengaluru,Karnataka,VIP,Bigg Boss Tamil Season 8,Show,Reality,Tamil,60
E13719,U1526,C131,play,2026-01-31,Mobile,17,0,18-25,Female,Delhi,Delhi,VIP,Devara Storm Rising,Movie,Action,Telugu,160
E13720,U1070,C136,complete,2026-01-08,Web,113,1,26-35,Female,Bengaluru,Karnataka,VIP,Speed Street Heist,Movie,Action,English,120
E13721,U1674,C117,complete,2026-02-11,Smart TV,22,1,26-35,Male,Chennai,Tamil Nadu,Free,Ghar Ek Mandir Classic,Show,Drama,Marathi,24
E13722,U1091,C111,play,2026-01-09,Mobile,6,0,26-35,Female,Delhi,Delhi,Premium,Yeh Rishta: Family Bonds,Show,Drama,Hindi,22
E13723,U1637,C103,complete,2026-02-15,Smart TV,56,1,18-25,Female,Delhi,Delhi,Premium,Premier League Weekly Showdown,Sports,Sports,English,60
E13724,U1330,C113,play,2026-01-21,Mobile,43,0,18-25,Female,Bengaluru,Karnataka,Premium,Kaithi Revenge Chronicles,Movie,Drama,Tamil,140
E13725,U1025,C106,play,2026-02-12,Mobile,16,0,26-35,Female,Jaipur,Rajasthan,Free,WPL T20 Blockbuster Match,Sports,Sports,Hindi,60
E13726,U1497,C130,complete,2026-01-14,Mobile,151,1,26-35,Male,Bengaluru,Karnataka,Free,Vikram: Shadow Commander,Movie,Action,Tamil,165
E13727,U1530,C119,complete,2026-02-07,Web,53,1,18-25,Female,Hyderabad,Telangana,Premium,The Crown Dynasty Legacy,Series,Drama,English,55
E13728,U1023,C102,pause,2026-01-04,Web,30,0,36-45,Male,Kolkata,West Bengal,VIP,IPL Mega Auction Live Replay,Sports,Sports,Hindi,90
E13729,U1558,C130,pause,2026-02-08,Mobile,54,0,26-35,Male,Bengaluru,Karnataka,Free,Vikram: Shadow Commander,Movie,Action,Tamil,165
E13730,U1144,C111,complete,2026-01-16,Tablet,20,1,26-35,Male,Bengaluru,Karnataka,Free,Yeh Rishta: Family Bonds,Show,Drama,Hindi,22
E13731,U1425,C105,complete,2026-01-23,Tablet,66,1,18-25,Male,Bengaluru,Karnataka,VIP,Pro Kabaddi League Finals,Sports,Sports,Tamil,70
E13732,U1059,C142,play,2026-02-10,Mobile,16,0,18-25,Male,Bengaluru,Karnataka,VIP,Master Chef Kitchen Wars,Show,Reality,Hindi,45
E13733,U1022,C130,play,2026-01-25,Mobile,58,0,18-25,Female,Bengaluru,Karnataka,Free,Vikram: Shadow Commander,Movie,Action,Tamil,165
E13734,U1363,C125,pause,2026-01-01,Mobile,17,0,18-25,Male,Mumbai,Maharashtra,Free,Chennai Roast Arena,Show,Comedy,Tamil,40
E13735,U1553,C158,pause,2026-02-10,Mobile,15,0,18-25,Male,Hyderabad,Telangana,VIP,State Express News Tamil,News,News,Tamil,30
E13736,U1134,C108,complete,2026-02-16,Mobile,57,1,26-35,Female,Delhi,Delhi,VIP,ISL Football Clash of Titans,Sports,Sports,Bengali,60
E13737,U1553,C140,complete,2026-02-08,Tablet,48,1,18-25,Male,Hyderabad,Telangana,VIP,Dance India Dance Championship,Show,Reality,Hindi,50
E13738,U1339,C145,pause,2026-02-11,Smart TV,71,0,18-25,Female,Chennai,Tamil Nadu,Free,Chhota Bheem Himalayan Tour,Movie,Kids,Hindi,85
E13739,U1182,C157,complete,2026-01-06,Smart TV,37,1,26-35,Female,Bengaluru,Karnataka,Premium,Startup Founders Blueprint,Show,News,English,40
E13740,U1187,C122,pause,2026-01-27,Smart TV,8,0,26-35,Female,Ahmedabad,Gujarat,Premium,Taarak Laugh Fest Episodes,Show,Comedy,Hindi,22
E13741,U1340,C103,pause,2026-01-20,Smart TV,46,0,18-25,Male,Kolkata,West Bengal,Premium,Premier League Weekly Showdown,Sports,Sports,English,60
E13742,U1270,C102,pause,2026-01-20,Smart TV,64,0,18-25,Male,Delhi,Delhi,VIP,IPL Mega Auction Live Replay,Sports,Sports,Hindi,90
E13743,U1178,C139,pause,2026-03-01,Mobile,24,0,26-35,Female,Chennai,Tamil Nadu,VIP,Bigg Boss Telugu Live,Show,Reality,Telugu,60
E13744,U1101,C137,pause,2026-02-18,Mobile,33,0,26-35,Male,Delhi,Delhi,VIP,Bigg Boss All-Stars Hindi,Show,Reality,Hindi,60
E13745,U1597,C109,pause,2026-01-13,Mobile,21,0,36-45,Female,Mumbai,Maharashtra,VIP,Special Ops: Desert Falcon,Series,Drama,Hindi,45
E13746,U1065,C123,complete,2026-02-23,Smart TV,24,1,36-45,Male,Delhi,Delhi,Free,Sarabhai Classic Revival,Series,Comedy,Hindi,25
E13747,U1313,C116,pause,2026-01-17,Mobile,10,0,26-35,Female,Delhi,Delhi,Free,Kolkata Love Diary,Movie,Drama,Bengali,125
E13748,U1506,C105,pause,2026-01-04,Mobile,17,0,36-45,Male,Kolkata,West Bengal,Premium,Pro Kabaddi League Finals,Sports,Sports,Tamil,70
E13749,U1748,C112,complete,2026-01-03,Tablet,48,1,26-35,Female,Chennai,Tamil Nadu,VIP,City of Dreams: The Succession,Series,Drama,Hindi,50
E13750,U1506,C129,complete,2026-01-26,Smart TV,152,1,36-45,Male,Kolkata,West Bengal,Premium,Tiger Underground Strike,Movie,Action,Hindi,155
E13751,U1475,C109,complete,2026-01-26,Mobile,42,1,26-35,Male,Bengaluru,Karnataka,Free,Special Ops: Desert Falcon,Series,Drama,Hindi,45
E13752,U1148,C108,complete,2026-02-19,Smart TV,57,1,26-35,Female,Delhi,Delhi,VIP,ISL Football Clash of Titans,Sports,Sports,Bengali,60
E13753,U1510,C101,complete,2026-02-09,Smart TV,41,1,26-35,Male,Chennai,Tamil Nadu,Premium,IND vs AUS T20 Cup Highlights,Sports,Sports,Hindi,45
E13754,U1227,C151,complete,2026-01-18,Tablet,29,1,18-25,Female,Pune,Maharashtra,VIP,Daily Headlines 360,News,News,Hindi,30
E13755,U1069,C159,complete,2026-01-18,Smart TV,23,1,36-45,Female,Ahmedabad,Gujarat,Premium,Bengal Morning Bulletin,News,News,Bengali,25
E13756,U1312,C117,pause,2026-02-08,Mobile,4,0,26-35,Female,Chennai,Tamil Nadu,VIP,Ghar Ek Mandir Classic,Show,Drama,Marathi,24
E13757,U1602,C106,complete,2026-01-26,Mobile,55,1,26-35,Female,Mumbai,Maharashtra,Premium,WPL T20 Blockbuster Match,Sports,Sports,Hindi,60
E13758,U1034,C106,complete,2026-01-19,Mobile,59,1,26-35,Male,Hyderabad,Telangana,Free,WPL T20 Blockbuster Match,Sports,Sports,Hindi,60
E13759,U1023,C117,pause,2026-01-24,Mobile,13,0,36-45,Male,Kolkata,West Bengal,VIP,Ghar Ek Mandir Classic,Show,Drama,Marathi,24
E13760,U1051,C116,complete,2026-03-01,Smart TV,115,1,26-35,Female,Chennai,Tamil Nadu,Free,Kolkata Love Diary,Movie,Drama,Bengali,125
E13761,U1391,C132,complete,2026-01-22,Smart TV,41,1,46+,Other,Pune,Maharashtra,VIP,Commando Force Mumbai,Series,Action,Hindi,42
E13762,U1044,C118,pause,2026-02-07,Mobile,6,0,18-25,Female,Ahmedabad,Gujarat,Free,Kerala Waterfront Mystery,Series,Drama,Malayalam,48
E13763,U1085,C125,complete,2026-01-03,Mobile,38,1,26-35,Male,Delhi,Delhi,Free,Chennai Roast Arena,Show,Comedy,Tamil,40
E13764,U1444,C117,complete,2026-01-26,Mobile,21,1,46+,Female,Bengaluru,Karnataka,VIP,Ghar Ek Mandir Classic,Show,Drama,Marathi,24
E13765,U1463,C142,pause,2026-01-01,Web,11,0,26-35,Female,Bengaluru,Karnataka,Free,Master Chef Kitchen Wars,Show,Reality,Hindi,45
E13766,U1100,C141,pause,2026-01-26,Mobile,11,0,26-35,Female,Bengaluru,Karnataka,Free,Shark Pitch India S4,Show,Reality,Hindi,55
E13767,U1131,C103,complete,2026-01-24,Web,54,1,18-25,Male,Ahmedabad,Gujarat,Free,Premier League Weekly Showdown,Sports,Sports,English,60
E13768,U1025,C152,pause,2026-01-10,Web,15,0,26-35,Female,Jaipur,Rajasthan,Free,Global Tech & Economy Report,News,News,English,25
E13769,U1287,C117,complete,2026-01-08,Smart TV,22,1,18-25,Female,Lucknow,Uttar Pradesh,Free,Ghar Ek Mandir Classic,Show,Drama,Marathi,24
E13770,U1458,C110,complete,2026-01-17,Smart TV,22,1,36-45,Female,Bengaluru,Karnataka,Free,Anupama: New Beginnings,Show,Drama,Hindi,25
E13771,U1345,C140,pause,2026-01-07,Mobile,24,0,26-35,Male,Pune,Maharashtra,VIP,Dance India Dance Championship,Show,Reality,Hindi,50
E13772,U1615,C141,pause,2026-02-12,Smart TV,40,0,18-25,Female,Kolkata,West Bengal,VIP,Shark Pitch India S4,Show,Reality,Hindi,55
E13773,U1514,C106,play,2026-01-14,Mobile,21,0,26-35,Male,Kolkata,West Bengal,Premium,WPL T20 Blockbuster Match,Sports,Sports,Hindi,60
E13774,U1213,C156,complete,2026-02-18,Mobile,40,1,18-25,Female,Delhi,Delhi,Free,Cricket Icons: The Untold Story,Show,News,Hindi,45
E13775,U1044,C104,pause,2026-01-01,Web,21,0,18-25,Female,Ahmedabad,Gujarat,Free,IND vs ENG Test Day 3 Highlights,Sports,Sports,English,50
E13776,U1711,C115,pause,2026-01-29,Mobile,6,0,18-25,Male,Bengaluru,Karnataka,VIP,Bengal Courtroom Secrets,Series,Drama,Bengali,40
E13777,U1662,C135,pause,2026-02-06,Mobile,47,0,18-25,Female,Mumbai,Maharashtra,VIP,Fighter Wing Alpha,Movie,Action,Hindi,145
E13778,U1565,C141,pause,2026-02-22,Web,19,0,26-35,Male,Hyderabad,Telangana,VIP,Shark Pitch India S4,Show,Reality,Hindi,55
E13779,U1381,C125,complete,2026-02-21,Mobile,37,1,26-35,Male,Hyderabad,Telangana,Premium,Chennai Roast Arena,Show,Comedy,Tamil,40
E13780,U1270,C148,pause,2026-01-21,Mobile,11,0,18-25,Male,Delhi,Delhi,VIP,Doraemon Magic Gadgets,Series,Kids,Hindi,20
E13781,U1504,C122,complete,2026-01-02,Mobile,21,1,36-45,Male,Delhi,Delhi,VIP,Taarak Laugh Fest Episodes,Show,Comedy,Hindi,22
E13782,U1153,C144,complete,2026-02-07,Web,43,1,18-25,Male,Delhi,Delhi,Premium,Koffee Spotlight Lounge,Show,Reality,English,45
E13783,U1465,C156,pause,2026-02-15,Mobile,8,0,26-35,Female,Mumbai,Maharashtra,Premium,Cricket Icons: The Untold Story,Show,News,Hindi,45
E13784,U1158,C139,complete,2026-02-10,Tablet,55,1,26-35,Female,Lucknow,Uttar Pradesh,VIP,Bigg Boss Telugu Live,Show,Reality,Telugu,60
E13785,U1304,C112,pause,2026-02-21,Mobile,9,0,36-45,Female,Bengaluru,Karnataka,Free,City of Dreams: The Succession,Series,Drama,Hindi,50
E13786,U1342,C109,pause,2026-01-26,Mobile,4,0,26-35,Male,Delhi,Delhi,Free,Special Ops: Desert Falcon,Series,Drama,Hindi,45
E13787,U1169,C136,complete,2026-01-26,Mobile,114,1,36-45,Female,Kolkata,West Bengal,Free,Speed Street Heist,Movie,Action,English,120
E13788,U1489,C112,complete,2026-01-03,Smart TV,46,1,26-35,Female,Kolkata,West Bengal,Free,City of Dreams: The Succession,Series,Drama,Hindi,50
E13789,U1295,C112,pause,2026-02-08,Mobile,27,0,18-25,Male,Bengaluru,Karnataka,VIP,City of Dreams: The Succession,Series,Drama,Hindi,50
E13790,U1224,C128,pause,2026-02-02,Smart TV,82,0,36-45,Male,Delhi,Delhi,VIP,College Boys Chaos,Movie,Comedy,Hindi,115
E13791,U1179,C103,pause,2026-01-04,Mobile,16,0,18-25,Female,Bengaluru,Karnataka,VIP,Premier League Weekly Showdown,Sports,Sports,English,60
E13792,U1694,C121,play,2026-02-18,Mobile,10,0,18-25,Female,Delhi,Delhi,Premium,The Great Indian Comedy Lab,Show,Comedy,Hindi,35
E13793,U1651,C134,play,2026-02-22,Mobile,48,0,46+,Female,Kochi,Kerala,VIP,Night Hunter Squad,Movie,Action,English,130
E13794,U1743,C102,complete,2026-01-29,Mobile,88,1,18-25,Female,Delhi,Delhi,VIP,IPL Mega Auction Live Replay,Sports,Sports,Hindi,90
E13795,U1069,C137,complete,2026-02-09,Mobile,54,1,36-45,Female,Ahmedabad,Gujarat,Premium,Bigg Boss All-Stars Hindi,Show,Reality,Hindi,60
E13796,U1015,C149,complete,2026-02-21,Mobile,19,1,26-35,Female,Pune,Maharashtra,Free,Shinchan Laugh Club,Series,Kids,Tamil,20
E13797,U1272,C143,complete,2026-02-12,Mobile,41,1,36-45,Female,Bengaluru,Karnataka,Premium,Roadies Quest,Show,Reality,Hindi,45
E13798,U1505,C113,complete,2026-01-22,Smart TV,135,1,18-25,Female,Hyderabad,Telangana,VIP,Kaithi Revenge Chronicles,Movie,Drama,Tamil,140
E13799,U1284,C106,complete,2026-01-02,Smart TV,58,1,18-25,Female,Bengaluru,Karnataka,Free,WPL T20 Blockbuster Match,Sports,Sports,Hindi,60
E13800,U1620,C138,play,2026-01-20,Mobile,31,0,26-35,Female,Delhi,Delhi,Premium,Bigg Boss Tamil Season 8,Show,Reality,Tamil,60
E13801,U1466,C141,complete,2026-01-23,Smart TV,51,1,36-45,Male,Ahmedabad,Gujarat,Free,Shark Pitch India S4,Show,Reality,Hindi,55
E13802,U1148,C117,play,2026-01-16,Mobile,7,0,26-35,Female,Delhi,Delhi,VIP,Ghar Ek Mandir Classic,Show,Drama,Marathi,24
E13803,U1067,C120,play,2026-01-10,Tablet,26,0,18-25,Female,Jaipur,Rajasthan,VIP,Succession Politics India,Series,Drama,Hindi,45
E13804,U1199,C123,play,2026-02-05,Smart TV,6,0,36-45,Male,Bengaluru,Karnataka,Free,Sarabhai Classic Revival,Series,Comedy,Hindi,25
E13805,U1621,C143,complete,2026-02-23,Mobile,43,1,18-25,Male,Bengaluru,Karnataka,VIP,Roadies Quest,Show,Reality,Hindi,45
E13806,U1467,C144,complete,2026-01-06,Smart TV,42,1,18-25,Male,Bengaluru,Karnataka,Free,Koffee Spotlight Lounge,Show,Reality,English,45
E13807,U1187,C103,complete,2026-02-20,Web,57,1,26-35,Female,Ahmedabad,Gujarat,Premium,Premier League Weekly Showdown,Sports,Sports,English,60
E13808,U1084,C139,complete,2026-01-28,Web,59,1,46+,Female,Hyderabad,Telangana,VIP,Bigg Boss Telugu Live,Show,Reality,Telugu,60
E13809,U1004,C116,complete,2026-01-21,Smart TV,115,1,26-35,Female,Bengaluru,Karnataka,Free,Kolkata Love Diary,Movie,Drama,Bengali,125
E13810,U1353,C105,complete,2026-01-02,Web,63,1,18-25,Female,Hyderabad,Telangana,Free,Pro Kabaddi League Finals,Sports,Sports,Tamil,70
E13811,U1297,C142,complete,2026-02-18,Smart TV,44,1,26-35,Male,Pune,Maharashtra,VIP,Master Chef Kitchen Wars,Show,Reality,Hindi,45
E13812,U1191,C113,pause,2026-01-07,Mobile,59,0,26-35,Female,Bengaluru,Karnataka,VIP,Kaithi Revenge Chronicles,Movie,Drama,Tamil,140
E13813,U1702,C134,complete,2026-02-24,Smart TV,123,1,18-25,Female,Chennai,Tamil Nadu,VIP,Night Hunter Squad,Movie,Action,English,130
E13814,U1662,C130,play,2026-01-07,Mobile,52,0,18-25,Female,Mumbai,Maharashtra,VIP,Vikram: Shadow Commander,Movie,Action,Tamil,165
E13815,U1553,C158,pause,2026-01-09,Mobile,16,0,18-25,Male,Hyderabad,Telangana,VIP,State Express News Tamil,News,News,Tamil,30
E13816,U1458,C143,complete,2026-01-25,Mobile,44,1,36-45,Female,Bengaluru,Karnataka,Free,Roadies Quest,Show,Reality,Hindi,45
E13817,U1742,C101,pause,2026-02-19,Smart TV,31,0,18-25,Male,Mumbai,Maharashtra,VIP,IND vs AUS T20 Cup Highlights,Sports,Sports,Hindi,45
E13818,U1569,C103,complete,2026-02-07,Mobile,54,1,26-35,Male,Mumbai,Maharashtra,Premium,Premier League Weekly Showdown,Sports,Sports,English,60
E13819,U1350,C128,pause,2026-01-06,Smart TV,76,0,26-35,Female,Mumbai,Maharashtra,Free,College Boys Chaos,Movie,Comedy,Hindi,115
E13820,U1097,C104,complete,2026-02-02,Mobile,48,1,26-35,Male,Delhi,Delhi,Premium,IND vs ENG Test Day 3 Highlights,Sports,Sports,English,50
E13821,U1097,C139,complete,2026-02-23,Mobile,59,1,26-35,Male,Delhi,Delhi,Premium,Bigg Boss Telugu Live,Show,Reality,Telugu,60
E13822,U1435,C102,play,2026-02-24,Smart TV,70,0,18-25,Male,Bengaluru,Karnataka,Free,IPL Mega Auction Live Replay,Sports,Sports,Hindi,90
E13823,U1304,C105,complete,2026-02-12,Smart TV,63,1,36-45,Female,Bengaluru,Karnataka,Free,Pro Kabaddi League Finals,Sports,Sports,Tamil,70
E13824,U1190,C105,pause,2026-02-10,Smart TV,32,0,18-25,Male,Mumbai,Maharashtra,Premium,Pro Kabaddi League Finals,Sports,Sports,Tamil,70
E13825,U1744,C144,pause,2026-01-09,Web,23,0,26-35,Male,Mumbai,Maharashtra,Premium,Koffee Spotlight Lounge,Show,Reality,English,45
E13826,U1085,C103,pause,2026-01-14,Tablet,40,0,26-35,Male,Delhi,Delhi,Free,Premier League Weekly Showdown,Sports,Sports,English,60
E13827,U1569,C125,pause,2026-02-10,Tablet,7,0,26-35,Male,Mumbai,Maharashtra,Premium,Chennai Roast Arena,Show,Comedy,Tamil,40
E13828,U1473,C157,complete,2026-01-17,Mobile,36,1,18-25,Female,Bengaluru,Karnataka,Free,Startup Founders Blueprint,Show,News,English,40
E13829,U1581,C136,complete,2026-01-21,Mobile,114,1,46+,Male,Ahmedabad,Gujarat,VIP,Speed Street Heist,Movie,Action,English,120
E13830,U1686,C131,pause,2026-01-16,Mobile,47,0,26-35,Female,Chennai,Tamil Nadu,Premium,Devara Storm Rising,Movie,Action,Telugu,160
E13831,U1101,C140,play,2026-01-22,Smart TV,32,0,26-35,Male,Delhi,Delhi,VIP,Dance India Dance Championship,Show,Reality,Hindi,50
E13832,U1097,C147,play,2026-02-28,Mobile,9,0,26-35,Male,Delhi,Delhi,Premium,Little Singham Rescue Mission,Series,Kids,Hindi,20
E13833,U1067,C117,complete,2026-02-24,Smart TV,22,1,18-25,Female,Jaipur,Rajasthan,VIP,Ghar Ek Mandir Classic,Show,Drama,Marathi,24
E13834,U1469,C114,play,2026-01-27,Web,12,0,26-35,Male,Mumbai,Maharashtra,VIP,Telugu Royal Heritage,Series,Drama,Telugu,45
E13835,U1578,C110,complete,2026-02-21,Smart TV,24,1,26-35,Male,Kolkata,West Bengal,Free,Anupama: New Beginnings,Show,Drama,Hindi,25
E13836,U1694,C132,pause,2026-02-26,Smart TV,18,0,18-25,Female,Delhi,Delhi,Premium,Commando Force Mumbai,Series,Action,Hindi,42
E13837,U1077,C113,complete,2026-01-02,Tablet,131,1,18-25,Male,Ahmedabad,Gujarat,Premium,Kaithi Revenge Chronicles,Movie,Drama,Tamil,140
E13838,U1459,C125,pause,2026-02-14,Mobile,4,0,36-45,Female,Mumbai,Maharashtra,VIP,Chennai Roast Arena,Show,Comedy,Tamil,40
E13839,U1262,C135,complete,2026-01-25,Smart TV,139,1,36-45,Male,Ahmedabad,Gujarat,Free,Fighter Wing Alpha,Movie,Action,Hindi,145
E13840,U1536,C106,pause,2026-01-23,Mobile,23,0,18-25,Male,Mumbai,Maharashtra,Free,WPL T20 Blockbuster Match,Sports,Sports,Hindi,60
E13841,U1438,C136,play,2026-01-30,Mobile,66,0,18-25,Male,Hyderabad,Telangana,VIP,Speed Street Heist,Movie,Action,English,120
E13842,U1115,C118,pause,2026-01-10,Web,15,0,26-35,Female,Bengaluru,Karnataka,VIP,Kerala Waterfront Mystery,Series,Drama,Malayalam,48
E13843,U1129,C124,pause,2026-02-12,Mobile,10,0,26-35,Male,Ahmedabad,Gujarat,Premium,Standup Special: Bangalore Humor,Show,Comedy,English,65
E13844,U1467,C128,play,2026-02-20,Mobile,50,0,18-25,Male,Bengaluru,Karnataka,Free,College Boys Chaos,Movie,Comedy,Hindi,115
E13845,U1433,C130,play,2026-01-05,Mobile,60,0,18-25,Male,Kochi,Kerala,Premium,Vikram: Shadow Commander,Movie,Action,Tamil,165
E13846,U1430,C133,pause,2026-01-05,Mobile,10,0,46+,Female,Bengaluru,Karnataka,Premium,Rudra: The Edge of Darkness,Series,Action,Hindi,48
E13847,U1365,C108,play,2026-01-28,Mobile,4,0,18-25,Female,Delhi,Delhi,VIP,ISL Football Clash of Titans,Sports,Sports,Bengali,60
E13848,U1101,C115,complete,2026-01-07,Tablet,37,1,26-35,Male,Delhi,Delhi,VIP,Bengal Courtroom Secrets,Series,Drama,Bengali,40
E13849,U1111,C152,pause,2026-01-01,Mobile,4,0,18-25,Male,Mumbai,Maharashtra,VIP,Global Tech & Economy Report,News,News,English,25
E13850,U1413,C116,complete,2026-02-14,Tablet,124,1,18-25,Male,Delhi,Delhi,Free,Kolkata Love Diary,Movie,Drama,Bengali,125
E13851,U1101,C155,pause,2026-01-15,Smart TV,27,0,26-35,Male,Delhi,Delhi,VIP,Wildlife Wonders: Western Ghats,Show,News,English,52
E13852,U1720,C143,complete,2026-02-13,Mobile,44,1,26-35,Male,Chennai,Tamil Nadu,VIP,Roadies Quest,Show,Reality,Hindi,45
E13853,U1545,C125,pause,2026-01-23,Mobile,7,0,26-35,Other,Pune,Maharashtra,Free,Chennai Roast Arena,Show,Comedy,Tamil,40
E13854,U1579,C112,complete,2026-01-01,Mobile,47,1,36-45,Female,Delhi,Delhi,Free,City of Dreams: The Succession,Series,Drama,Hindi,50
E13855,U1040,C120,complete,2026-01-17,Mobile,42,1,18-25,Female,Bengaluru,Karnataka,Free,Succession Politics India,Series,Drama,Hindi,45
E13856,U1627,C103,complete,2026-01-28,Smart TV,57,1,18-25,Female,Pune,Maharashtra,Free,Premier League Weekly Showdown,Sports,Sports,English,60
E13857,U1579,C108,complete,2026-02-16,Mobile,57,1,36-45,Female,Delhi,Delhi,Free,ISL Football Clash of Titans,Sports,Sports,Bengali,60
E13858,U1243,C114,complete,2026-02-26,Smart TV,44,1,26-35,Male,Mumbai,Maharashtra,Free,Telugu Royal Heritage,Series,Drama,Telugu,45
E13859,U1052,C125,play,2026-01-09,Smart TV,27,0,18-25,Male,Hyderabad,Telangana,VIP,Chennai Roast Arena,Show,Comedy,Tamil,40
E13860,U1328,C107,complete,2026-01-29,Smart TV,37,1,26-35,Male,Mumbai,Maharashtra,VIP,Champions Trophy Pre-Show,Sports,Sports,Telugu,40
E13861,U1091,C109,pause,2026-02-27,Mobile,15,0,26-35,Female,Delhi,Delhi,Premium,Special Ops: Desert Falcon,Series,Drama,Hindi,45
E13862,U1130,C111,play,2026-01-22,Mobile,4,0,18-25,Male,Kolkata,West Bengal,VIP,Yeh Rishta: Family Bonds,Show,Drama,Hindi,22
E13863,U1610,C129,play,2026-01-02,Tablet,29,0,18-25,Other,Bengaluru,Karnataka,Premium,Tiger Underground Strike,Movie,Action,Hindi,155
E13864,U1653,C104,play,2026-02-20,Mobile,6,0,18-25,Female,Mumbai,Maharashtra,Free,IND vs ENG Test Day 3 Highlights,Sports,Sports,English,50
E13865,U1325,C117,pause,2026-02-24,Smart TV,8,0,26-35,Male,Kochi,Kerala,Free,Ghar Ek Mandir Classic,Show,Drama,Marathi,24
E13866,U1001,C116,complete,2026-01-07,Web,112,1,26-35,Male,Delhi,Delhi,Free,Kolkata Love Diary,Movie,Drama,Bengali,125
E13867,U1331,C111,complete,2026-01-19,Mobile,21,1,26-35,Female,Mumbai,Maharashtra,VIP,Yeh Rishta: Family Bonds,Show,Drama,Hindi,22
E13868,U1597,C114,complete,2026-02-01,Mobile,43,1,36-45,Female,Mumbai,Maharashtra,VIP,Telugu Royal Heritage,Series,Drama,Telugu,45
E13869,U1306,C106,pause,2026-01-09,Web,11,0,18-25,Female,Delhi,Delhi,Free,WPL T20 Blockbuster Match,Sports,Sports,Hindi,60
E13870,U1220,C105,play,2026-01-27,Mobile,28,0,26-35,Male,Chennai,Tamil Nadu,Free,Pro Kabaddi League Finals,Sports,Sports,Tamil,70
E13871,U1465,C157,pause,2026-02-23,Mobile,18,0,26-35,Female,Mumbai,Maharashtra,Premium,Startup Founders Blueprint,Show,News,English,40
E13872,U1111,C114,complete,2026-02-12,Mobile,41,1,18-25,Male,Mumbai,Maharashtra,VIP,Telugu Royal Heritage,Series,Drama,Telugu,45
E13873,U1599,C127,play,2026-02-11,Mobile,10,0,46+,Male,Kochi,Kerala,Free,Pune Pun Factory,Show,Comedy,Marathi,30
E13874,U1339,C113,complete,2026-02-14,Mobile,126,1,18-25,Female,Chennai,Tamil Nadu,Free,Kaithi Revenge Chronicles,Movie,Drama,Tamil,140
E13875,U1642,C113,complete,2026-02-25,Tablet,130,1,26-35,Female,Kolkata,West Bengal,Premium,Kaithi Revenge Chronicles,Movie,Drama,Tamil,140
E13876,U1514,C130,complete,2026-01-22,Mobile,150,1,26-35,Male,Kolkata,West Bengal,Premium,Vikram: Shadow Commander,Movie,Action,Tamil,165
E13877,U1589,C142,pause,2026-02-15,Mobile,22,0,18-25,Male,Lucknow,Uttar Pradesh,Free,Master Chef Kitchen Wars,Show,Reality,Hindi,45
E13878,U1413,C126,complete,2026-01-18,Mobile,29,1,18-25,Male,Delhi,Delhi,Free,Telugu Comedy Superstars,Show,Comedy,Telugu,30
E13879,U1402,C101,complete,2026-02-21,Mobile,44,1,18-25,Female,Jaipur,Rajasthan,Free,IND vs AUS T20 Cup Highlights,Sports,Sports,Hindi,45
E13880,U1678,C146,pause,2026-02-04,Mobile,28,0,26-35,Female,Ahmedabad,Gujarat,Premium,Motu Patlu Space Adventure,Movie,Kids,Hindi,75
E13881,U1330,C141,complete,2026-01-12,Web,54,1,18-25,Female,Bengaluru,Karnataka,Premium,Shark Pitch India S4,Show,Reality,Hindi,55
E13882,U1461,C146,play,2026-02-12,Mobile,41,0,26-35,Male,Chennai,Tamil Nadu,Premium,Motu Patlu Space Adventure,Movie,Kids,Hindi,75
E13883,U1556,C130,complete,2026-02-06,Mobile,161,1,18-25,Male,Pune,Maharashtra,VIP,Vikram: Shadow Commander,Movie,Action,Tamil,165
E13884,U1305,C114,pause,2026-01-13,Mobile,22,0,18-25,Other,Bengaluru,Karnataka,Free,Telugu Royal Heritage,Series,Drama,Telugu,45
E13885,U1594,C159,complete,2026-02-18,Smart TV,24,1,18-25,Female,Delhi,Delhi,Free,Bengal Morning Bulletin,News,News,Bengali,25
E13886,U1247,C118,play,2026-01-07,Mobile,11,0,18-25,Male,Ahmedabad,Gujarat,Free,Kerala Waterfront Mystery,Series,Drama,Malayalam,48
E13887,U1058,C117,play,2026-02-06,Mobile,12,0,18-25,Male,Lucknow,Uttar Pradesh,Premium,Ghar Ek Mandir Classic,Show,Drama,Marathi,24
E13888,U1355,C152,complete,2026-03-01,Smart TV,23,1,46+,Male,Lucknow,Uttar Pradesh,Free,Global Tech & Economy Report,News,News,English,25
E13889,U1723,C107,complete,2026-02-08,Smart TV,38,1,26-35,Female,Lucknow,Uttar Pradesh,Premium,Champions Trophy Pre-Show,Sports,Sports,Telugu,40
E13890,U1589,C103,complete,2026-02-13,Web,56,1,18-25,Male,Lucknow,Uttar Pradesh,Free,Premier League Weekly Showdown,Sports,Sports,English,60
E13891,U1566,C105,pause,2026-01-15,Mobile,23,0,18-25,Female,Kolkata,West Bengal,Free,Pro Kabaddi League Finals,Sports,Sports,Tamil,70
E13892,U1005,C159,complete,2026-01-08,Mobile,22,1,36-45,Male,Pune,Maharashtra,VIP,Bengal Morning Bulletin,News,News,Bengali,25
E13893,U1566,C138,play,2026-02-24,Smart TV,28,0,18-25,Female,Kolkata,West Bengal,Free,Bigg Boss Tamil Season 8,Show,Reality,Tamil,60
E13894,U1450,C121,play,2026-02-28,Smart TV,21,0,18-25,Female,Ahmedabad,Gujarat,Free,The Great Indian Comedy Lab,Show,Comedy,Hindi,35
E13895,U1593,C143,play,2026-02-13,Mobile,20,0,26-35,Female,Kolkata,West Bengal,Free,Roadies Quest,Show,Reality,Hindi,45
E13896,U1269,C142,pause,2026-02-09,Mobile,25,0,36-45,Male,Kochi,Kerala,VIP,Master Chef Kitchen Wars,Show,Reality,Hindi,45
E13897,U1387,C124,pause,2026-02-06,Mobile,13,0,26-35,Female,Patna,Bihar,VIP,Standup Special: Bangalore Humor,Show,Comedy,English,65
E13898,U1356,C136,pause,2026-01-31,Mobile,43,0,18-25,Male,Hyderabad,Telangana,VIP,Speed Street Heist,Movie,Action,English,120
E13899,U1166,C130,play,2026-02-11,Smart TV,122,0,36-45,Male,Mumbai,Maharashtra,Free,Vikram: Shadow Commander,Movie,Action,Tamil,165
E13900,U1621,C140,pause,2026-02-21,Mobile,20,0,18-25,Male,Bengaluru,Karnataka,VIP,Dance India Dance Championship,Show,Reality,Hindi,50
E13901,U1229,C104,play,2026-02-17,Tablet,23,0,18-25,Female,Mumbai,Maharashtra,Free,IND vs ENG Test Day 3 Highlights,Sports,Sports,English,50
E13902,U1324,C117,complete,2026-01-20,Smart TV,23,1,36-45,Male,Mumbai,Maharashtra,Free,Ghar Ek Mandir Classic,Show,Drama,Marathi,24
E13903,U1584,C142,complete,2026-03-01,Tablet,42,1,46+,Male,Delhi,Delhi,VIP,Master Chef Kitchen Wars,Show,Reality,Hindi,45
E13904,U1602,C110,play,2026-02-03,Mobile,8,0,26-35,Female,Mumbai,Maharashtra,Premium,Anupama: New Beginnings,Show,Drama,Hindi,25
E13905,U1244,C132,complete,2026-02-21,Smart TV,38,1,26-35,Female,Bengaluru,Karnataka,Premium,Commando Force Mumbai,Series,Action,Hindi,42
E13906,U1461,C140,complete,2026-01-29,Tablet,49,1,26-35,Male,Chennai,Tamil Nadu,Premium,Dance India Dance Championship,Show,Reality,Hindi,50
E13907,U1385,C108,complete,2026-02-21,Smart TV,57,1,26-35,Male,Delhi,Delhi,VIP,ISL Football Clash of Titans,Sports,Sports,Bengali,60
E13908,U1423,C117,pause,2026-01-03,Mobile,4,0,26-35,Male,Ahmedabad,Gujarat,Free,Ghar Ek Mandir Classic,Show,Drama,Marathi,24
E13909,U1373,C154,pause,2026-02-13,Mobile,14,0,18-25,Female,Bengaluru,Karnataka,VIP,Elections Ground Pulse,News,News,Hindi,35
E13910,U1633,C121,play,2026-01-21,Mobile,14,0,18-25,Male,Hyderabad,Telangana,VIP,The Great Indian Comedy Lab,Show,Comedy,Hindi,35
E13911,U1502,C133,pause,2026-01-10,Mobile,8,0,18-25,Female,Delhi,Delhi,Free,Rudra: The Edge of Darkness,Series,Action,Hindi,48
E13912,U1130,C137,complete,2026-01-13,Mobile,55,1,18-25,Male,Kolkata,West Bengal,VIP,Bigg Boss All-Stars Hindi,Show,Reality,Hindi,60
E13913,U1307,C130,play,2026-02-16,Mobile,40,0,18-25,Female,Kolkata,West Bengal,Free,Vikram: Shadow Commander,Movie,Action,Tamil,165
E13914,U1127,C104,complete,2026-02-21,Tablet,49,1,26-35,Male,Kolkata,West Bengal,Premium,IND vs ENG Test Day 3 Highlights,Sports,Sports,English,50
E13915,U1297,C107,complete,2026-01-22,Mobile,38,1,26-35,Male,Pune,Maharashtra,VIP,Champions Trophy Pre-Show,Sports,Sports,Telugu,40
E13916,U1610,C112,complete,2026-01-13,Mobile,48,1,18-25,Other,Bengaluru,Karnataka,Premium,City of Dreams: The Succession,Series,Drama,Hindi,50
E13917,U1097,C105,play,2026-01-22,Mobile,15,0,26-35,Male,Delhi,Delhi,Premium,Pro Kabaddi League Finals,Sports,Sports,Tamil,70
E13918,U1671,C129,complete,2026-01-29,Smart TV,144,1,18-25,Male,Delhi,Delhi,VIP,Tiger Underground Strike,Movie,Action,Hindi,155
E13919,U1742,C102,complete,2026-01-31,Tablet,84,1,18-25,Male,Mumbai,Maharashtra,VIP,IPL Mega Auction Live Replay,Sports,Sports,Hindi,90
E13920,U1178,C107,complete,2026-01-24,Tablet,39,1,26-35,Female,Chennai,Tamil Nadu,VIP,Champions Trophy Pre-Show,Sports,Sports,Telugu,40
E13921,U1429,C141,complete,2026-02-05,Smart TV,50,1,26-35,Male,Mumbai,Maharashtra,Free,Shark Pitch India S4,Show,Reality,Hindi,55
E13922,U1429,C150,play,2026-02-18,Smart TV,4,0,26-35,Male,Mumbai,Maharashtra,Free,Super Bheem Galactic Battle,Series,Kids,Telugu,22
E13923,U1594,C143,play,2026-01-11,Mobile,12,0,18-25,Female,Delhi,Delhi,Free,Roadies Quest,Show,Reality,Hindi,45
E13924,U1658,C147,complete,2026-01-02,Mobile,19,1,18-25,Female,Mumbai,Maharashtra,VIP,Little Singham Rescue Mission,Series,Kids,Hindi,20
E13925,U1278,C112,pause,2026-01-17,Mobile,10,0,26-35,Male,Jaipur,Rajasthan,VIP,City of Dreams: The Succession,Series,Drama,Hindi,50
E13926,U1281,C114,play,2026-01-14,Web,5,0,18-25,Male,Bengaluru,Karnataka,Free,Telugu Royal Heritage,Series,Drama,Telugu,45
E13927,U1540,C119,play,2026-01-20,Mobile,19,0,18-25,Male,Kolkata,West Bengal,VIP,The Crown Dynasty Legacy,Series,Drama,English,55
E13928,U1694,C108,complete,2026-01-13,Smart TV,59,1,18-25,Female,Delhi,Delhi,Premium,ISL Football Clash of Titans,Sports,Sports,Bengali,60
E13929,U1438,C130,pause,2026-02-14,Mobile,15,0,18-25,Male,Hyderabad,Telangana,VIP,Vikram: Shadow Commander,Movie,Action,Tamil,165
E13930,U1562,C110,play,2026-01-28,Smart TV,20,0,26-35,Male,Kochi,Kerala,Free,Anupama: New Beginnings,Show,Drama,Hindi,25
E13931,U1672,C128,pause,2026-01-24,Mobile,17,0,26-35,Male,Delhi,Delhi,VIP,College Boys Chaos,Movie,Comedy,Hindi,115
E13932,U1711,C135,pause,2026-02-28,Mobile,55,0,18-25,Male,Bengaluru,Karnataka,VIP,Fighter Wing Alpha,Movie,Action,Hindi,145
E13933,U1353,C149,complete,2026-01-03,Mobile,18,1,18-25,Female,Hyderabad,Telangana,Free,Shinchan Laugh Club,Series,Kids,Tamil,20
E13934,U1034,C129,complete,2026-01-28,Mobile,140,1,26-35,Male,Hyderabad,Telangana,Free,Tiger Underground Strike,Movie,Action,Hindi,155
E13935,U1454,C146,complete,2026-02-05,Web,72,1,18-25,Other,Bengaluru,Karnataka,Free,Motu Patlu Space Adventure,Movie,Kids,Hindi,75
E13936,U1494,C136,pause,2026-02-23,Smart TV,65,0,36-45,Female,Mumbai,Maharashtra,Free,Speed Street Heist,Movie,Action,English,120
E13937,U1048,C130,complete,2026-01-10,Smart TV,159,1,36-45,Male,Kolkata,West Bengal,VIP,Vikram: Shadow Commander,Movie,Action,Tamil,165
E13938,U1072,C143,play,2026-01-03,Mobile,7,0,18-25,Female,Mumbai,Maharashtra,Free,Roadies Quest,Show,Reality,Hindi,45
E13939,U1654,C147,complete,2026-01-30,Mobile,18,1,18-25,Male,Mumbai,Maharashtra,VIP,Little Singham Rescue Mission,Series,Kids,Hindi,20
E13940,U1339,C111,complete,2026-02-05,Mobile,20,1,18-25,Female,Chennai,Tamil Nadu,Free,Yeh Rishta: Family Bonds,Show,Drama,Hindi,22
E13941,U1238,C138,complete,2026-02-05,Mobile,54,1,26-35,Male,Kolkata,West Bengal,Premium,Bigg Boss Tamil Season 8,Show,Reality,Tamil,60
E13942,U1700,C103,complete,2026-02-23,Mobile,57,1,36-45,Male,Delhi,Delhi,Premium,Premier League Weekly Showdown,Sports,Sports,English,60
E13943,U1531,C138,play,2026-02-05,Tablet,12,0,36-45,Female,Hyderabad,Telangana,VIP,Bigg Boss Tamil Season 8,Show,Reality,Tamil,60
E13944,U1033,C112,pause,2026-02-17,Mobile,16,0,26-35,Male,Chennai,Tamil Nadu,VIP,City of Dreams: The Succession,Series,Drama,Hindi,50
E13945,U1668,C123,play,2026-02-11,Mobile,12,0,18-25,Male,Kochi,Kerala,Free,Sarabhai Classic Revival,Series,Comedy,Hindi,25
E13946,U1325,C142,complete,2026-02-28,Mobile,43,1,26-35,Male,Kochi,Kerala,Free,Master Chef Kitchen Wars,Show,Reality,Hindi,45
E13947,U1618,C115,complete,2026-02-14,Mobile,38,1,18-25,Male,Pune,Maharashtra,VIP,Bengal Courtroom Secrets,Series,Drama,Bengali,40
E13948,U1178,C123,complete,2026-02-21,Web,23,1,26-35,Female,Chennai,Tamil Nadu,VIP,Sarabhai Classic Revival,Series,Comedy,Hindi,25
E13949,U1536,C131,play,2026-01-28,Mobile,49,0,18-25,Male,Mumbai,Maharashtra,Free,Devara Storm Rising,Movie,Action,Telugu,160
E13950,U1057,C147,pause,2026-01-20,Mobile,11,0,18-25,Female,Chennai,Tamil Nadu,Free,Little Singham Rescue Mission,Series,Kids,Hindi,20
E13951,U1107,C125,complete,2026-01-10,Smart TV,39,1,36-45,Male,Mumbai,Maharashtra,Free,Chennai Roast Arena,Show,Comedy,Tamil,40
E13952,U1673,C136,pause,2026-01-02,Mobile,32,0,26-35,Male,Pune,Maharashtra,VIP,Speed Street Heist,Movie,Action,English,120
E13953,U1001,C107,pause,2026-01-25,Mobile,22,0,26-35,Male,Delhi,Delhi,Free,Champions Trophy Pre-Show,Sports,Sports,Telugu,40
E13954,U1554,C118,play,2026-02-11,Mobile,5,0,26-35,Female,Jaipur,Rajasthan,Free,Kerala Waterfront Mystery,Series,Drama,Malayalam,48
E13955,U1302,C113,pause,2026-01-10,Mobile,69,0,18-25,Male,Mumbai,Maharashtra,Free,Kaithi Revenge Chronicles,Movie,Drama,Tamil,140
E13956,U1356,C125,play,2026-01-09,Web,21,0,18-25,Male,Hyderabad,Telangana,VIP,Chennai Roast Arena,Show,Comedy,Tamil,40
E13957,U1425,C116,play,2026-02-20,Tablet,34,0,18-25,Male,Bengaluru,Karnataka,VIP,Kolkata Love Diary,Movie,Drama,Bengali,125
E13958,U1012,C129,pause,2026-02-03,Mobile,64,0,18-25,Male,Hyderabad,Telangana,VIP,Tiger Underground Strike,Movie,Action,Hindi,155
E13959,U1335,C150,complete,2026-02-16,Mobile,20,1,18-25,Male,Bengaluru,Karnataka,Free,Super Bheem Galactic Battle,Series,Kids,Telugu,22
E13960,U1523,C123,complete,2026-01-30,Web,22,1,26-35,Female,Delhi,Delhi,Free,Sarabhai Classic Revival,Series,Comedy,Hindi,25
E13961,U1494,C138,pause,2026-01-28,Mobile,6,0,36-45,Female,Mumbai,Maharashtra,Free,Bigg Boss Tamil Season 8,Show,Reality,Tamil,60
E13962,U1728,C129,pause,2026-02-28,Smart TV,69,0,26-35,Male,Jaipur,Rajasthan,Free,Tiger Underground Strike,Movie,Action,Hindi,155
E13963,U1217,C103,play,2026-02-06,Mobile,7,0,18-25,Male,Patna,Bihar,Free,Premier League Weekly Showdown,Sports,Sports,English,60
E13964,U1696,C102,play,2026-01-02,Mobile,29,0,26-35,Female,Delhi,Delhi,Free,IPL Mega Auction Live Replay,Sports,Sports,Hindi,90
E13965,U1554,C101,pause,2026-02-13,Mobile,10,0,26-35,Female,Jaipur,Rajasthan,Free,IND vs AUS T20 Cup Highlights,Sports,Sports,Hindi,45
E13966,U1579,C132,pause,2026-02-13,Smart TV,5,0,36-45,Female,Delhi,Delhi,Free,Commando Force Mumbai,Series,Action,Hindi,42
E13967,U1117,C147,pause,2026-02-11,Mobile,9,0,18-25,Male,Delhi,Delhi,Premium,Little Singham Rescue Mission,Series,Kids,Hindi,20
E13968,U1352,C136,play,2026-01-28,Smart TV,70,0,26-35,Male,Mumbai,Maharashtra,Free,Speed Street Heist,Movie,Action,English,120
E13969,U1238,C144,play,2026-01-23,Tablet,11,0,26-35,Male,Kolkata,West Bengal,Premium,Koffee Spotlight Lounge,Show,Reality,English,45
E13970,U1104,C134,pause,2026-01-04,Smart TV,39,0,18-25,Male,Mumbai,Maharashtra,Free,Night Hunter Squad,Movie,Action,English,130
E13971,U1207,C118,pause,2026-02-20,Mobile,8,0,26-35,Male,Pune,Maharashtra,Premium,Kerala Waterfront Mystery,Series,Drama,Malayalam,48
E13972,U1594,C143,pause,2026-02-19,Mobile,7,0,18-25,Female,Delhi,Delhi,Free,Roadies Quest,Show,Reality,Hindi,45
E13973,U1740,C140,pause,2026-02-06,Web,28,0,26-35,Female,Mumbai,Maharashtra,Premium,Dance India Dance Championship,Show,Reality,Hindi,50
E13974,U1587,C136,play,2026-02-19,Mobile,54,0,18-25,Male,Hyderabad,Telangana,VIP,Speed Street Heist,Movie,Action,English,120
E13975,U1690,C143,play,2026-01-20,Mobile,5,0,36-45,Female,Delhi,Delhi,VIP,Roadies Quest,Show,Reality,Hindi,45
E13976,U1454,C102,complete,2026-02-03,Mobile,87,1,18-25,Other,Bengaluru,Karnataka,Free,IPL Mega Auction Live Replay,Sports,Sports,Hindi,90
E13977,U1386,C111,complete,2026-02-22,Smart TV,19,1,46+,Female,Kolkata,West Bengal,Free,Yeh Rishta: Family Bonds,Show,Drama,Hindi,22
E13978,U1601,C124,pause,2026-01-17,Mobile,27,0,46+,Male,Ahmedabad,Gujarat,VIP,Standup Special: Bangalore Humor,Show,Comedy,English,65
E13979,U1246,C128,complete,2026-01-24,Smart TV,105,1,18-25,Male,Chennai,Tamil Nadu,Free,College Boys Chaos,Movie,Comedy,Hindi,115
E13980,U1581,C113,play,2026-01-06,Tablet,23,0,46+,Male,Ahmedabad,Gujarat,VIP,Kaithi Revenge Chronicles,Movie,Drama,Tamil,140
E13981,U1529,C103,complete,2026-01-05,Smart TV,58,1,46+,Male,Bengaluru,Karnataka,Free,Premier League Weekly Showdown,Sports,Sports,English,60
E13982,U1721,C110,play,2026-02-16,Smart TV,14,0,46+,Male,Delhi,Delhi,Free,Anupama: New Beginnings,Show,Drama,Hindi,25
E13983,U1238,C108,complete,2026-01-27,Mobile,58,1,26-35,Male,Kolkata,West Bengal,Premium,ISL Football Clash of Titans,Sports,Sports,Bengali,60
E13984,U1079,C134,pause,2026-01-18,Mobile,57,0,46+,Male,Kochi,Kerala,Free,Night Hunter Squad,Movie,Action,English,130
E13985,U1530,C143,pause,2026-02-24,Mobile,23,0,18-25,Female,Hyderabad,Telangana,Premium,Roadies Quest,Show,Reality,Hindi,45
E13986,U1316,C106,pause,2026-01-22,Smart TV,36,0,18-25,Male,Bengaluru,Karnataka,VIP,WPL T20 Blockbuster Match,Sports,Sports,Hindi,60
E13987,U1642,C112,play,2026-01-31,Web,19,0,26-35,Female,Kolkata,West Bengal,Premium,City of Dreams: The Succession,Series,Drama,Hindi,50
E13988,U1694,C127,play,2026-02-21,Mobile,16,0,18-25,Female,Delhi,Delhi,Premium,Pune Pun Factory,Show,Comedy,Marathi,30
E13989,U1208,C156,pause,2026-01-01,Mobile,9,0,26-35,Female,Ahmedabad,Gujarat,Free,Cricket Icons: The Untold Story,Show,News,Hindi,45
E13990,U1218,C129,pause,2026-01-17,Web,58,0,36-45,Male,Bengaluru,Karnataka,VIP,Tiger Underground Strike,Movie,Action,Hindi,155
E13991,U1520,C158,complete,2026-01-30,Web,28,1,26-35,Male,Bengaluru,Karnataka,VIP,State Express News Tamil,News,News,Tamil,30
E13992,U1126,C114,complete,2026-02-09,Mobile,44,1,26-35,Male,Bengaluru,Karnataka,Premium,Telugu Royal Heritage,Series,Drama,Telugu,45
E13993,U1628,C107,play,2026-02-03,Mobile,11,0,36-45,Male,Mumbai,Maharashtra,VIP,Champions Trophy Pre-Show,Sports,Sports,Telugu,40
E13994,U1494,C120,pause,2026-01-18,Tablet,32,0,36-45,Female,Mumbai,Maharashtra,Free,Succession Politics India,Series,Drama,Hindi,45
E13995,U1244,C110,complete,2026-01-18,Mobile,22,1,26-35,Female,Bengaluru,Karnataka,Premium,Anupama: New Beginnings,Show,Drama,Hindi,25
E13996,U1003,C149,complete,2026-02-14,Web,19,1,18-25,Male,Chennai,Tamil Nadu,Free,Shinchan Laugh Club,Series,Kids,Tamil,20
E13997,U1741,C118,complete,2026-02-08,Web,44,1,26-35,Male,Kolkata,West Bengal,Free,Kerala Waterfront Mystery,Series,Drama,Malayalam,48
E13998,U1331,C136,pause,2026-01-17,Mobile,68,0,26-35,Female,Mumbai,Maharashtra,VIP,Speed Street Heist,Movie,Action,English,120
E13999,U1286,C110,complete,2026-02-23,Smart TV,24,1,26-35,Female,Delhi,Delhi,VIP,Anupama: New Beginnings,Show,Drama,Hindi,25
E14000,U1731,C112,play,2026-01-23,Mobile,14,0,46+,Male,Mumbai,Maharashtra,VIP,City of Dreams: The Succession,Series,Drama,Hindi,50
E14001,U1306,C149,pause,2026-02-15,Mobile,7,0,18-25,Female,Delhi,Delhi,Free,Shinchan Laugh Club,Series,Kids,Tamil,20
E14002,U1091,C149,complete,2026-01-30,Web,19,1,26-35,Female,Delhi,Delhi,Premium,Shinchan Laugh Club,Series,Kids,Tamil,20
E14003,U1017,C119,play,2026-01-07,Smart TV,41,0,36-45,Male,Hyderabad,Telangana,Free,The Crown Dynasty Legacy,Series,Drama,English,55
E14004,U1286,C105,pause,2026-01-14,Mobile,15,0,26-35,Female,Delhi,Delhi,VIP,Pro Kabaddi League Finals,Sports,Sports,Tamil,70
E14005,U1632,C154,play,2026-02-01,Mobile,14,0,18-25,Male,Chennai,Tamil Nadu,Free,Elections Ground Pulse,News,News,Hindi,35
E14006,U1043,C118,complete,2026-02-25,Smart TV,45,1,26-35,Male,Delhi,Delhi,Free,Kerala Waterfront Mystery,Series,Drama,Malayalam,48
E14007,U1269,C107,pause,2026-02-04,Mobile,5,0,36-45,Male,Kochi,Kerala,VIP,Champions Trophy Pre-Show,Sports,Sports,Telugu,40
E14008,U1536,C123,play,2026-01-04,Web,9,0,18-25,Male,Mumbai,Maharashtra,Free,Sarabhai Classic Revival,Series,Comedy,Hindi,25
E14009,U1679,C118,play,2026-01-22,Mobile,12,0,46+,Female,Lucknow,Uttar Pradesh,VIP,Kerala Waterfront Mystery,Series,Drama,Malayalam,48
E14010,U1389,C116,complete,2026-01-06,Mobile,122,1,26-35,Female,Kolkata,West Bengal,Premium,Kolkata Love Diary,Movie,Drama,Bengali,125
E14011,U1397,C102,complete,2026-01-22,Smart TV,85,1,26-35,Male,Mumbai,Maharashtra,VIP,IPL Mega Auction Live Replay,Sports,Sports,Hindi,90
E14012,U1097,C151,complete,2026-01-28,Web,28,1,26-35,Male,Delhi,Delhi,Premium,Daily Headlines 360,News,News,Hindi,30
E14013,U1444,C148,pause,2026-02-15,Mobile,4,0,46+,Female,Bengaluru,Karnataka,VIP,Doraemon Magic Gadgets,Series,Kids,Hindi,20
E14014,U1460,C139,play,2026-02-04,Mobile,9,0,26-35,Male,Mumbai,Maharashtra,Free,Bigg Boss Telugu Live,Show,Reality,Telugu,60
E14015,U1743,C120,complete,2026-02-12,Mobile,41,1,18-25,Female,Delhi,Delhi,VIP,Succession Politics India,Series,Drama,Hindi,45
E14016,U1151,C135,pause,2026-02-20,Web,87,0,26-35,Male,Mumbai,Maharashtra,Free,Fighter Wing Alpha,Movie,Action,Hindi,145
E14017,U1558,C144,complete,2026-02-25,Mobile,40,1,26-35,Male,Bengaluru,Karnataka,Free,Koffee Spotlight Lounge,Show,Reality,English,45
E14018,U1330,C117,complete,2026-03-01,Mobile,23,1,18-25,Female,Bengaluru,Karnataka,Premium,Ghar Ek Mandir Classic,Show,Drama,Marathi,24
E14019,U1661,C122,play,2026-01-22,Mobile,7,0,26-35,Male,Mumbai,Maharashtra,Free,Taarak Laugh Fest Episodes,Show,Comedy,Hindi,22
E14020,U1127,C106,complete,2026-01-16,Mobile,54,1,26-35,Male,Kolkata,West Bengal,Premium,WPL T20 Blockbuster Match,Sports,Sports,Hindi,60
E14021,U1102,C124,pause,2026-01-06,Web,14,0,36-45,Male,Delhi,Delhi,Free,Standup Special: Bangalore Humor,Show,Comedy,English,65
E14022,U1715,C101,pause,2026-02-10,Mobile,22,0,18-25,Female,Kochi,Kerala,VIP,IND vs AUS T20 Cup Highlights,Sports,Sports,Hindi,45
E14023,U1261,C144,pause,2026-01-22,Smart TV,28,0,18-25,Female,Delhi,Delhi,VIP,Koffee Spotlight Lounge,Show,Reality,English,45
E14024,U1673,C107,complete,2026-02-23,Tablet,39,1,26-35,Male,Pune,Maharashtra,VIP,Champions Trophy Pre-Show,Sports,Sports,Telugu,40
E14025,U1344,C133,complete,2026-01-22,Smart TV,44,1,46+,Female,Delhi,Delhi,VIP,Rudra: The Edge of Darkness,Series,Action,Hindi,48
E14026,U1401,C137,complete,2026-01-30,Mobile,54,1,36-45,Male,Hyderabad,Telangana,VIP,Bigg Boss All-Stars Hindi,Show,Reality,Hindi,60
E14027,U1152,C133,complete,2026-03-01,Web,44,1,18-25,Male,Bengaluru,Karnataka,VIP,Rudra: The Edge of Darkness,Series,Action,Hindi,48
E14028,U1611,C149,pause,2026-02-16,Mobile,9,0,26-35,Male,Lucknow,Uttar Pradesh,Premium,Shinchan Laugh Club,Series,Kids,Tamil,20
E14029,U1725,C114,play,2026-02-14,Mobile,15,0,26-35,Female,Bengaluru,Karnataka,VIP,Telugu Royal Heritage,Series,Drama,Telugu,45
E14030,U1521,C158,pause,2026-01-19,Smart TV,25,0,18-25,Male,Kolkata,West Bengal,Free,State Express News Tamil,News,News,Tamil,30
E14031,U1068,C118,pause,2026-02-07,Tablet,34,0,18-25,Female,Bengaluru,Karnataka,Free,Kerala Waterfront Mystery,Series,Drama,Malayalam,48
E14032,U1320,C140,pause,2026-02-23,Mobile,15,0,26-35,Male,Mumbai,Maharashtra,VIP,Dance India Dance Championship,Show,Reality,Hindi,50
E14033,U1594,C144,complete,2026-01-18,Mobile,44,1,18-25,Female,Delhi,Delhi,Free,Koffee Spotlight Lounge,Show,Reality,English,45
E14034,U1390,C150,pause,2026-01-12,Mobile,7,0,26-35,Male,Delhi,Delhi,VIP,Super Bheem Galactic Battle,Series,Kids,Telugu,22
E14035,U1544,C132,pause,2026-01-23,Mobile,9,0,36-45,Male,Delhi,Delhi,Premium,Commando Force Mumbai,Series,Action,Hindi,42
E14036,U1405,C149,complete,2026-02-27,Mobile,19,1,18-25,Male,Lucknow,Uttar Pradesh,Premium,Shinchan Laugh Club,Series,Kids,Tamil,20
E14037,U1111,C135,complete,2026-02-13,Mobile,142,1,18-25,Male,Mumbai,Maharashtra,VIP,Fighter Wing Alpha,Movie,Action,Hindi,145
E14038,U1634,C154,complete,2026-02-10,Mobile,32,1,26-35,Female,Pune,Maharashtra,Premium,Elections Ground Pulse,News,News,Hindi,35
E14039,U1425,C114,complete,2026-01-15,Mobile,43,1,18-25,Male,Bengaluru,Karnataka,VIP,Telugu Royal Heritage,Series,Drama,Telugu,45
E14040,U1649,C110,play,2026-02-01,Mobile,4,0,36-45,Female,Bengaluru,Karnataka,Premium,Anupama: New Beginnings,Show,Drama,Hindi,25
E14041,U1060,C139,complete,2026-02-05,Mobile,56,1,26-35,Other,Hyderabad,Telangana,Free,Bigg Boss Telugu Live,Show,Reality,Telugu,60
E14042,U1469,C113,pause,2026-01-02,Web,18,0,26-35,Male,Mumbai,Maharashtra,VIP,Kaithi Revenge Chronicles,Movie,Drama,Tamil,140
E14043,U1710,C116,complete,2026-01-13,Mobile,122,1,26-35,Female,Delhi,Delhi,Premium,Kolkata Love Diary,Movie,Drama,Bengali,125
E14044,U1241,C121,pause,2026-01-30,Mobile,11,0,18-25,Male,Delhi,Delhi,Premium,The Great Indian Comedy Lab,Show,Comedy,Hindi,35
E14045,U1045,C113,pause,2026-02-14,Mobile,57,0,46+,Female,Kochi,Kerala,Premium,Kaithi Revenge Chronicles,Movie,Drama,Tamil,140
E14046,U1690,C135,pause,2026-02-06,Mobile,36,0,36-45,Female,Delhi,Delhi,VIP,Fighter Wing Alpha,Movie,Action,Hindi,145
E14047,U1281,C116,complete,2026-02-14,Web,120,1,18-25,Male,Bengaluru,Karnataka,Free,Kolkata Love Diary,Movie,Drama,Bengali,125
E14048,U1473,C105,complete,2026-02-02,Smart TV,63,1,18-25,Female,Bengaluru,Karnataka,Free,Pro Kabaddi League Finals,Sports,Sports,Tamil,70
E14049,U1278,C146,pause,2026-01-11,Web,31,0,26-35,Male,Jaipur,Rajasthan,VIP,Motu Patlu Space Adventure,Movie,Kids,Hindi,75
E14050,U1527,C105,play,2026-01-30,Web,12,0,36-45,Female,Pune,Maharashtra,VIP,Pro Kabaddi League Finals,Sports,Sports,Tamil,70
E14051,U1674,C140,complete,2026-01-05,Smart TV,48,1,26-35,Male,Chennai,Tamil Nadu,Free,Dance India Dance Championship,Show,Reality,Hindi,50
E14052,U1298,C113,pause,2026-02-23,Web,71,0,18-25,Female,Chennai,Tamil Nadu,Free,Kaithi Revenge Chronicles,Movie,Drama,Tamil,140
E14053,U1680,C123,complete,2026-01-14,Smart TV,22,1,26-35,Male,Jaipur,Rajasthan,VIP,Sarabhai Classic Revival,Series,Comedy,Hindi,25
E14054,U1024,C141,play,2026-01-30,Mobile,25,0,36-45,Female,Bengaluru,Karnataka,Free,Shark Pitch India S4,Show,Reality,Hindi,55
E14055,U1141,C125,complete,2026-01-13,Smart TV,39,1,36-45,Male,Bengaluru,Karnataka,Free,Chennai Roast Arena,Show,Comedy,Tamil,40
E14056,U1621,C116,complete,2026-02-20,Web,124,1,18-25,Male,Bengaluru,Karnataka,VIP,Kolkata Love Diary,Movie,Drama,Bengali,125
E14057,U1115,C159,complete,2026-01-12,Web,24,1,26-35,Female,Bengaluru,Karnataka,VIP,Bengal Morning Bulletin,News,News,Bengali,25
E14058,U1443,C160,complete,2026-02-20,Mobile,29,1,26-35,Male,Chennai,Tamil Nadu,VIP,Maharashtra Maha News,News,News,Marathi,30
E14059,U1015,C110,play,2026-01-24,Mobile,12,0,26-35,Female,Pune,Maharashtra,Free,Anupama: New Beginnings,Show,Drama,Hindi,25
E14060,U1549,C134,pause,2026-01-02,Mobile,48,0,18-25,Female,Kochi,Kerala,VIP,Night Hunter Squad,Movie,Action,English,130
E14061,U1208,C142,complete,2026-02-28,Smart TV,41,1,26-35,Female,Ahmedabad,Gujarat,Free,Master Chef Kitchen Wars,Show,Reality,Hindi,45
E14062,U1501,C147,play,2026-01-06,Mobile,2,0,26-35,Female,Hyderabad,Telangana,VIP,Little Singham Rescue Mission,Series,Kids,Hindi,20
E14063,U1714,C140,complete,2026-01-15,Mobile,49,1,18-25,Male,Patna,Bihar,VIP,Dance India Dance Championship,Show,Reality,Hindi,50
E14064,U1189,C124,complete,2026-02-19,Mobile,59,1,36-45,Male,Mumbai,Maharashtra,VIP,Standup Special: Bangalore Humor,Show,Comedy,English,65
E14065,U1523,C119,pause,2026-02-01,Mobile,19,0,26-35,Female,Delhi,Delhi,Free,The Crown Dynasty Legacy,Series,Drama,English,55
E14066,U1169,C142,complete,2026-01-11,Mobile,40,1,36-45,Female,Kolkata,West Bengal,Free,Master Chef Kitchen Wars,Show,Reality,Hindi,45
E14067,U1467,C145,complete,2026-01-03,Smart TV,84,1,18-25,Male,Bengaluru,Karnataka,Free,Chhota Bheem Himalayan Tour,Movie,Kids,Hindi,85
E14068,U1061,C130,complete,2026-02-08,Mobile,158,1,26-35,Female,Mumbai,Maharashtra,Premium,Vikram: Shadow Commander,Movie,Action,Tamil,165
E14069,U1030,C127,complete,2026-01-27,Mobile,28,1,18-25,Male,Chennai,Tamil Nadu,Free,Pune Pun Factory,Show,Comedy,Marathi,30
E14070,U1224,C116,pause,2026-02-07,Mobile,16,0,36-45,Male,Delhi,Delhi,VIP,Kolkata Love Diary,Movie,Drama,Bengali,125
E14071,U1022,C106,complete,2026-02-05,Smart TV,56,1,18-25,Female,Bengaluru,Karnataka,Free,WPL T20 Blockbuster Match,Sports,Sports,Hindi,60
E14072,U1554,C136,pause,2026-02-25,Mobile,23,0,26-35,Female,Jaipur,Rajasthan,Free,Speed Street Heist,Movie,Action,English,120
E14073,U1469,C123,play,2026-01-05,Tablet,14,0,26-35,Male,Mumbai,Maharashtra,VIP,Sarabhai Classic Revival,Series,Comedy,Hindi,25
E14074,U1684,C104,complete,2026-02-06,Web,47,1,18-25,Female,Mumbai,Maharashtra,VIP,IND vs ENG Test Day 3 Highlights,Sports,Sports,English,50
E14075,U1061,C105,pause,2026-02-25,Mobile,15,0,26-35,Female,Mumbai,Maharashtra,Premium,Pro Kabaddi League Finals,Sports,Sports,Tamil,70
E14076,U1019,C109,complete,2026-01-16,Mobile,43,1,18-25,Female,Jaipur,Rajasthan,Free,Special Ops: Desert Falcon,Series,Drama,Hindi,45
E14077,U1198,C141,complete,2026-01-05,Smart TV,54,1,46+,Female,Bengaluru,Karnataka,Free,Shark Pitch India S4,Show,Reality,Hindi,55
E14078,U1183,C125,complete,2026-02-01,Smart TV,39,1,36-45,Other,Chennai,Tamil Nadu,Free,Chennai Roast Arena,Show,Comedy,Tamil,40
E14079,U1345,C139,pause,2026-01-05,Mobile,24,0,26-35,Male,Pune,Maharashtra,VIP,Bigg Boss Telugu Live,Show,Reality,Telugu,60
E14080,U1623,C139,complete,2026-02-12,Mobile,59,1,26-35,Female,Delhi,Delhi,VIP,Bigg Boss Telugu Live,Show,Reality,Telugu,60
E14081,U1378,C133,complete,2026-02-12,Smart TV,47,1,26-35,Male,Chennai,Tamil Nadu,VIP,Rudra: The Edge of Darkness,Series,Action,Hindi,48
E14082,U1564,C140,play,2026-01-02,Mobile,22,0,18-25,Female,Delhi,Delhi,Free,Dance India Dance Championship,Show,Reality,Hindi,50
E14083,U1713,C139,complete,2026-01-04,Smart TV,58,1,36-45,Female,Hyderabad,Telangana,Free,Bigg Boss Telugu Live,Show,Reality,Telugu,60
E14084,U1323,C144,complete,2026-01-26,Mobile,43,1,18-25,Female,Delhi,Delhi,Premium,Koffee Spotlight Lounge,Show,Reality,English,45
E14085,U1688,C144,complete,2026-02-25,Tablet,43,1,18-25,Female,Hyderabad,Telangana,Premium,Koffee Spotlight Lounge,Show,Reality,English,45
E14086,U1545,C158,pause,2026-02-17,Mobile,3,0,26-35,Other,Pune,Maharashtra,Free,State Express News Tamil,News,News,Tamil,30
E14087,U1519,C125,complete,2026-02-28,Mobile,37,1,26-35,Male,Bengaluru,Karnataka,VIP,Chennai Roast Arena,Show,Comedy,Tamil,40
E14088,U1041,C134,complete,2026-01-20,Smart TV,119,1,26-35,Female,Patna,Bihar,Free,Night Hunter Squad,Movie,Action,English,130
E14089,U1149,C102,complete,2026-02-01,Smart TV,85,1,46+,Male,Hyderabad,Telangana,Free,IPL Mega Auction Live Replay,Sports,Sports,Hindi,90
E14090,U1217,C145,play,2026-01-11,Mobile,14,0,18-25,Male,Patna,Bihar,Free,Chhota Bheem Himalayan Tour,Movie,Kids,Hindi,85
E14091,U1171,C114,pause,2026-02-24,Smart TV,21,0,46+,Female,Delhi,Delhi,Free,Telugu Royal Heritage,Series,Drama,Telugu,45
E14092,U1672,C148,complete,2026-01-22,Web,18,1,26-35,Male,Delhi,Delhi,VIP,Doraemon Magic Gadgets,Series,Kids,Hindi,20
E14093,U1562,C115,complete,2026-01-08,Tablet,38,1,26-35,Male,Kochi,Kerala,Free,Bengal Courtroom Secrets,Series,Drama,Bengali,40
E14094,U1674,C153,pause,2026-01-11,Smart TV,39,0,26-35,Male,Chennai,Tamil Nadu,Free,India at 2030: Space Ambitions,Show,News,English,50
E14095,U1590,C109,play,2026-01-13,Mobile,8,0,26-35,Male,Kolkata,West Bengal,VIP,Special Ops: Desert Falcon,Series,Drama,Hindi,45
E14096,U1300,C128,complete,2026-01-02,Smart TV,106,1,18-25,Female,Jaipur,Rajasthan,Free,College Boys Chaos,Movie,Comedy,Hindi,115
E14097,U1021,C136,pause,2026-02-27,Mobile,40,0,18-25,Female,Pune,Maharashtra,Free,Speed Street Heist,Movie,Action,English,120
E14098,U1602,C125,pause,2026-02-01,Smart TV,12,0,26-35,Female,Mumbai,Maharashtra,Premium,Chennai Roast Arena,Show,Comedy,Tamil,40
E14099,U1583,C105,complete,2026-02-26,Mobile,65,1,18-25,Male,Delhi,Delhi,Free,Pro Kabaddi League Finals,Sports,Sports,Tamil,70
E14100,U1115,C120,complete,2026-01-20,Mobile,42,1,26-35,Female,Bengaluru,Karnataka,VIP,Succession Politics India,Series,Drama,Hindi,45
E14101,U1003,C104,complete,2026-01-24,Smart TV,48,1,18-25,Male,Chennai,Tamil Nadu,Free,IND vs ENG Test Day 3 Highlights,Sports,Sports,English,50
E14102,U1335,C127,play,2026-01-05,Smart TV,18,0,18-25,Male,Bengaluru,Karnataka,Free,Pune Pun Factory,Show,Comedy,Marathi,30
E14103,U1312,C117,complete,2026-01-13,Mobile,21,1,26-35,Female,Chennai,Tamil Nadu,VIP,Ghar Ek Mandir Classic,Show,Drama,Marathi,24
E14104,U1664,C103,complete,2026-01-02,Mobile,58,1,36-45,Male,Delhi,Delhi,Premium,Premier League Weekly Showdown,Sports,Sports,English,60
E14105,U1593,C115,complete,2026-02-28,Smart TV,39,1,26-35,Female,Kolkata,West Bengal,Free,Bengal Courtroom Secrets,Series,Drama,Bengali,40
E14106,U1185,C138,complete,2026-01-17,Mobile,57,1,26-35,Male,Kolkata,West Bengal,Free,Bigg Boss Tamil Season 8,Show,Reality,Tamil,60
E14107,U1696,C152,pause,2026-01-18,Tablet,10,0,26-35,Female,Delhi,Delhi,Free,Global Tech & Economy Report,News,News,English,25
E14108,U1610,C108,pause,2026-01-22,Web,27,0,18-25,Other,Bengaluru,Karnataka,Premium,ISL Football Clash of Titans,Sports,Sports,Bengali,60
E14109,U1638,C115,complete,2026-01-01,Mobile,36,1,26-35,Female,Patna,Bihar,Premium,Bengal Courtroom Secrets,Series,Drama,Bengali,40
E14110,U1642,C104,pause,2026-01-10,Tablet,9,0,26-35,Female,Kolkata,West Bengal,Premium,IND vs ENG Test Day 3 Highlights,Sports,Sports,English,50
E14111,U1715,C156,play,2026-02-14,Mobile,23,0,18-25,Female,Kochi,Kerala,VIP,Cricket Icons: The Untold Story,Show,News,Hindi,45
E14112,U1065,C144,complete,2026-01-14,Tablet,44,1,36-45,Male,Delhi,Delhi,Free,Koffee Spotlight Lounge,Show,Reality,English,45
E14113,U1296,C126,play,2026-01-21,Mobile,15,0,46+,Female,Kolkata,West Bengal,VIP,Telugu Comedy Superstars,Show,Comedy,Telugu,30
E14114,U1632,C132,pause,2026-02-15,Mobile,7,0,18-25,Male,Chennai,Tamil Nadu,Free,Commando Force Mumbai,Series,Action,Hindi,42
E14115,U1458,C104,pause,2026-01-13,Smart TV,6,0,36-45,Female,Bengaluru,Karnataka,Free,IND vs ENG Test Day 3 Highlights,Sports,Sports,English,50
E14116,U1311,C136,pause,2026-01-18,Mobile,55,0,36-45,Male,Mumbai,Maharashtra,Premium,Speed Street Heist,Movie,Action,English,120
E14117,U1618,C132,complete,2026-01-31,Smart TV,40,1,18-25,Male,Pune,Maharashtra,VIP,Commando Force Mumbai,Series,Action,Hindi,42
E14118,U1614,C102,complete,2026-02-06,Smart TV,85,1,18-25,Female,Mumbai,Maharashtra,Free,IPL Mega Auction Live Replay,Sports,Sports,Hindi,90
E14119,U1246,C134,pause,2026-01-23,Mobile,29,0,18-25,Male,Chennai,Tamil Nadu,Free,Night Hunter Squad,Movie,Action,English,130
E14120,U1182,C131,play,2026-02-17,Mobile,35,0,26-35,Female,Bengaluru,Karnataka,Premium,Devara Storm Rising,Movie,Action,Telugu,160
E14121,U1570,C122,pause,2026-01-22,Smart TV,16,0,18-25,Female,Mumbai,Maharashtra,VIP,Taarak Laugh Fest Episodes,Show,Comedy,Hindi,22
E14122,U1115,C101,play,2026-02-26,Mobile,24,0,26-35,Female,Bengaluru,Karnataka,VIP,IND vs AUS T20 Cup Highlights,Sports,Sports,Hindi,45
E14123,U1699,C144,complete,2026-01-30,Smart TV,41,1,18-25,Female,Bengaluru,Karnataka,VIP,Koffee Spotlight Lounge,Show,Reality,English,45
E14124,U1441,C140,complete,2026-01-21,Smart TV,45,1,46+,Female,Chennai,Tamil Nadu,VIP,Dance India Dance Championship,Show,Reality,Hindi,50
E14125,U1512,C142,complete,2026-01-28,Smart TV,44,1,26-35,Female,Mumbai,Maharashtra,VIP,Master Chef Kitchen Wars,Show,Reality,Hindi,45
E14126,U1204,C138,play,2026-01-03,Smart TV,37,0,26-35,Female,Hyderabad,Telangana,Premium,Bigg Boss Tamil Season 8,Show,Reality,Tamil,60
E14127,U1033,C120,play,2026-02-09,Mobile,5,0,26-35,Male,Chennai,Tamil Nadu,VIP,Succession Politics India,Series,Drama,Hindi,45
E14128,U1211,C134,pause,2026-02-24,Mobile,58,0,26-35,Female,Bengaluru,Karnataka,Premium,Night Hunter Squad,Movie,Action,English,130
E14129,U1195,C160,pause,2026-02-28,Web,12,0,46+,Male,Bengaluru,Karnataka,Free,Maharashtra Maha News,News,News,Marathi,30
E14130,U1643,C107,pause,2026-02-15,Smart TV,30,0,26-35,Male,Chennai,Tamil Nadu,Free,Champions Trophy Pre-Show,Sports,Sports,Telugu,40
E14131,U1266,C106,pause,2026-01-31,Tablet,27,0,18-25,Female,Delhi,Delhi,VIP,WPL T20 Blockbuster Match,Sports,Sports,Hindi,60
E14132,U1115,C126,complete,2026-02-01,Mobile,28,1,26-35,Female,Bengaluru,Karnataka,VIP,Telugu Comedy Superstars,Show,Comedy,Telugu,30
E14133,U1435,C127,complete,2026-02-26,Smart TV,27,1,18-25,Male,Bengaluru,Karnataka,Free,Pune Pun Factory,Show,Comedy,Marathi,30
E14134,U1240,C111,pause,2026-02-03,Mobile,2,0,18-25,Male,Bengaluru,Karnataka,Free,Yeh Rishta: Family Bonds,Show,Drama,Hindi,22
E14135,U1426,C145,complete,2026-01-30,Smart TV,80,1,26-35,Female,Kolkata,West Bengal,Free,Chhota Bheem Himalayan Tour,Movie,Kids,Hindi,85
E14136,U1719,C135,play,2026-01-01,Mobile,16,0,26-35,Female,Patna,Bihar,Premium,Fighter Wing Alpha,Movie,Action,Hindi,145
E14137,U1371,C129,play,2026-01-17,Mobile,17,0,26-35,Male,Chennai,Tamil Nadu,Free,Tiger Underground Strike,Movie,Action,Hindi,155
E14138,U1181,C137,complete,2026-02-02,Mobile,57,1,26-35,Male,Pune,Maharashtra,Free,Bigg Boss All-Stars Hindi,Show,Reality,Hindi,60
E14139,U1169,C139,play,2026-02-25,Mobile,9,0,36-45,Female,Kolkata,West Bengal,Free,Bigg Boss Telugu Live,Show,Reality,Telugu,60
E14140,U1691,C108,pause,2026-02-11,Smart TV,29,0,26-35,Male,Delhi,Delhi,Free,ISL Football Clash of Titans,Sports,Sports,Bengali,60
E14141,U1581,C156,pause,2026-01-19,Mobile,19,0,46+,Male,Ahmedabad,Gujarat,VIP,Cricket Icons: The Untold Story,Show,News,Hindi,45
E14142,U1426,C143,complete,2026-02-05,Smart TV,40,1,26-35,Female,Kolkata,West Bengal,Free,Roadies Quest,Show,Reality,Hindi,45
E14143,U1426,C105,complete,2026-01-07,Mobile,65,1,26-35,Female,Kolkata,West Bengal,Free,Pro Kabaddi League Finals,Sports,Sports,Tamil,70
E14144,U1108,C139,complete,2026-01-11,Smart TV,54,1,18-25,Female,Ahmedabad,Gujarat,VIP,Bigg Boss Telugu Live,Show,Reality,Telugu,60
E14145,U1571,C118,play,2026-01-27,Smart TV,27,0,36-45,Female,Hyderabad,Telangana,Free,Kerala Waterfront Mystery,Series,Drama,Malayalam,48
E14146,U1554,C106,pause,2026-01-14,Mobile,30,0,26-35,Female,Jaipur,Rajasthan,Free,WPL T20 Blockbuster Match,Sports,Sports,Hindi,60
E14147,U1626,C133,complete,2026-02-18,Mobile,44,1,18-25,Female,Lucknow,Uttar Pradesh,Free,Rudra: The Edge of Darkness,Series,Action,Hindi,48
E14148,U1623,C126,pause,2026-02-13,Tablet,3,0,26-35,Female,Delhi,Delhi,VIP,Telugu Comedy Superstars,Show,Comedy,Telugu,30
E14149,U1744,C122,pause,2026-01-03,Web,12,0,26-35,Male,Mumbai,Maharashtra,Premium,Taarak Laugh Fest Episodes,Show,Comedy,Hindi,22
E14150,U1612,C123,complete,2026-02-16,Smart TV,23,1,26-35,Female,Bengaluru,Karnataka,VIP,Sarabhai Classic Revival,Series,Comedy,Hindi,25
E14151,U1314,C137,pause,2026-01-03,Smart TV,48,0,26-35,Female,Bengaluru,Karnataka,Premium,Bigg Boss All-Stars Hindi,Show,Reality,Hindi,60
E14152,U1379,C143,complete,2026-02-26,Smart TV,44,1,18-25,Female,Bengaluru,Karnataka,VIP,Roadies Quest,Show,Reality,Hindi,45
E14153,U1390,C111,complete,2026-01-28,Mobile,21,1,26-35,Male,Delhi,Delhi,VIP,Yeh Rishta: Family Bonds,Show,Drama,Hindi,22
E14154,U1374,C113,pause,2026-01-23,Mobile,58,0,26-35,Male,Mumbai,Maharashtra,VIP,Kaithi Revenge Chronicles,Movie,Drama,Tamil,140
E14155,U1037,C122,pause,2026-01-29,Mobile,10,0,18-25,Female,Ahmedabad,Gujarat,Free,Taarak Laugh Fest Episodes,Show,Comedy,Hindi,22
E14156,U1091,C122,complete,2026-02-02,Mobile,21,1,26-35,Female,Delhi,Delhi,Premium,Taarak Laugh Fest Episodes,Show,Comedy,Hindi,22
E14157,U1111,C104,complete,2026-01-23,Tablet,47,1,18-25,Male,Mumbai,Maharashtra,VIP,IND vs ENG Test Day 3 Highlights,Sports,Sports,English,50
E14158,U1002,C149,complete,2026-02-18,Mobile,19,1,18-25,Female,Chennai,Tamil Nadu,VIP,Shinchan Laugh Club,Series,Kids,Tamil,20
E14159,U1102,C107,complete,2026-01-15,Tablet,39,1,36-45,Male,Delhi,Delhi,Free,Champions Trophy Pre-Show,Sports,Sports,Telugu,40
E14160,U1036,C105,pause,2026-03-01,Smart TV,54,0,26-35,Female,Mumbai,Maharashtra,VIP,Pro Kabaddi League Finals,Sports,Sports,Tamil,70
E14161,U1282,C120,pause,2026-01-30,Mobile,19,0,26-35,Male,Lucknow,Uttar Pradesh,Free,Succession Politics India,Series,Drama,Hindi,45
E14162,U1570,C142,complete,2026-01-22,Smart TV,42,1,18-25,Female,Mumbai,Maharashtra,VIP,Master Chef Kitchen Wars,Show,Reality,Hindi,45
E14163,U1058,C125,complete,2026-02-17,Mobile,37,1,18-25,Male,Lucknow,Uttar Pradesh,Premium,Chennai Roast Arena,Show,Comedy,Tamil,40
E14164,U1363,C105,pause,2026-02-07,Mobile,22,0,18-25,Male,Mumbai,Maharashtra,Free,Pro Kabaddi League Finals,Sports,Sports,Tamil,70
E14165,U1741,C103,pause,2026-03-01,Smart TV,45,0,26-35,Male,Kolkata,West Bengal,Free,Premier League Weekly Showdown,Sports,Sports,English,60
E14166,U1583,C130,complete,2026-01-14,Mobile,155,1,18-25,Male,Delhi,Delhi,Free,Vikram: Shadow Commander,Movie,Action,Tamil,165
E14167,U1744,C105,complete,2026-02-19,Mobile,65,1,26-35,Male,Mumbai,Maharashtra,Premium,Pro Kabaddi League Finals,Sports,Sports,Tamil,70
E14168,U1710,C125,play,2026-02-01,Mobile,19,0,26-35,Female,Delhi,Delhi,Premium,Chennai Roast Arena,Show,Comedy,Tamil,40
E14169,U1512,C107,complete,2026-02-21,Smart TV,36,1,26-35,Female,Mumbai,Maharashtra,VIP,Champions Trophy Pre-Show,Sports,Sports,Telugu,40
E14170,U1158,C122,pause,2026-02-14,Smart TV,16,0,26-35,Female,Lucknow,Uttar Pradesh,VIP,Taarak Laugh Fest Episodes,Show,Comedy,Hindi,22
E14171,U1444,C106,play,2026-01-01,Mobile,5,0,46+,Female,Bengaluru,Karnataka,VIP,WPL T20 Blockbuster Match,Sports,Sports,Hindi,60
E14172,U1192,C107,complete,2026-02-10,Web,36,1,18-25,Male,Mumbai,Maharashtra,Free,Champions Trophy Pre-Show,Sports,Sports,Telugu,40
E14173,U1408,C141,complete,2026-02-19,Mobile,51,1,36-45,Male,Chennai,Tamil Nadu,Free,Shark Pitch India S4,Show,Reality,Hindi,55
E14174,U1724,C105,pause,2026-01-30,Smart TV,40,0,18-25,Male,Bengaluru,Karnataka,VIP,Pro Kabaddi League Finals,Sports,Sports,Tamil,70
E14175,U1151,C104,play,2026-02-13,Mobile,19,0,26-35,Male,Mumbai,Maharashtra,Free,IND vs ENG Test Day 3 Highlights,Sports,Sports,English,50
E14176,U1514,C122,play,2026-02-11,Mobile,7,0,26-35,Male,Kolkata,West Bengal,Premium,Taarak Laugh Fest Episodes,Show,Comedy,Hindi,22
E14177,U1471,C112,complete,2026-02-23,Web,46,1,46+,Male,Lucknow,Uttar Pradesh,VIP,City of Dreams: The Succession,Series,Drama,Hindi,50
E14178,U1529,C104,pause,2026-02-12,Mobile,23,0,46+,Male,Bengaluru,Karnataka,Free,IND vs ENG Test Day 3 Highlights,Sports,Sports,English,50
E14179,U1109,C112,pause,2026-02-11,Mobile,19,0,26-35,Female,Delhi,Delhi,Free,City of Dreams: The Succession,Series,Drama,Hindi,50
E14180,U1725,C156,pause,2026-01-09,Mobile,17,0,26-35,Female,Bengaluru,Karnataka,VIP,Cricket Icons: The Untold Story,Show,News,Hindi,45
E14181,U1400,C128,pause,2026-02-28,Smart TV,31,0,18-25,Female,Lucknow,Uttar Pradesh,Free,College Boys Chaos,Movie,Comedy,Hindi,115
E14182,U1461,C148,complete,2026-01-14,Smart TV,18,1,26-35,Male,Chennai,Tamil Nadu,Premium,Doraemon Magic Gadgets,Series,Kids,Hindi,20
E14183,U1051,C116,complete,2026-02-18,Mobile,118,1,26-35,Female,Chennai,Tamil Nadu,Free,Kolkata Love Diary,Movie,Drama,Bengali,125
E14184,U1442,C135,play,2026-02-16,Tablet,87,0,18-25,Male,Mumbai,Maharashtra,VIP,Fighter Wing Alpha,Movie,Action,Hindi,145
E14185,U1019,C114,pause,2026-01-26,Mobile,24,0,18-25,Female,Jaipur,Rajasthan,Free,Telugu Royal Heritage,Series,Drama,Telugu,45
E14186,U1483,C140,pause,2026-01-31,Mobile,28,0,36-45,Female,Chennai,Tamil Nadu,Free,Dance India Dance Championship,Show,Reality,Hindi,50
E14187,U1061,C112,pause,2026-02-07,Smart TV,21,0,26-35,Female,Mumbai,Maharashtra,Premium,City of Dreams: The Succession,Series,Drama,Hindi,50
E14188,U1273,C131,complete,2026-01-12,Web,152,1,26-35,Other,Delhi,Delhi,Premium,Devara Storm Rising,Movie,Action,Telugu,160
E14189,U1230,C144,complete,2026-02-06,Mobile,41,1,18-25,Male,Mumbai,Maharashtra,Free,Koffee Spotlight Lounge,Show,Reality,English,45
E14190,U1575,C109,complete,2026-01-27,Smart TV,43,1,18-25,Male,Pune,Maharashtra,Free,Special Ops: Desert Falcon,Series,Drama,Hindi,45
E14191,U1157,C131,pause,2026-02-06,Smart TV,52,0,26-35,Female,Lucknow,Uttar Pradesh,Free,Devara Storm Rising,Movie,Action,Telugu,160
E14192,U1262,C140,play,2026-01-13,Mobile,23,0,36-45,Male,Ahmedabad,Gujarat,Free,Dance India Dance Championship,Show,Reality,Hindi,50
E14193,U1049,C103,complete,2026-02-24,Mobile,54,1,26-35,Female,Mumbai,Maharashtra,Free,Premier League Weekly Showdown,Sports,Sports,English,60
E14194,U1060,C134,pause,2026-01-25,Smart TV,105,0,26-35,Other,Hyderabad,Telangana,Free,Night Hunter Squad,Movie,Action,English,130
E14195,U1153,C138,pause,2026-02-16,Mobile,24,0,18-25,Male,Delhi,Delhi,Premium,Bigg Boss Tamil Season 8,Show,Reality,Tamil,60
E14196,U1538,C107,complete,2026-01-29,Web,39,1,26-35,Female,Chennai,Tamil Nadu,Free,Champions Trophy Pre-Show,Sports,Sports,Telugu,40
E14197,U1193,C108,complete,2026-02-21,Tablet,56,1,18-25,Female,Chennai,Tamil Nadu,VIP,ISL Football Clash of Titans,Sports,Sports,Bengali,60
E14198,U1064,C105,complete,2026-01-26,Smart TV,66,1,26-35,Female,Ahmedabad,Gujarat,Free,Pro Kabaddi League Finals,Sports,Sports,Tamil,70
E14199,U1550,C138,complete,2026-01-10,Smart TV,59,1,26-35,Male,Kochi,Kerala,VIP,Bigg Boss Tamil Season 8,Show,Reality,Tamil,60
E14200,U1312,C113,pause,2026-02-14,Smart TV,73,0,26-35,Female,Chennai,Tamil Nadu,VIP,Kaithi Revenge Chronicles,Movie,Drama,Tamil,140
E14201,U1137,C121,complete,2026-01-06,Mobile,34,1,26-35,Female,Delhi,Delhi,VIP,The Great Indian Comedy Lab,Show,Comedy,Hindi,35
E14202,U1366,C119,pause,2026-02-01,Mobile,22,0,46+,Male,Jaipur,Rajasthan,VIP,The Crown Dynasty Legacy,Series,Drama,English,55
E14203,U1065,C118,pause,2026-02-05,Web,22,0,36-45,Male,Delhi,Delhi,Free,Kerala Waterfront Mystery,Series,Drama,Malayalam,48
E14204,U1069,C112,pause,2026-02-06,Smart TV,32,0,36-45,Female,Ahmedabad,Gujarat,Premium,City of Dreams: The Succession,Series,Drama,Hindi,50
E14205,U1632,C110,complete,2026-01-15,Mobile,24,1,18-25,Male,Chennai,Tamil Nadu,Free,Anupama: New Beginnings,Show,Drama,Hindi,25
E14206,U1410,C140,play,2026-01-21,Web,27,0,18-25,Male,Delhi,Delhi,VIP,Dance India Dance Championship,Show,Reality,Hindi,50
E14207,U1089,C152,complete,2026-02-28,Mobile,23,1,26-35,Male,Bengaluru,Karnataka,Free,Global Tech & Economy Report,News,News,English,25
E14208,U1742,C127,pause,2026-01-06,Mobile,6,0,18-25,Male,Mumbai,Maharashtra,VIP,Pune Pun Factory,Show,Comedy,Marathi,30
E14209,U1450,C149,complete,2026-01-16,Mobile,18,1,18-25,Female,Ahmedabad,Gujarat,Free,Shinchan Laugh Club,Series,Kids,Tamil,20
E14210,U1616,C115,complete,2026-01-14,Smart TV,37,1,26-35,Male,Lucknow,Uttar Pradesh,Free,Bengal Courtroom Secrets,Series,Drama,Bengali,40
E14211,U1381,C117,complete,2026-02-02,Smart TV,22,1,26-35,Male,Hyderabad,Telangana,Premium,Ghar Ek Mandir Classic,Show,Drama,Marathi,24
E14212,U1650,C133,complete,2026-02-08,Web,45,1,26-35,Male,Delhi,Delhi,Premium,Rudra: The Edge of Darkness,Series,Action,Hindi,48
E14213,U1712,C106,complete,2026-01-23,Web,59,1,26-35,Female,Mumbai,Maharashtra,Premium,WPL T20 Blockbuster Match,Sports,Sports,Hindi,60
E14214,U1178,C118,pause,2026-01-23,Mobile,8,0,26-35,Female,Chennai,Tamil Nadu,VIP,Kerala Waterfront Mystery,Series,Drama,Malayalam,48
E14215,U1295,C142,complete,2026-01-03,Mobile,42,1,18-25,Male,Bengaluru,Karnataka,VIP,Master Chef Kitchen Wars,Show,Reality,Hindi,45
E14216,U1145,C144,complete,2026-02-27,Mobile,42,1,18-25,Female,Mumbai,Maharashtra,Free,Koffee Spotlight Lounge,Show,Reality,English,45
E14217,U1224,C141,pause,2026-02-17,Mobile,16,0,36-45,Male,Delhi,Delhi,VIP,Shark Pitch India S4,Show,Reality,Hindi,55
E14218,U1688,C105,complete,2026-01-12,Smart TV,63,1,18-25,Female,Hyderabad,Telangana,Premium,Pro Kabaddi League Finals,Sports,Sports,Tamil,70
E14219,U1077,C114,complete,2026-02-13,Tablet,43,1,18-25,Male,Ahmedabad,Gujarat,Premium,Telugu Royal Heritage,Series,Drama,Telugu,45
E14220,U1304,C113,play,2026-02-14,Mobile,60,0,36-45,Female,Bengaluru,Karnataka,Free,Kaithi Revenge Chronicles,Movie,Drama,Tamil,140
E14221,U1044,C128,complete,2026-01-08,Smart TV,113,1,18-25,Female,Ahmedabad,Gujarat,Free,College Boys Chaos,Movie,Comedy,Hindi,115
E14222,U1232,C130,complete,2026-01-27,Mobile,162,1,26-35,Male,Chennai,Tamil Nadu,Premium,Vikram: Shadow Commander,Movie,Action,Tamil,165
E14223,U1545,C134,pause,2026-01-01,Mobile,43,0,26-35,Other,Pune,Maharashtra,Free,Night Hunter Squad,Movie,Action,English,130
E14224,U1582,C101,play,2026-01-01,Smart TV,21,0,26-35,Male,Bengaluru,Karnataka,Premium,IND vs AUS T20 Cup Highlights,Sports,Sports,Hindi,45
E14225,U1069,C144,complete,2026-01-23,Mobile,41,1,36-45,Female,Ahmedabad,Gujarat,Premium,Koffee Spotlight Lounge,Show,Reality,English,45
E14226,U1645,C104,pause,2026-02-28,Mobile,17,0,26-35,Male,Delhi,Delhi,Free,IND vs ENG Test Day 3 Highlights,Sports,Sports,English,50
E14227,U1500,C104,pause,2026-01-26,Mobile,18,0,18-25,Female,Pune,Maharashtra,Free,IND vs ENG Test Day 3 Highlights,Sports,Sports,English,50
E14228,U1469,C138,complete,2026-01-07,Mobile,54,1,26-35,Male,Mumbai,Maharashtra,VIP,Bigg Boss Tamil Season 8,Show,Reality,Tamil,60
E14229,U1511,C138,pause,2026-01-06,Smart TV,32,0,26-35,Male,Kochi,Kerala,VIP,Bigg Boss Tamil Season 8,Show,Reality,Tamil,60
E14230,U1379,C141,pause,2026-02-09,Mobile,19,0,18-25,Female,Bengaluru,Karnataka,VIP,Shark Pitch India S4,Show,Reality,Hindi,55
E14231,U1710,C130,complete,2026-02-24,Mobile,162,1,26-35,Female,Delhi,Delhi,Premium,Vikram: Shadow Commander,Movie,Action,Tamil,165
E14232,U1426,C137,pause,2026-02-28,Smart TV,23,0,26-35,Female,Kolkata,West Bengal,Free,Bigg Boss All-Stars Hindi,Show,Reality,Hindi,60
E14233,U1538,C130,play,2026-01-05,Mobile,30,0,26-35,Female,Chennai,Tamil Nadu,Free,Vikram: Shadow Commander,Movie,Action,Tamil,165
E14234,U1579,C111,play,2026-02-25,Mobile,2,0,36-45,Female,Delhi,Delhi,Free,Yeh Rishta: Family Bonds,Show,Drama,Hindi,22
E14235,U1587,C111,pause,2026-02-13,Smart TV,15,0,18-25,Male,Hyderabad,Telangana,VIP,Yeh Rishta: Family Bonds,Show,Drama,Hindi,22
E14236,U1048,C150,pause,2026-01-29,Mobile,5,0,36-45,Male,Kolkata,West Bengal,VIP,Super Bheem Galactic Battle,Series,Kids,Telugu,22
E14237,U1181,C101,complete,2026-01-12,Mobile,44,1,26-35,Male,Pune,Maharashtra,Free,IND vs AUS T20 Cup Highlights,Sports,Sports,Hindi,45
E14238,U1679,C141,play,2026-01-25,Smart TV,32,0,46+,Female,Lucknow,Uttar Pradesh,VIP,Shark Pitch India S4,Show,Reality,Hindi,55
E14239,U1448,C142,complete,2026-01-06,Web,42,1,18-25,Male,Bengaluru,Karnataka,VIP,Master Chef Kitchen Wars,Show,Reality,Hindi,45
E14240,U1115,C105,pause,2026-01-08,Mobile,7,0,26-35,Female,Bengaluru,Karnataka,VIP,Pro Kabaddi League Finals,Sports,Sports,Tamil,70
E14241,U1507,C105,complete,2026-02-13,Smart TV,64,1,26-35,Male,Kolkata,West Bengal,Premium,Pro Kabaddi League Finals,Sports,Sports,Tamil,70
E14242,U1465,C131,complete,2026-02-07,Mobile,149,1,26-35,Female,Mumbai,Maharashtra,Premium,Devara Storm Rising,Movie,Action,Telugu,160
E14243,U1663,C124,pause,2026-01-10,Mobile,9,0,26-35,Female,Delhi,Delhi,VIP,Standup Special: Bangalore Humor,Show,Comedy,English,65
E14244,U1152,C141,complete,2026-02-12,Web,51,1,18-25,Male,Bengaluru,Karnataka,VIP,Shark Pitch India S4,Show,Reality,Hindi,55
E14245,U1525,C137,play,2026-02-15,Tablet,38,0,18-25,Female,Jaipur,Rajasthan,Free,Bigg Boss All-Stars Hindi,Show,Reality,Hindi,60
E14246,U1294,C104,pause,2026-01-02,Smart TV,7,0,18-25,Male,Kolkata,West Bengal,VIP,IND vs ENG Test Day 3 Highlights,Sports,Sports,English,50
E14247,U1256,C104,complete,2026-01-28,Mobile,46,1,26-35,Male,Hyderabad,Telangana,Free,IND vs ENG Test Day 3 Highlights,Sports,Sports,English,50
E14248,U1004,C105,play,2026-02-19,Smart TV,56,0,26-35,Female,Bengaluru,Karnataka,Free,Pro Kabaddi League Finals,Sports,Sports,Tamil,70
E14249,U1010,C110,complete,2026-02-04,Smart TV,22,1,18-25,Female,Pune,Maharashtra,Premium,Anupama: New Beginnings,Show,Drama,Hindi,25
E14250,U1537,C136,complete,2026-02-19,Mobile,108,1,18-25,Female,Hyderabad,Telangana,Free,Speed Street Heist,Movie,Action,English,120
E14251,U1422,C109,complete,2026-02-26,Mobile,41,1,26-35,Male,Chennai,Tamil Nadu,VIP,Special Ops: Desert Falcon,Series,Drama,Hindi,45
E14252,U1269,C142,pause,2026-02-28,Mobile,22,0,36-45,Male,Kochi,Kerala,VIP,Master Chef Kitchen Wars,Show,Reality,Hindi,45
E14253,U1684,C102,pause,2026-01-28,Web,32,0,18-25,Female,Mumbai,Maharashtra,VIP,IPL Mega Auction Live Replay,Sports,Sports,Hindi,90
E14254,U1450,C108,pause,2026-01-03,Smart TV,43,0,18-25,Female,Ahmedabad,Gujarat,Free,ISL Football Clash of Titans,Sports,Sports,Bengali,60
E14255,U1371,C106,complete,2026-02-09,Tablet,54,1,26-35,Male,Chennai,Tamil Nadu,Free,WPL T20 Blockbuster Match,Sports,Sports,Hindi,60
E14256,U1502,C112,pause,2026-01-28,Mobile,28,0,18-25,Female,Delhi,Delhi,Free,City of Dreams: The Succession,Series,Drama,Hindi,50
E14257,U1121,C143,complete,2026-01-26,Smart TV,41,1,18-25,Male,Hyderabad,Telangana,Premium,Roadies Quest,Show,Reality,Hindi,45
E14258,U1570,C131,pause,2026-02-24,Web,33,0,18-25,Female,Mumbai,Maharashtra,VIP,Devara Storm Rising,Movie,Action,Telugu,160
E14259,U1724,C123,play,2026-02-13,Mobile,3,0,18-25,Male,Bengaluru,Karnataka,VIP,Sarabhai Classic Revival,Series,Comedy,Hindi,25
E14260,U1544,C146,play,2026-02-13,Mobile,10,0,36-45,Male,Delhi,Delhi,Premium,Motu Patlu Space Adventure,Movie,Kids,Hindi,75
E14261,U1295,C131,complete,2026-01-25,Mobile,145,1,18-25,Male,Bengaluru,Karnataka,VIP,Devara Storm Rising,Movie,Action,Telugu,160
E14262,U1294,C140,pause,2026-02-03,Mobile,23,0,18-25,Male,Kolkata,West Bengal,VIP,Dance India Dance Championship,Show,Reality,Hindi,50
E14263,U1086,C141,play,2026-02-13,Mobile,29,0,26-35,Female,Delhi,Delhi,VIP,Shark Pitch India S4,Show,Reality,Hindi,55
E14264,U1312,C133,complete,2026-02-01,Mobile,43,1,26-35,Female,Chennai,Tamil Nadu,VIP,Rudra: The Edge of Darkness,Series,Action,Hindi,48
E14265,U1566,C142,complete,2026-02-22,Mobile,44,1,18-25,Female,Kolkata,West Bengal,Free,Master Chef Kitchen Wars,Show,Reality,Hindi,45
E14266,U1701,C153,pause,2026-01-12,Mobile,7,0,18-25,Male,Mumbai,Maharashtra,Free,India at 2030: Space Ambitions,Show,News,English,50
E14267,U1719,C115,pause,2026-01-21,Mobile,19,0,26-35,Female,Patna,Bihar,Premium,Bengal Courtroom Secrets,Series,Drama,Bengali,40
E14268,U1566,C125,pause,2026-01-07,Smart TV,30,0,18-25,Female,Kolkata,West Bengal,Free,Chennai Roast Arena,Show,Comedy,Tamil,40
E14269,U1276,C143,complete,2026-02-28,Mobile,43,1,18-25,Female,Mumbai,Maharashtra,Premium,Roadies Quest,Show,Reality,Hindi,45
E14270,U1557,C109,complete,2026-02-02,Mobile,43,1,46+,Female,Kolkata,West Bengal,Premium,Special Ops: Desert Falcon,Series,Drama,Hindi,45
E14271,U1198,C149,pause,2026-02-12,Mobile,9,0,46+,Female,Bengaluru,Karnataka,Free,Shinchan Laugh Club,Series,Kids,Tamil,20
E14272,U1102,C106,pause,2026-01-10,Smart TV,7,0,36-45,Male,Delhi,Delhi,Free,WPL T20 Blockbuster Match,Sports,Sports,Hindi,60
E14273,U1694,C129,pause,2026-02-22,Web,34,0,18-25,Female,Delhi,Delhi,Premium,Tiger Underground Strike,Movie,Action,Hindi,155
E14274,U1203,C136,complete,2026-02-27,Smart TV,108,1,18-25,Female,Delhi,Delhi,Free,Speed Street Heist,Movie,Action,English,120
E14275,U1409,C141,complete,2026-02-24,Mobile,54,1,18-25,Male,Bengaluru,Karnataka,Free,Shark Pitch India S4,Show,Reality,Hindi,55
E14276,U1135,C143,pause,2026-02-14,Mobile,16,0,26-35,Female,Mumbai,Maharashtra,Free,Roadies Quest,Show,Reality,Hindi,45
E14277,U1662,C102,pause,2026-01-15,Mobile,26,0,18-25,Female,Mumbai,Maharashtra,VIP,IPL Mega Auction Live Replay,Sports,Sports,Hindi,90
E14278,U1061,C123,pause,2026-02-02,Web,15,0,26-35,Female,Mumbai,Maharashtra,Premium,Sarabhai Classic Revival,Series,Comedy,Hindi,25
E14279,U1070,C101,play,2026-01-11,Mobile,12,0,26-35,Female,Bengaluru,Karnataka,VIP,IND vs AUS T20 Cup Highlights,Sports,Sports,Hindi,45
E14280,U1726,C115,pause,2026-01-14,Mobile,18,0,36-45,Male,Ahmedabad,Gujarat,VIP,Bengal Courtroom Secrets,Series,Drama,Bengali,40
E14281,U1517,C116,play,2026-02-25,Mobile,58,0,26-35,Female,Mumbai,Maharashtra,Premium,Kolkata Love Diary,Movie,Drama,Bengali,125
E14282,U1086,C108,complete,2026-01-10,Smart TV,59,1,26-35,Female,Delhi,Delhi,VIP,ISL Football Clash of Titans,Sports,Sports,Bengali,60
E14283,U1135,C139,pause,2026-01-12,Mobile,14,0,26-35,Female,Mumbai,Maharashtra,Free,Bigg Boss Telugu Live,Show,Reality,Telugu,60
E14284,U1087,C114,complete,2026-02-03,Mobile,42,1,26-35,Female,Hyderabad,Telangana,Free,Telugu Royal Heritage,Series,Drama,Telugu,45
E14285,U1517,C139,complete,2026-01-17,Smart TV,59,1,26-35,Female,Mumbai,Maharashtra,Premium,Bigg Boss Telugu Live,Show,Reality,Telugu,60
E14286,U1252,C109,complete,2026-01-11,Smart TV,44,1,26-35,Male,Kolkata,West Bengal,Premium,Special Ops: Desert Falcon,Series,Drama,Hindi,45
E14287,U1005,C110,play,2026-02-04,Mobile,13,0,36-45,Male,Pune,Maharashtra,VIP,Anupama: New Beginnings,Show,Drama,Hindi,25
E14288,U1087,C127,complete,2026-02-02,Mobile,29,1,26-35,Female,Hyderabad,Telangana,Free,Pune Pun Factory,Show,Comedy,Marathi,30
E14289,U1340,C138,pause,2026-02-23,Mobile,14,0,18-25,Male,Kolkata,West Bengal,Premium,Bigg Boss Tamil Season 8,Show,Reality,Tamil,60
E14290,U1621,C137,complete,2026-01-24,Mobile,55,1,18-25,Male,Bengaluru,Karnataka,VIP,Bigg Boss All-Stars Hindi,Show,Reality,Hindi,60
E14291,U1589,C137,complete,2026-01-31,Mobile,57,1,18-25,Male,Lucknow,Uttar Pradesh,Free,Bigg Boss All-Stars Hindi,Show,Reality,Hindi,60
E14292,U1634,C137,complete,2026-01-15,Web,59,1,26-35,Female,Pune,Maharashtra,Premium,Bigg Boss All-Stars Hindi,Show,Reality,Hindi,60
E14293,U1002,C142,complete,2026-01-19,Mobile,41,1,18-25,Female,Chennai,Tamil Nadu,VIP,Master Chef Kitchen Wars,Show,Reality,Hindi,45
E14294,U1271,C130,complete,2026-02-15,Web,153,1,36-45,Male,Kochi,Kerala,VIP,Vikram: Shadow Commander,Movie,Action,Tamil,165
E14295,U1353,C111,complete,2026-02-24,Mobile,21,1,18-25,Female,Hyderabad,Telangana,Free,Yeh Rishta: Family Bonds,Show,Drama,Hindi,22
E14296,U1364,C141,complete,2026-01-16,Smart TV,50,1,36-45,Male,Kochi,Kerala,Premium,Shark Pitch India S4,Show,Reality,Hindi,55
E14297,U1672,C140,complete,2026-02-09,Web,47,1,26-35,Male,Delhi,Delhi,VIP,Dance India Dance Championship,Show,Reality,Hindi,50
E14298,U1356,C104,pause,2026-01-19,Smart TV,34,0,18-25,Male,Hyderabad,Telangana,VIP,IND vs ENG Test Day 3 Highlights,Sports,Sports,English,50
E14299,U1224,C130,play,2026-02-15,Mobile,70,0,36-45,Male,Delhi,Delhi,VIP,Vikram: Shadow Commander,Movie,Action,Tamil,165
E14300,U1312,C103,pause,2026-01-26,Mobile,29,0,26-35,Female,Chennai,Tamil Nadu,VIP,Premier League Weekly Showdown,Sports,Sports,English,60
E14301,U1033,C137,pause,2026-01-10,Web,9,0,26-35,Male,Chennai,Tamil Nadu,VIP,Bigg Boss All-Stars Hindi,Show,Reality,Hindi,60
E14302,U1379,C110,pause,2026-02-27,Mobile,4,0,18-25,Female,Bengaluru,Karnataka,VIP,Anupama: New Beginnings,Show,Drama,Hindi,25
E14303,U1212,C144,complete,2026-01-11,Tablet,41,1,18-25,Female,Mumbai,Maharashtra,VIP,Koffee Spotlight Lounge,Show,Reality,English,45
E14304,U1127,C144,pause,2026-01-19,Mobile,24,0,26-35,Male,Kolkata,West Bengal,Premium,Koffee Spotlight Lounge,Show,Reality,English,45
E14305,U1342,C136,play,2026-02-03,Tablet,80,0,26-35,Male,Delhi,Delhi,Free,Speed Street Heist,Movie,Action,English,120
E14306,U1150,C117,pause,2026-01-01,Mobile,10,0,26-35,Female,Kolkata,West Bengal,Premium,Ghar Ek Mandir Classic,Show,Drama,Marathi,24
E14307,U1349,C108,pause,2026-01-01,Mobile,34,0,36-45,Female,Hyderabad,Telangana,VIP,ISL Football Clash of Titans,Sports,Sports,Bengali,60
E14308,U1002,C155,play,2026-02-24,Mobile,8,0,18-25,Female,Chennai,Tamil Nadu,VIP,Wildlife Wonders: Western Ghats,Show,News,English,52
E14309,U1106,C144,pause,2026-02-23,Mobile,15,0,18-25,Female,Lucknow,Uttar Pradesh,Free,Koffee Spotlight Lounge,Show,Reality,English,45
E14310,U1698,C144,pause,2026-02-20,Mobile,15,0,36-45,Female,Ahmedabad,Gujarat,VIP,Koffee Spotlight Lounge,Show,Reality,English,45
E14311,U1188,C120,pause,2026-02-24,Mobile,8,0,26-35,Female,Hyderabad,Telangana,Premium,Succession Politics India,Series,Drama,Hindi,45
E14312,U1006,C112,pause,2026-01-11,Smart TV,42,0,18-25,Male,Pune,Maharashtra,Free,City of Dreams: The Succession,Series,Drama,Hindi,50
E14313,U1505,C102,play,2026-02-04,Mobile,24,0,18-25,Female,Hyderabad,Telangana,VIP,IPL Mega Auction Live Replay,Sports,Sports,Hindi,90
E14314,U1269,C109,complete,2026-01-14,Mobile,44,1,36-45,Male,Kochi,Kerala,VIP,Special Ops: Desert Falcon,Series,Drama,Hindi,45
E14315,U1749,C125,pause,2026-02-03,Smart TV,34,0,18-25,Male,Delhi,Delhi,Free,Chennai Roast Arena,Show,Comedy,Tamil,40
E14316,U1502,C158,complete,2026-01-17,Smart TV,27,1,18-25,Female,Delhi,Delhi,Free,State Express News Tamil,News,News,Tamil,30
E14317,U1123,C102,complete,2026-01-06,Mobile,86,1,18-25,Female,Ahmedabad,Gujarat,VIP,IPL Mega Auction Live Replay,Sports,Sports,Hindi,90
E14318,U1360,C137,play,2026-01-17,Mobile,32,0,26-35,Male,Delhi,Delhi,VIP,Bigg Boss All-Stars Hindi,Show,Reality,Hindi,60
E14319,U1469,C126,pause,2026-01-24,Mobile,7,0,26-35,Male,Mumbai,Maharashtra,VIP,Telugu Comedy Superstars,Show,Comedy,Telugu,30
E14320,U1560,C142,pause,2026-01-05,Web,19,0,26-35,Male,Kolkata,West Bengal,Free,Master Chef Kitchen Wars,Show,Reality,Hindi,45
E14321,U1468,C124,play,2026-01-13,Smart TV,17,0,26-35,Female,Chennai,Tamil Nadu,VIP,Standup Special: Bangalore Humor,Show,Comedy,English,65
E14322,U1681,C117,complete,2026-01-28,Smart TV,22,1,26-35,Male,Chennai,Tamil Nadu,Premium,Ghar Ek Mandir Classic,Show,Drama,Marathi,24
E14323,U1394,C122,complete,2026-01-28,Mobile,21,1,46+,Female,Kochi,Kerala,Premium,Taarak Laugh Fest Episodes,Show,Comedy,Hindi,22
E14324,U1047,C143,pause,2026-01-23,Mobile,26,0,18-25,Male,Patna,Bihar,Free,Roadies Quest,Show,Reality,Hindi,45
E14325,U1151,C142,play,2026-01-12,Smart TV,26,0,26-35,Male,Mumbai,Maharashtra,Free,Master Chef Kitchen Wars,Show,Reality,Hindi,45
E14326,U1330,C123,complete,2026-02-13,Mobile,24,1,18-25,Female,Bengaluru,Karnataka,Premium,Sarabhai Classic Revival,Series,Comedy,Hindi,25
E14327,U1612,C143,pause,2026-01-15,Mobile,4,0,26-35,Female,Bengaluru,Karnataka,VIP,Roadies Quest,Show,Reality,Hindi,45
E14328,U1462,C114,complete,2026-02-17,Mobile,41,1,18-25,Female,Kochi,Kerala,VIP,Telugu Royal Heritage,Series,Drama,Telugu,45
E14329,U1137,C156,complete,2026-02-07,Mobile,40,1,26-35,Female,Delhi,Delhi,VIP,Cricket Icons: The Untold Story,Show,News,Hindi,45
E14330,U1457,C104,play,2026-01-25,Web,16,0,36-45,Male,Pune,Maharashtra,VIP,IND vs ENG Test Day 3 Highlights,Sports,Sports,English,50
E14331,U1589,C148,pause,2026-02-10,Mobile,7,0,18-25,Male,Lucknow,Uttar Pradesh,Free,Doraemon Magic Gadgets,Series,Kids,Hindi,20
E14332,U1736,C134,complete,2026-01-31,Smart TV,129,1,26-35,Female,Delhi,Delhi,VIP,Night Hunter Squad,Movie,Action,English,130
E14333,U1155,C134,pause,2026-02-12,Mobile,71,0,36-45,Male,Mumbai,Maharashtra,Free,Night Hunter Squad,Movie,Action,English,130
E14334,U1161,C120,complete,2026-01-03,Tablet,42,1,26-35,Male,Pune,Maharashtra,Premium,Succession Politics India,Series,Drama,Hindi,45
E14335,U1603,C139,pause,2026-01-24,Mobile,11,0,46+,Male,Bengaluru,Karnataka,Free,Bigg Boss Telugu Live,Show,Reality,Telugu,60
E14336,U1386,C117,play,2026-02-09,Smart TV,18,0,46+,Female,Kolkata,West Bengal,Free,Ghar Ek Mandir Classic,Show,Drama,Marathi,24
E14337,U1742,C104,play,2026-02-09,Web,15,0,18-25,Male,Mumbai,Maharashtra,VIP,IND vs ENG Test Day 3 Highlights,Sports,Sports,English,50
E14338,U1135,C140,complete,2026-01-22,Mobile,45,1,26-35,Female,Mumbai,Maharashtra,Free,Dance India Dance Championship,Show,Reality,Hindi,50
E14339,U1228,C131,pause,2026-01-12,Web,61,0,36-45,Male,Mumbai,Maharashtra,Free,Devara Storm Rising,Movie,Action,Telugu,160
E14340,U1556,C143,pause,2026-02-02,Mobile,13,0,18-25,Male,Pune,Maharashtra,VIP,Roadies Quest,Show,Reality,Hindi,45
E14341,U1422,C126,complete,2026-01-03,Smart TV,29,1,26-35,Male,Chennai,Tamil Nadu,VIP,Telugu Comedy Superstars,Show,Comedy,Telugu,30
E14342,U1698,C125,complete,2026-02-02,Smart TV,39,1,36-45,Female,Ahmedabad,Gujarat,VIP,Chennai Roast Arena,Show,Comedy,Tamil,40
E14343,U1286,C156,pause,2026-01-14,Web,26,0,26-35,Female,Delhi,Delhi,VIP,Cricket Icons: The Untold Story,Show,News,Hindi,45
E14344,U1711,C148,complete,2026-02-01,Tablet,18,1,18-25,Male,Bengaluru,Karnataka,VIP,Doraemon Magic Gadgets,Series,Kids,Hindi,20
E14345,U1030,C117,pause,2026-02-21,Mobile,7,0,18-25,Male,Chennai,Tamil Nadu,Free,Ghar Ek Mandir Classic,Show,Drama,Marathi,24
E14346,U1581,C115,pause,2026-01-29,Mobile,8,0,46+,Male,Ahmedabad,Gujarat,VIP,Bengal Courtroom Secrets,Series,Drama,Bengali,40
E14347,U1501,C117,play,2026-02-17,Smart TV,13,0,26-35,Female,Hyderabad,Telangana,VIP,Ghar Ek Mandir Classic,Show,Drama,Marathi,24
E14348,U1051,C115,pause,2026-01-17,Smart TV,12,0,26-35,Female,Chennai,Tamil Nadu,Free,Bengal Courtroom Secrets,Series,Drama,Bengali,40
E14349,U1652,C133,complete,2026-01-24,Smart TV,43,1,26-35,Female,Jaipur,Rajasthan,VIP,Rudra: The Edge of Darkness,Series,Action,Hindi,48
E14350,U1169,C123,complete,2026-02-13,Smart TV,24,1,36-45,Female,Kolkata,West Bengal,Free,Sarabhai Classic Revival,Series,Comedy,Hindi,25
E14351,U1628,C125,pause,2026-02-26,Mobile,15,0,36-45,Male,Mumbai,Maharashtra,VIP,Chennai Roast Arena,Show,Comedy,Tamil,40
E14352,U1017,C120,complete,2026-01-03,Web,44,1,36-45,Male,Hyderabad,Telangana,Free,Succession Politics India,Series,Drama,Hindi,45
E14353,U1588,C122,complete,2026-02-16,Mobile,20,1,26-35,Male,Kolkata,West Bengal,VIP,Taarak Laugh Fest Episodes,Show,Comedy,Hindi,22
E14354,U1405,C149,complete,2026-01-16,Smart TV,19,1,18-25,Male,Lucknow,Uttar Pradesh,Premium,Shinchan Laugh Club,Series,Kids,Tamil,20
E14355,U1306,C117,pause,2026-02-19,Tablet,13,0,18-25,Female,Delhi,Delhi,Free,Ghar Ek Mandir Classic,Show,Drama,Marathi,24
E14356,U1019,C108,pause,2026-01-01,Mobile,31,0,18-25,Female,Jaipur,Rajasthan,Free,ISL Football Clash of Titans,Sports,Sports,Bengali,60
E14357,U1551,C117,pause,2026-01-07,Mobile,4,0,18-25,Male,Hyderabad,Telangana,VIP,Ghar Ek Mandir Classic,Show,Drama,Marathi,24
E14358,U1028,C138,complete,2026-02-04,Mobile,55,1,46+,Female,Lucknow,Uttar Pradesh,VIP,Bigg Boss Tamil Season 8,Show,Reality,Tamil,60
E14359,U1344,C129,pause,2026-02-11,Mobile,83,0,46+,Female,Delhi,Delhi,VIP,Tiger Underground Strike,Movie,Action,Hindi,155
E14360,U1325,C136,pause,2026-01-03,Tablet,42,0,26-35,Male,Kochi,Kerala,Free,Speed Street Heist,Movie,Action,English,120
E14361,U1176,C143,play,2026-02-09,Tablet,10,0,26-35,Male,Mumbai,Maharashtra,VIP,Roadies Quest,Show,Reality,Hindi,45
E14362,U1361,C104,play,2026-01-19,Smart TV,31,0,36-45,Male,Patna,Bihar,Free,IND vs ENG Test Day 3 Highlights,Sports,Sports,English,50
E14363,U1620,C103,complete,2026-01-28,Web,57,1,26-35,Female,Delhi,Delhi,Premium,Premier League Weekly Showdown,Sports,Sports,English,60
E14364,U1028,C141,pause,2026-02-03,Mobile,13,0,46+,Female,Lucknow,Uttar Pradesh,VIP,Shark Pitch India S4,Show,Reality,Hindi,55
E14365,U1190,C145,pause,2026-01-16,Mobile,15,0,18-25,Male,Mumbai,Maharashtra,Premium,Chhota Bheem Himalayan Tour,Movie,Kids,Hindi,85
E14366,U1652,C101,complete,2026-01-29,Mobile,44,1,26-35,Female,Jaipur,Rajasthan,VIP,IND vs AUS T20 Cup Highlights,Sports,Sports,Hindi,45
E14367,U1651,C116,complete,2026-02-24,Smart TV,119,1,46+,Female,Kochi,Kerala,VIP,Kolkata Love Diary,Movie,Drama,Bengali,125
E14368,U1255,C152,play,2026-01-27,Web,13,0,18-25,Male,Hyderabad,Telangana,VIP,Global Tech & Economy Report,News,News,English,25
E14369,U1021,C139,pause,2026-02-18,Mobile,20,0,18-25,Female,Pune,Maharashtra,Free,Bigg Boss Telugu Live,Show,Reality,Telugu,60
E14370,U1357,C122,play,2026-01-11,Smart TV,11,0,18-25,Female,Hyderabad,Telangana,Free,Taarak Laugh Fest Episodes,Show,Comedy,Hindi,22
E14371,U1454,C109,pause,2026-01-09,Smart TV,33,0,18-25,Other,Bengaluru,Karnataka,Free,Special Ops: Desert Falcon,Series,Drama,Hindi,45
E14372,U1127,C121,pause,2026-02-13,Mobile,11,0,26-35,Male,Kolkata,West Bengal,Premium,The Great Indian Comedy Lab,Show,Comedy,Hindi,35
E14373,U1067,C138,play,2026-01-29,Mobile,19,0,18-25,Female,Jaipur,Rajasthan,VIP,Bigg Boss Tamil Season 8,Show,Reality,Tamil,60
E14374,U1006,C148,pause,2026-01-03,Mobile,6,0,18-25,Male,Pune,Maharashtra,Free,Doraemon Magic Gadgets,Series,Kids,Hindi,20
E14375,U1471,C139,complete,2026-02-22,Web,59,1,46+,Male,Lucknow,Uttar Pradesh,VIP,Bigg Boss Telugu Live,Show,Reality,Telugu,60
E14376,U1325,C102,pause,2026-02-11,Mobile,16,0,26-35,Male,Kochi,Kerala,Free,IPL Mega Auction Live Replay,Sports,Sports,Hindi,90
E14377,U1224,C126,pause,2026-02-03,Mobile,14,0,36-45,Male,Delhi,Delhi,VIP,Telugu Comedy Superstars,Show,Comedy,Telugu,30
E14378,U1634,C115,pause,2026-02-13,Mobile,9,0,26-35,Female,Pune,Maharashtra,Premium,Bengal Courtroom Secrets,Series,Drama,Bengali,40
E14379,U1005,C112,complete,2026-01-04,Mobile,45,1,36-45,Male,Pune,Maharashtra,VIP,City of Dreams: The Succession,Series,Drama,Hindi,50
E14380,U1465,C107,pause,2026-02-12,Web,22,0,26-35,Female,Mumbai,Maharashtra,Premium,Champions Trophy Pre-Show,Sports,Sports,Telugu,40
E14381,U1594,C141,pause,2026-02-03,Mobile,6,0,18-25,Female,Delhi,Delhi,Free,Shark Pitch India S4,Show,Reality,Hindi,55
E14382,U1240,C132,play,2026-02-05,Web,28,0,18-25,Male,Bengaluru,Karnataka,Free,Commando Force Mumbai,Series,Action,Hindi,42
E14383,U1428,C129,pause,2026-01-12,Mobile,28,0,18-25,Other,Lucknow,Uttar Pradesh,Free,Tiger Underground Strike,Movie,Action,Hindi,155
E14384,U1725,C102,complete,2026-02-15,Smart TV,81,1,26-35,Female,Bengaluru,Karnataka,VIP,IPL Mega Auction Live Replay,Sports,Sports,Hindi,90
E14385,U1623,C106,pause,2026-01-14,Smart TV,12,0,26-35,Female,Delhi,Delhi,VIP,WPL T20 Blockbuster Match,Sports,Sports,Hindi,60
E14386,U1629,C133,pause,2026-01-25,Web,21,0,46+,Male,Kolkata,West Bengal,VIP,Rudra: The Edge of Darkness,Series,Action,Hindi,48
E14387,U1135,C101,pause,2026-01-26,Smart TV,35,0,26-35,Female,Mumbai,Maharashtra,Free,IND vs AUS T20 Cup Highlights,Sports,Sports,Hindi,45
E14388,U1269,C156,complete,2026-02-07,Tablet,43,1,36-45,Male,Kochi,Kerala,VIP,Cricket Icons: The Untold Story,Show,News,Hindi,45
E14389,U1079,C115,play,2026-01-14,Web,22,0,46+,Male,Kochi,Kerala,Free,Bengal Courtroom Secrets,Series,Drama,Bengali,40
E14390,U1695,C101,pause,2026-02-05,Mobile,17,0,26-35,Male,Ahmedabad,Gujarat,Free,IND vs AUS T20 Cup Highlights,Sports,Sports,Hindi,45
E14391,U1730,C114,complete,2026-02-04,Mobile,40,1,18-25,Female,Pune,Maharashtra,VIP,Telugu Royal Heritage,Series,Drama,Telugu,45
E14392,U1097,C102,pause,2026-02-28,Tablet,63,0,26-35,Male,Delhi,Delhi,Premium,IPL Mega Auction Live Replay,Sports,Sports,Hindi,90
E14393,U1034,C126,play,2026-01-04,Mobile,10,0,26-35,Male,Hyderabad,Telangana,Free,Telugu Comedy Superstars,Show,Comedy,Telugu,30
E14394,U1681,C115,pause,2026-01-29,Mobile,7,0,26-35,Male,Chennai,Tamil Nadu,Premium,Bengal Courtroom Secrets,Series,Drama,Bengali,40
E14395,U1572,C123,complete,2026-02-17,Mobile,24,1,18-25,Female,Bengaluru,Karnataka,VIP,Sarabhai Classic Revival,Series,Comedy,Hindi,25
E14396,U1103,C142,play,2026-01-24,Mobile,8,0,18-25,Male,Delhi,Delhi,VIP,Master Chef Kitchen Wars,Show,Reality,Hindi,45
E14397,U1647,C126,pause,2026-01-09,Mobile,5,0,26-35,Female,Ahmedabad,Gujarat,Free,Telugu Comedy Superstars,Show,Comedy,Telugu,30
E14398,U1332,C111,complete,2026-02-02,Mobile,21,1,18-25,Female,Hyderabad,Telangana,Premium,Yeh Rishta: Family Bonds,Show,Drama,Hindi,22
E14399,U1256,C144,pause,2026-02-03,Mobile,12,0,26-35,Male,Hyderabad,Telangana,Free,Koffee Spotlight Lounge,Show,Reality,English,45
E14400,U1504,C103,play,2026-01-08,Web,14,0,36-45,Male,Delhi,Delhi,VIP,Premier League Weekly Showdown,Sports,Sports,English,60
E14401,U1437,C138,pause,2026-02-02,Web,35,0,26-35,Female,Jaipur,Rajasthan,Free,Bigg Boss Tamil Season 8,Show,Reality,Tamil,60
E14402,U1345,C104,complete,2026-01-19,Smart TV,48,1,26-35,Male,Pune,Maharashtra,VIP,IND vs ENG Test Day 3 Highlights,Sports,Sports,English,50
E14403,U1387,C111,play,2026-02-02,Smart TV,16,0,26-35,Female,Patna,Bihar,VIP,Yeh Rishta: Family Bonds,Show,Drama,Hindi,22
E14404,U1434,C134,play,2026-01-02,Mobile,12,0,18-25,Male,Hyderabad,Telangana,VIP,Night Hunter Squad,Movie,Action,English,130
E14405,U1339,C143,complete,2026-02-08,Smart TV,44,1,18-25,Female,Chennai,Tamil Nadu,Free,Roadies Quest,Show,Reality,Hindi,45
E14406,U1536,C140,pause,2026-01-04,Mobile,16,0,18-25,Male,Mumbai,Maharashtra,Free,Dance India Dance Championship,Show,Reality,Hindi,50
E14407,U1385,C137,complete,2026-01-20,Smart TV,58,1,26-35,Male,Delhi,Delhi,VIP,Bigg Boss All-Stars Hindi,Show,Reality,Hindi,60
E14408,U1340,C143,pause,2026-01-12,Smart TV,14,0,18-25,Male,Kolkata,West Bengal,Premium,Roadies Quest,Show,Reality,Hindi,45
E14409,U1281,C145,complete,2026-02-24,Mobile,80,1,18-25,Male,Bengaluru,Karnataka,Free,Chhota Bheem Himalayan Tour,Movie,Kids,Hindi,85
E14410,U1212,C130,pause,2026-02-01,Web,60,0,18-25,Female,Mumbai,Maharashtra,VIP,Vikram: Shadow Commander,Movie,Action,Tamil,165
E14411,U1038,C112,complete,2026-02-05,Mobile,49,1,18-25,Male,Chennai,Tamil Nadu,VIP,City of Dreams: The Succession,Series,Drama,Hindi,50
E14412,U1628,C128,complete,2026-02-16,Smart TV,106,1,36-45,Male,Mumbai,Maharashtra,VIP,College Boys Chaos,Movie,Comedy,Hindi,115
E14413,U1637,C104,complete,2026-02-20,Mobile,47,1,18-25,Female,Delhi,Delhi,Premium,IND vs ENG Test Day 3 Highlights,Sports,Sports,English,50
E14414,U1320,C143,complete,2026-01-22,Mobile,43,1,26-35,Male,Mumbai,Maharashtra,VIP,Roadies Quest,Show,Reality,Hindi,45
E14415,U1678,C150,complete,2026-02-16,Smart TV,20,1,26-35,Female,Ahmedabad,Gujarat,Premium,Super Bheem Galactic Battle,Series,Kids,Telugu,22
E14416,U1597,C116,complete,2026-01-10,Mobile,122,1,36-45,Female,Mumbai,Maharashtra,VIP,Kolkata Love Diary,Movie,Drama,Bengali,125
E14417,U1374,C135,complete,2026-01-19,Mobile,131,1,26-35,Male,Mumbai,Maharashtra,VIP,Fighter Wing Alpha,Movie,Action,Hindi,145
E14418,U1619,C152,complete,2026-02-28,Smart TV,22,1,18-25,Male,Mumbai,Maharashtra,VIP,Global Tech & Economy Report,News,News,English,25
E14419,U1699,C142,complete,2026-02-05,Mobile,42,1,18-25,Female,Bengaluru,Karnataka,VIP,Master Chef Kitchen Wars,Show,Reality,Hindi,45
E14420,U1169,C112,pause,2026-01-28,Mobile,26,0,36-45,Female,Kolkata,West Bengal,Free,City of Dreams: The Succession,Series,Drama,Hindi,50
E14421,U1604,C154,pause,2026-01-24,Mobile,19,0,18-25,Male,Bengaluru,Karnataka,Free,Elections Ground Pulse,News,News,Hindi,35
E14422,U1600,C150,pause,2026-01-04,Mobile,10,0,46+,Female,Bengaluru,Karnataka,Free,Super Bheem Galactic Battle,Series,Kids,Telugu,22
E14423,U1426,C140,complete,2026-02-17,Mobile,49,1,26-35,Female,Kolkata,West Bengal,Free,Dance India Dance Championship,Show,Reality,Hindi,50
E14424,U1442,C102,pause,2026-01-06,Mobile,20,0,18-25,Male,Mumbai,Maharashtra,VIP,IPL Mega Auction Live Replay,Sports,Sports,Hindi,90
E14425,U1281,C114,complete,2026-02-10,Mobile,41,1,18-25,Male,Bengaluru,Karnataka,Free,Telugu Royal Heritage,Series,Drama,Telugu,45
E14426,U1548,C121,pause,2026-02-09,Mobile,9,0,26-35,Female,Hyderabad,Telangana,Free,The Great Indian Comedy Lab,Show,Comedy,Hindi,35
E14427,U1519,C109,pause,2026-02-26,Mobile,4,0,26-35,Male,Bengaluru,Karnataka,VIP,Special Ops: Desert Falcon,Series,Drama,Hindi,45
E14428,U1391,C124,pause,2026-01-24,Mobile,37,0,46+,Other,Pune,Maharashtra,VIP,Standup Special: Bangalore Humor,Show,Comedy,English,65
E14429,U1597,C127,complete,2026-01-14,Smart TV,28,1,36-45,Female,Mumbai,Maharashtra,VIP,Pune Pun Factory,Show,Comedy,Marathi,30
E14430,U1118,C106,complete,2026-02-13,Mobile,58,1,18-25,Male,Hyderabad,Telangana,VIP,WPL T20 Blockbuster Match,Sports,Sports,Hindi,60
E14431,U1515,C109,pause,2026-01-12,Mobile,8,0,18-25,Male,Delhi,Delhi,VIP,Special Ops: Desert Falcon,Series,Drama,Hindi,45
E14432,U1681,C134,pause,2026-02-11,Web,60,0,26-35,Male,Chennai,Tamil Nadu,Premium,Night Hunter Squad,Movie,Action,English,130
E14433,U1745,C103,complete,2026-01-29,Mobile,55,1,26-35,Male,Bengaluru,Karnataka,VIP,Premier League Weekly Showdown,Sports,Sports,English,60
E14434,U1394,C139,complete,2026-02-17,Mobile,56,1,46+,Female,Kochi,Kerala,Premium,Bigg Boss Telugu Live,Show,Reality,Telugu,60
E14435,U1669,C145,pause,2026-02-14,Web,35,0,26-35,Female,Delhi,Delhi,Free,Chhota Bheem Himalayan Tour,Movie,Kids,Hindi,85
E14436,U1061,C112,complete,2026-01-18,Smart TV,46,1,26-35,Female,Mumbai,Maharashtra,Premium,City of Dreams: The Succession,Series,Drama,Hindi,50
E14437,U1102,C142,pause,2026-01-13,Mobile,9,0,36-45,Male,Delhi,Delhi,Free,Master Chef Kitchen Wars,Show,Reality,Hindi,45
E14438,U1582,C139,complete,2026-01-16,Smart TV,56,1,26-35,Male,Bengaluru,Karnataka,Premium,Bigg Boss Telugu Live,Show,Reality,Telugu,60
E14439,U1337,C140,complete,2026-01-31,Mobile,48,1,46+,Male,Delhi,Delhi,VIP,Dance India Dance Championship,Show,Reality,Hindi,50
E14440,U1339,C143,pause,2026-02-12,Mobile,10,0,18-25,Female,Chennai,Tamil Nadu,Free,Roadies Quest,Show,Reality,Hindi,45
E14441,U1059,C150,play,2026-02-09,Mobile,4,0,18-25,Male,Bengaluru,Karnataka,VIP,Super Bheem Galactic Battle,Series,Kids,Telugu,22
E14442,U1538,C110,complete,2026-01-20,Web,23,1,26-35,Female,Chennai,Tamil Nadu,Free,Anupama: New Beginnings,Show,Drama,Hindi,25
E14443,U1499,C107,play,2026-02-07,Mobile,15,0,26-35,Male,Mumbai,Maharashtra,Free,Champions Trophy Pre-Show,Sports,Sports,Telugu,40
E14444,U1574,C143,play,2026-01-25,Web,11,0,18-25,Male,Kolkata,West Bengal,VIP,Roadies Quest,Show,Reality,Hindi,45
E14445,U1296,C135,complete,2026-02-12,Web,143,1,46+,Female,Kolkata,West Bengal,VIP,Fighter Wing Alpha,Movie,Action,Hindi,145
E14446,U1742,C107,play,2026-02-11,Mobile,6,0,18-25,Male,Mumbai,Maharashtra,VIP,Champions Trophy Pre-Show,Sports,Sports,Telugu,40
E14447,U1474,C145,complete,2026-01-12,Mobile,80,1,18-25,Female,Ahmedabad,Gujarat,VIP,Chhota Bheem Himalayan Tour,Movie,Kids,Hindi,85
E14448,U1678,C109,pause,2026-01-25,Mobile,16,0,26-35,Female,Ahmedabad,Gujarat,Premium,Special Ops: Desert Falcon,Series,Drama,Hindi,45
E14449,U1512,C103,play,2026-02-03,Mobile,13,0,26-35,Female,Mumbai,Maharashtra,VIP,Premier League Weekly Showdown,Sports,Sports,English,60
E14450,U1722,C123,pause,2026-01-25,Mobile,11,0,36-45,Male,Mumbai,Maharashtra,Free,Sarabhai Classic Revival,Series,Comedy,Hindi,25
E14451,U1523,C148,play,2026-02-12,Mobile,8,0,26-35,Female,Delhi,Delhi,Free,Doraemon Magic Gadgets,Series,Kids,Hindi,20
E14452,U1689,C158,play,2026-01-04,Web,9,0,46+,Female,Mumbai,Maharashtra,Free,State Express News Tamil,News,News,Tamil,30
E14453,U1671,C114,complete,2026-02-17,Web,42,1,18-25,Male,Delhi,Delhi,VIP,Telugu Royal Heritage,Series,Drama,Telugu,45
E14454,U1364,C119,play,2026-02-28,Smart TV,16,0,36-45,Male,Kochi,Kerala,Premium,The Crown Dynasty Legacy,Series,Drama,English,55
E14455,U1156,C121,complete,2026-01-23,Mobile,34,1,46+,Female,Mumbai,Maharashtra,Free,The Great Indian Comedy Lab,Show,Comedy,Hindi,35
E14456,U1133,C110,complete,2026-01-06,Mobile,23,1,18-25,Male,Lucknow,Uttar Pradesh,Free,Anupama: New Beginnings,Show,Drama,Hindi,25
E14457,U1736,C124,pause,2026-01-04,Mobile,8,0,26-35,Female,Delhi,Delhi,VIP,Standup Special: Bangalore Humor,Show,Comedy,English,65
E14458,U1178,C103,complete,2026-02-12,Smart TV,57,1,26-35,Female,Chennai,Tamil Nadu,VIP,Premier League Weekly Showdown,Sports,Sports,English,60
E14459,U1708,C101,pause,2026-02-26,Mobile,5,0,46+,Female,Bengaluru,Karnataka,Free,IND vs AUS T20 Cup Highlights,Sports,Sports,Hindi,45
E14460,U1642,C113,play,2026-02-23,Mobile,80,0,26-35,Female,Kolkata,West Bengal,Premium,Kaithi Revenge Chronicles,Movie,Drama,Tamil,140
E14461,U1127,C128,complete,2026-02-15,Web,108,1,26-35,Male,Kolkata,West Bengal,Premium,College Boys Chaos,Movie,Comedy,Hindi,115
E14462,U1746,C107,play,2026-01-09,Mobile,17,0,26-35,Male,Kolkata,West Bengal,Free,Champions Trophy Pre-Show,Sports,Sports,Telugu,40
E14463,U1144,C127,complete,2026-02-21,Mobile,29,1,26-35,Male,Bengaluru,Karnataka,Free,Pune Pun Factory,Show,Comedy,Marathi,30
E14464,U1382,C156,complete,2026-01-10,Smart TV,40,1,26-35,Female,Hyderabad,Telangana,Free,Cricket Icons: The Untold Story,Show,News,Hindi,45
E14465,U1085,C103,play,2026-02-28,Mobile,29,0,26-35,Male,Delhi,Delhi,Free,Premier League Weekly Showdown,Sports,Sports,English,60
E14466,U1220,C142,play,2026-01-31,Mobile,3,0,26-35,Male,Chennai,Tamil Nadu,Free,Master Chef Kitchen Wars,Show,Reality,Hindi,45
E14467,U1012,C107,complete,2026-02-21,Smart TV,39,1,18-25,Male,Hyderabad,Telangana,VIP,Champions Trophy Pre-Show,Sports,Sports,Telugu,40
E14468,U1213,C113,play,2026-01-01,Tablet,18,0,18-25,Female,Delhi,Delhi,Free,Kaithi Revenge Chronicles,Movie,Drama,Tamil,140
E14469,U1471,C122,pause,2026-01-05,Web,3,0,46+,Male,Lucknow,Uttar Pradesh,VIP,Taarak Laugh Fest Episodes,Show,Comedy,Hindi,22
E14470,U1006,C139,pause,2026-01-30,Web,9,0,18-25,Male,Pune,Maharashtra,Free,Bigg Boss Telugu Live,Show,Reality,Telugu,60
E14471,U1212,C141,pause,2026-02-23,Mobile,12,0,18-25,Female,Mumbai,Maharashtra,VIP,Shark Pitch India S4,Show,Reality,Hindi,55
E14472,U1107,C112,complete,2026-02-21,Mobile,46,1,36-45,Male,Mumbai,Maharashtra,Free,City of Dreams: The Succession,Series,Drama,Hindi,50
E14473,U1058,C118,complete,2026-01-15,Mobile,43,1,18-25,Male,Lucknow,Uttar Pradesh,Premium,Kerala Waterfront Mystery,Series,Drama,Malayalam,48
E14474,U1139,C104,pause,2026-01-10,Mobile,16,0,26-35,Female,Delhi,Delhi,Free,IND vs ENG Test Day 3 Highlights,Sports,Sports,English,50
E14475,U1178,C114,play,2026-02-13,Mobile,24,0,26-35,Female,Chennai,Tamil Nadu,VIP,Telugu Royal Heritage,Series,Drama,Telugu,45
E14476,U1169,C132,complete,2026-01-21,Mobile,39,1,36-45,Female,Kolkata,West Bengal,Free,Commando Force Mumbai,Series,Action,Hindi,42
E14477,U1072,C101,play,2026-03-01,Tablet,29,0,18-25,Female,Mumbai,Maharashtra,Free,IND vs AUS T20 Cup Highlights,Sports,Sports,Hindi,45
E14478,U1332,C123,complete,2026-01-05,Mobile,23,1,18-25,Female,Hyderabad,Telangana,Premium,Sarabhai Classic Revival,Series,Comedy,Hindi,25
E14479,U1587,C156,pause,2026-02-14,Mobile,22,0,18-25,Male,Hyderabad,Telangana,VIP,Cricket Icons: The Untold Story,Show,News,Hindi,45
E14480,U1454,C141,complete,2026-02-06,Tablet,53,1,18-25,Other,Bengaluru,Karnataka,Free,Shark Pitch India S4,Show,Reality,Hindi,55
E14481,U1607,C139,complete,2026-01-18,Web,59,1,36-45,Male,Mumbai,Maharashtra,Free,Bigg Boss Telugu Live,Show,Reality,Telugu,60
E14482,U1401,C138,pause,2026-01-31,Smart TV,45,0,36-45,Male,Hyderabad,Telangana,VIP,Bigg Boss Tamil Season 8,Show,Reality,Tamil,60
E14483,U1620,C146,complete,2026-02-15,Smart TV,73,1,26-35,Female,Delhi,Delhi,Premium,Motu Patlu Space Adventure,Movie,Kids,Hindi,75
E14484,U1401,C102,complete,2026-02-17,Mobile,83,1,36-45,Male,Hyderabad,Telangana,VIP,IPL Mega Auction Live Replay,Sports,Sports,Hindi,90
E14485,U1401,C114,complete,2026-01-02,Web,40,1,36-45,Male,Hyderabad,Telangana,VIP,Telugu Royal Heritage,Series,Drama,Telugu,45
E14486,U1098,C102,pause,2026-01-20,Mobile,47,0,18-25,Male,Chennai,Tamil Nadu,VIP,IPL Mega Auction Live Replay,Sports,Sports,Hindi,90
E14487,U1414,C102,complete,2026-01-19,Mobile,82,1,18-25,Male,Hyderabad,Telangana,VIP,IPL Mega Auction Live Replay,Sports,Sports,Hindi,90
E14488,U1297,C116,pause,2026-01-21,Mobile,22,0,26-35,Male,Pune,Maharashtra,VIP,Kolkata Love Diary,Movie,Drama,Bengali,125
E14489,U1366,C140,complete,2026-01-04,Smart TV,48,1,46+,Male,Jaipur,Rajasthan,VIP,Dance India Dance Championship,Show,Reality,Hindi,50
E14490,U1001,C142,complete,2026-01-17,Web,43,1,26-35,Male,Delhi,Delhi,Free,Master Chef Kitchen Wars,Show,Reality,Hindi,45
E14491,U1164,C150,pause,2026-02-23,Mobile,2,0,26-35,Male,Delhi,Delhi,Free,Super Bheem Galactic Battle,Series,Kids,Telugu,22
E14492,U1724,C111,play,2026-02-09,Mobile,5,0,18-25,Male,Bengaluru,Karnataka,VIP,Yeh Rishta: Family Bonds,Show,Drama,Hindi,22
E14493,U1116,C147,complete,2026-02-28,Web,18,1,46+,Male,Hyderabad,Telangana,VIP,Little Singham Rescue Mission,Series,Kids,Hindi,20
E14494,U1471,C128,pause,2026-01-25,Mobile,57,0,46+,Male,Lucknow,Uttar Pradesh,VIP,College Boys Chaos,Movie,Comedy,Hindi,115
E14495,U1401,C120,complete,2026-01-07,Smart TV,42,1,36-45,Male,Hyderabad,Telangana,VIP,Succession Politics India,Series,Drama,Hindi,45
E14496,U1376,C138,play,2026-01-05,Tablet,15,0,26-35,Male,Jaipur,Rajasthan,Free,Bigg Boss Tamil Season 8,Show,Reality,Tamil,60
E14497,U1737,C136,play,2026-02-08,Smart TV,65,0,18-25,Male,Chennai,Tamil Nadu,Free,Speed Street Heist,Movie,Action,English,120
E14498,U1585,C107,complete,2026-02-26,Smart TV,38,1,26-35,Female,Mumbai,Maharashtra,VIP,Champions Trophy Pre-Show,Sports,Sports,Telugu,40
E14499,U1285,C133,play,2026-01-03,Mobile,23,0,26-35,Female,Jaipur,Rajasthan,Free,Rudra: The Edge of Darkness,Series,Action,Hindi,48
E14500,U1293,C137,complete,2026-01-23,Web,59,1,18-25,Male,Pune,Maharashtra,Free,Bigg Boss All-Stars Hindi,Show,Reality,Hindi,60
E14501,U1625,C157,complete,2026-01-30,Mobile,39,1,18-25,Female,Bengaluru,Karnataka,VIP,Startup Founders Blueprint,Show,News,English,40
E14502,U1014,C123,complete,2026-02-06,Web,23,1,26-35,Male,Lucknow,Uttar Pradesh,VIP,Sarabhai Classic Revival,Series,Comedy,Hindi,25
E14503,U1188,C107,pause,2026-02-11,Mobile,16,0,26-35,Female,Hyderabad,Telangana,Premium,Champions Trophy Pre-Show,Sports,Sports,Telugu,40
E14504,U1706,C107,pause,2026-01-09,Mobile,6,0,36-45,Female,Delhi,Delhi,Free,Champions Trophy Pre-Show,Sports,Sports,Telugu,40
E14505,U1733,C142,pause,2026-02-05,Smart TV,32,0,36-45,Male,Bengaluru,Karnataka,Free,Master Chef Kitchen Wars,Show,Reality,Hindi,45
E14506,U1331,C144,complete,2026-02-26,Mobile,44,1,26-35,Female,Mumbai,Maharashtra,VIP,Koffee Spotlight Lounge,Show,Reality,English,45
E14507,U1703,C108,pause,2026-02-06,Web,7,0,26-35,Male,Chennai,Tamil Nadu,Free,ISL Football Clash of Titans,Sports,Sports,Bengali,60
E14508,U1002,C127,complete,2026-01-09,Smart TV,29,1,18-25,Female,Chennai,Tamil Nadu,VIP,Pune Pun Factory,Show,Comedy,Marathi,30
E14509,U1379,C118,complete,2026-02-21,Mobile,47,1,18-25,Female,Bengaluru,Karnataka,VIP,Kerala Waterfront Mystery,Series,Drama,Malayalam,48
E14510,U1507,C136,play,2026-01-06,Mobile,60,0,26-35,Male,Kolkata,West Bengal,Premium,Speed Street Heist,Movie,Action,English,120
E14511,U1203,C130,play,2026-01-07,Mobile,23,0,18-25,Female,Delhi,Delhi,Free,Vikram: Shadow Commander,Movie,Action,Tamil,165
E14512,U1429,C119,pause,2026-01-02,Smart TV,43,0,26-35,Male,Mumbai,Maharashtra,Free,The Crown Dynasty Legacy,Series,Drama,English,55
E14513,U1722,C120,play,2026-02-06,Smart TV,17,0,36-45,Male,Mumbai,Maharashtra,Free,Succession Politics India,Series,Drama,Hindi,45
E14514,U1523,C159,complete,2026-02-22,Web,23,1,26-35,Female,Delhi,Delhi,Free,Bengal Morning Bulletin,News,News,Bengali,25
E14515,U1678,C105,complete,2026-02-16,Mobile,68,1,26-35,Female,Ahmedabad,Gujarat,Premium,Pro Kabaddi League Finals,Sports,Sports,Tamil,70
E14516,U1630,C150,play,2026-02-09,Smart TV,14,0,26-35,Male,Delhi,Delhi,Free,Super Bheem Galactic Battle,Series,Kids,Telugu,22
E14517,U1118,C102,complete,2026-01-18,Mobile,85,1,18-25,Male,Hyderabad,Telangana,VIP,IPL Mega Auction Live Replay,Sports,Sports,Hindi,90
E14518,U1665,C138,pause,2026-01-09,Mobile,15,0,18-25,Female,Mumbai,Maharashtra,Free,Bigg Boss Tamil Season 8,Show,Reality,Tamil,60
E14519,U1556,C123,pause,2026-01-29,Mobile,13,0,18-25,Male,Pune,Maharashtra,VIP,Sarabhai Classic Revival,Series,Comedy,Hindi,25
E14520,U1461,C116,play,2026-02-11,Tablet,66,0,26-35,Male,Chennai,Tamil Nadu,Premium,Kolkata Love Diary,Movie,Drama,Bengali,125
E14521,U1420,C108,complete,2026-01-31,Mobile,57,1,26-35,Male,Delhi,Delhi,VIP,ISL Football Clash of Titans,Sports,Sports,Bengali,60
E14522,U1570,C107,complete,2026-01-13,Mobile,36,1,18-25,Female,Mumbai,Maharashtra,VIP,Champions Trophy Pre-Show,Sports,Sports,Telugu,40
E14523,U1038,C117,pause,2026-02-01,Mobile,3,0,18-25,Male,Chennai,Tamil Nadu,VIP,Ghar Ek Mandir Classic,Show,Drama,Marathi,24
E14524,U1071,C104,pause,2026-02-13,Mobile,8,0,26-35,Female,Mumbai,Maharashtra,Premium,IND vs ENG Test Day 3 Highlights,Sports,Sports,English,50
E14525,U1023,C132,pause,2026-02-11,Mobile,14,0,36-45,Male,Kolkata,West Bengal,VIP,Commando Force Mumbai,Series,Action,Hindi,42
E14526,U1297,C105,pause,2026-01-22,Smart TV,32,0,26-35,Male,Pune,Maharashtra,VIP,Pro Kabaddi League Finals,Sports,Sports,Tamil,70
E14527,U1636,C107,complete,2026-01-18,Smart TV,38,1,26-35,Male,Mumbai,Maharashtra,Free,Champions Trophy Pre-Show,Sports,Sports,Telugu,40
E14528,U1588,C154,pause,2026-01-26,Mobile,4,0,26-35,Male,Kolkata,West Bengal,VIP,Elections Ground Pulse,News,News,Hindi,35
E14529,U1448,C134,pause,2026-01-11,Mobile,18,0,18-25,Male,Bengaluru,Karnataka,VIP,Night Hunter Squad,Movie,Action,English,130
E14530,U1602,C105,complete,2026-01-28,Mobile,66,1,26-35,Female,Mumbai,Maharashtra,Premium,Pro Kabaddi League Finals,Sports,Sports,Tamil,70
E14531,U1251,C150,complete,2026-02-16,Smart TV,20,1,18-25,Male,Mumbai,Maharashtra,Premium,Super Bheem Galactic Battle,Series,Kids,Telugu,22
E14532,U1612,C120,pause,2026-01-31,Web,5,0,26-35,Female,Bengaluru,Karnataka,VIP,Succession Politics India,Series,Drama,Hindi,45
E14533,U1530,C123,pause,2026-01-05,Mobile,2,0,18-25,Female,Hyderabad,Telangana,Premium,Sarabhai Classic Revival,Series,Comedy,Hindi,25
E14534,U1689,C135,pause,2026-03-01,Mobile,26,0,46+,Female,Mumbai,Maharashtra,Free,Fighter Wing Alpha,Movie,Action,Hindi,145
E14535,U1534,C103,complete,2026-01-10,Mobile,59,1,26-35,Female,Hyderabad,Telangana,Premium,Premier League Weekly Showdown,Sports,Sports,English,60
E14536,U1677,C121,complete,2026-02-20,Mobile,31,1,18-25,Female,Pune,Maharashtra,Free,The Great Indian Comedy Lab,Show,Comedy,Hindi,35
E14537,U1128,C130,complete,2026-01-27,Web,154,1,26-35,Female,Pune,Maharashtra,VIP,Vikram: Shadow Commander,Movie,Action,Tamil,165
E14538,U1127,C131,pause,2026-02-22,Mobile,45,0,26-35,Male,Kolkata,West Bengal,Premium,Devara Storm Rising,Movie,Action,Telugu,160
E14539,U1597,C157,pause,2026-02-18,Web,11,0,36-45,Female,Mumbai,Maharashtra,VIP,Startup Founders Blueprint,Show,News,English,40
E14540,U1198,C140,pause,2026-02-20,Smart TV,15,0,46+,Female,Bengaluru,Karnataka,Free,Dance India Dance Championship,Show,Reality,Hindi,50
E14541,U1546,C101,pause,2026-02-09,Mobile,20,0,26-35,Female,Ahmedabad,Gujarat,VIP,IND vs AUS T20 Cup Highlights,Sports,Sports,Hindi,45
E14542,U1133,C111,complete,2026-01-07,Smart TV,21,1,18-25,Male,Lucknow,Uttar Pradesh,Free,Yeh Rishta: Family Bonds,Show,Drama,Hindi,22
E14543,U1642,C141,pause,2026-02-09,Mobile,21,0,26-35,Female,Kolkata,West Bengal,Premium,Shark Pitch India S4,Show,Reality,Hindi,55
E14544,U1486,C108,pause,2026-01-29,Mobile,23,0,26-35,Female,Kochi,Kerala,Free,ISL Football Clash of Titans,Sports,Sports,Bengali,60
E14545,U1725,C114,pause,2026-01-06,Mobile,23,0,26-35,Female,Bengaluru,Karnataka,VIP,Telugu Royal Heritage,Series,Drama,Telugu,45
E14546,U1239,C124,complete,2026-01-04,Web,60,1,36-45,Female,Ahmedabad,Gujarat,Free,Standup Special: Bangalore Humor,Show,Comedy,English,65
E14547,U1487,C144,complete,2026-02-13,Web,44,1,18-25,Other,Chennai,Tamil Nadu,Free,Koffee Spotlight Lounge,Show,Reality,English,45
E14548,U1111,C107,complete,2026-01-27,Web,37,1,18-25,Male,Mumbai,Maharashtra,VIP,Champions Trophy Pre-Show,Sports,Sports,Telugu,40
E14549,U1743,C101,complete,2026-02-15,Mobile,41,1,18-25,Female,Delhi,Delhi,VIP,IND vs AUS T20 Cup Highlights,Sports,Sports,Hindi,45
E14550,U1178,C117,complete,2026-02-06,Smart TV,23,1,26-35,Female,Chennai,Tamil Nadu,VIP,Ghar Ek Mandir Classic,Show,Drama,Marathi,24
E14551,U1211,C123,pause,2026-01-18,Web,5,0,26-35,Female,Bengaluru,Karnataka,Premium,Sarabhai Classic Revival,Series,Comedy,Hindi,25
E14552,U1292,C148,play,2026-01-17,Web,12,0,36-45,Male,Chennai,Tamil Nadu,VIP,Doraemon Magic Gadgets,Series,Kids,Hindi,20
E14553,U1358,C102,complete,2026-01-16,Smart TV,88,1,26-35,Male,Kochi,Kerala,VIP,IPL Mega Auction Live Replay,Sports,Sports,Hindi,90
E14554,U1697,C125,complete,2026-02-19,Tablet,38,1,18-25,Male,Lucknow,Uttar Pradesh,Free,Chennai Roast Arena,Show,Comedy,Tamil,40
E14555,U1272,C117,complete,2026-02-17,Mobile,23,1,36-45,Female,Bengaluru,Karnataka,Premium,Ghar Ek Mandir Classic,Show,Drama,Marathi,24
E14556,U1056,C107,complete,2026-02-01,Web,38,1,26-35,Male,Delhi,Delhi,VIP,Champions Trophy Pre-Show,Sports,Sports,Telugu,40
E14557,U1253,C103,pause,2026-02-23,Mobile,14,0,26-35,Male,Bengaluru,Karnataka,Free,Premier League Weekly Showdown,Sports,Sports,English,60
E14558,U1057,C138,complete,2026-02-13,Web,55,1,18-25,Female,Chennai,Tamil Nadu,Free,Bigg Boss Tamil Season 8,Show,Reality,Tamil,60
E14559,U1136,C117,complete,2026-02-08,Smart TV,22,1,18-25,Female,Bengaluru,Karnataka,VIP,Ghar Ek Mandir Classic,Show,Drama,Marathi,24
E14560,U1602,C103,pause,2026-01-29,Web,36,0,26-35,Female,Mumbai,Maharashtra,Premium,Premier League Weekly Showdown,Sports,Sports,English,60
E14561,U1492,C104,pause,2026-01-22,Mobile,8,0,18-25,Male,Bengaluru,Karnataka,VIP,IND vs ENG Test Day 3 Highlights,Sports,Sports,English,50
E14562,U1120,C141,complete,2026-02-25,Smart TV,53,1,26-35,Female,Mumbai,Maharashtra,Free,Shark Pitch India S4,Show,Reality,Hindi,55
E14563,U1077,C136,complete,2026-02-08,Smart TV,114,1,18-25,Male,Ahmedabad,Gujarat,Premium,Speed Street Heist,Movie,Action,English,120
E14564,U1195,C105,complete,2026-02-22,Mobile,63,1,46+,Male,Bengaluru,Karnataka,Free,Pro Kabaddi League Finals,Sports,Sports,Tamil,70
E14565,U1388,C116,pause,2026-01-19,Smart TV,67,0,18-25,Male,Lucknow,Uttar Pradesh,Free,Kolkata Love Diary,Movie,Drama,Bengali,125
E14566,U1644,C118,play,2026-01-02,Mobile,23,0,36-45,Female,Kochi,Kerala,VIP,Kerala Waterfront Mystery,Series,Drama,Malayalam,48
E14567,U1069,C113,complete,2026-02-11,Mobile,138,1,36-45,Female,Ahmedabad,Gujarat,Premium,Kaithi Revenge Chronicles,Movie,Drama,Tamil,140
E14568,U1225,C113,complete,2026-01-26,Smart TV,139,1,18-25,Male,Patna,Bihar,VIP,Kaithi Revenge Chronicles,Movie,Drama,Tamil,140
E14569,U1303,C132,pause,2026-02-21,Mobile,6,0,18-25,Male,Lucknow,Uttar Pradesh,Free,Commando Force Mumbai,Series,Action,Hindi,42
E14570,U1454,C110,pause,2026-01-07,Mobile,6,0,18-25,Other,Bengaluru,Karnataka,Free,Anupama: New Beginnings,Show,Drama,Hindi,25
E14571,U1686,C113,play,2026-01-21,Mobile,19,0,26-35,Female,Chennai,Tamil Nadu,Premium,Kaithi Revenge Chronicles,Movie,Drama,Tamil,140
E14572,U1131,C106,pause,2026-01-04,Mobile,31,0,18-25,Male,Ahmedabad,Gujarat,Free,WPL T20 Blockbuster Match,Sports,Sports,Hindi,60
E14573,U1391,C145,complete,2026-02-04,Mobile,83,1,46+,Other,Pune,Maharashtra,VIP,Chhota Bheem Himalayan Tour,Movie,Kids,Hindi,85
E14574,U1583,C145,complete,2026-02-15,Mobile,78,1,18-25,Male,Delhi,Delhi,Free,Chhota Bheem Himalayan Tour,Movie,Kids,Hindi,85
E14575,U1726,C138,pause,2026-01-12,Mobile,26,0,36-45,Male,Ahmedabad,Gujarat,VIP,Bigg Boss Tamil Season 8,Show,Reality,Tamil,60
E14576,U1706,C122,complete,2026-01-01,Mobile,21,1,36-45,Female,Delhi,Delhi,Free,Taarak Laugh Fest Episodes,Show,Comedy,Hindi,22
E14577,U1746,C113,pause,2026-02-04,Web,85,0,26-35,Male,Kolkata,West Bengal,Free,Kaithi Revenge Chronicles,Movie,Drama,Tamil,140
E14578,U1323,C141,complete,2026-02-19,Web,49,1,18-25,Female,Delhi,Delhi,Premium,Shark Pitch India S4,Show,Reality,Hindi,55
E14579,U1091,C149,play,2026-02-18,Mobile,10,0,26-35,Female,Delhi,Delhi,Premium,Shinchan Laugh Club,Series,Kids,Tamil,20
E14580,U1406,C133,complete,2026-01-31,Web,45,1,18-25,Male,Delhi,Delhi,VIP,Rudra: The Edge of Darkness,Series,Action,Hindi,48
E14581,U1225,C156,play,2026-01-05,Smart TV,21,0,18-25,Male,Patna,Bihar,VIP,Cricket Icons: The Untold Story,Show,News,Hindi,45
E14582,U1023,C133,complete,2026-01-02,Mobile,46,1,36-45,Male,Kolkata,West Bengal,VIP,Rudra: The Edge of Darkness,Series,Action,Hindi,48
E14583,U1169,C108,pause,2026-02-13,Mobile,30,0,36-45,Female,Kolkata,West Bengal,Free,ISL Football Clash of Titans,Sports,Sports,Bengali,60
E14584,U1615,C139,complete,2026-01-19,Smart TV,59,1,18-25,Female,Kolkata,West Bengal,VIP,Bigg Boss Telugu Live,Show,Reality,Telugu,60
E14585,U1602,C141,complete,2026-01-19,Mobile,51,1,26-35,Female,Mumbai,Maharashtra,Premium,Shark Pitch India S4,Show,Reality,Hindi,55
E14586,U1671,C120,pause,2026-01-12,Web,19,0,18-25,Male,Delhi,Delhi,VIP,Succession Politics India,Series,Drama,Hindi,45
E14587,U1368,C143,pause,2026-02-05,Smart TV,28,0,18-25,Male,Hyderabad,Telangana,Premium,Roadies Quest,Show,Reality,Hindi,45
E14588,U1236,C107,complete,2026-02-20,Smart TV,38,1,26-35,Male,Delhi,Delhi,VIP,Champions Trophy Pre-Show,Sports,Sports,Telugu,40
E14589,U1698,C129,pause,2026-02-19,Web,102,0,36-45,Female,Ahmedabad,Gujarat,VIP,Tiger Underground Strike,Movie,Action,Hindi,155
E14590,U1631,C127,complete,2026-02-17,Mobile,29,1,26-35,Male,Hyderabad,Telangana,VIP,Pune Pun Factory,Show,Comedy,Marathi,30
E14591,U1692,C111,complete,2026-01-30,Smart TV,21,1,26-35,Male,Bengaluru,Karnataka,Premium,Yeh Rishta: Family Bonds,Show,Drama,Hindi,22
E14592,U1588,C109,pause,2026-01-06,Mobile,16,0,26-35,Male,Kolkata,West Bengal,VIP,Special Ops: Desert Falcon,Series,Drama,Hindi,45
E14593,U1553,C135,pause,2026-01-20,Smart TV,86,0,18-25,Male,Hyderabad,Telangana,VIP,Fighter Wing Alpha,Movie,Action,Hindi,145
E14594,U1540,C137,play,2026-01-01,Mobile,34,0,18-25,Male,Kolkata,West Bengal,VIP,Bigg Boss All-Stars Hindi,Show,Reality,Hindi,60
E14595,U1376,C116,pause,2026-01-19,Smart TV,85,0,26-35,Male,Jaipur,Rajasthan,Free,Kolkata Love Diary,Movie,Drama,Bengali,125
E14596,U1504,C131,complete,2026-01-30,Smart TV,156,1,36-45,Male,Delhi,Delhi,VIP,Devara Storm Rising,Movie,Action,Telugu,160
E14597,U1286,C118,complete,2026-02-04,Tablet,43,1,26-35,Female,Delhi,Delhi,VIP,Kerala Waterfront Mystery,Series,Drama,Malayalam,48
E14598,U1701,C142,complete,2026-02-22,Web,43,1,18-25,Male,Mumbai,Maharashtra,Free,Master Chef Kitchen Wars,Show,Reality,Hindi,45
E14599,U1183,C111,pause,2026-01-22,Mobile,3,0,36-45,Other,Chennai,Tamil Nadu,Free,Yeh Rishta: Family Bonds,Show,Drama,Hindi,22
E14600,U1252,C107,complete,2026-01-21,Web,36,1,26-35,Male,Kolkata,West Bengal,Premium,Champions Trophy Pre-Show,Sports,Sports,Telugu,40
E14601,U1465,C115,complete,2026-01-23,Mobile,38,1,26-35,Female,Mumbai,Maharashtra,Premium,Bengal Courtroom Secrets,Series,Drama,Bengali,40
E14602,U1070,C139,complete,2026-02-01,Web,57,1,26-35,Female,Bengaluru,Karnataka,VIP,Bigg Boss Telugu Live,Show,Reality,Telugu,60
E14603,U1229,C104,pause,2026-02-18,Mobile,27,0,18-25,Female,Mumbai,Maharashtra,Free,IND vs ENG Test Day 3 Highlights,Sports,Sports,English,50
E14604,U1271,C131,complete,2026-01-05,Web,144,1,36-45,Male,Kochi,Kerala,VIP,Devara Storm Rising,Movie,Action,Telugu,160
E14605,U1374,C123,complete,2026-01-09,Web,23,1,26-35,Male,Mumbai,Maharashtra,VIP,Sarabhai Classic Revival,Series,Comedy,Hindi,25
E14606,U1318,C137,play,2026-01-03,Web,21,0,26-35,Female,Mumbai,Maharashtra,Free,Bigg Boss All-Stars Hindi,Show,Reality,Hindi,60
E14607,U1744,C108,play,2026-01-08,Tablet,14,0,26-35,Male,Mumbai,Maharashtra,Premium,ISL Football Clash of Titans,Sports,Sports,Bengali,60
E14608,U1097,C103,pause,2026-02-16,Mobile,20,0,26-35,Male,Delhi,Delhi,Premium,Premier League Weekly Showdown,Sports,Sports,English,60
E14609,U1432,C109,complete,2026-02-13,Web,42,1,36-45,Male,Ahmedabad,Gujarat,Free,Special Ops: Desert Falcon,Series,Drama,Hindi,45
E14610,U1642,C113,pause,2026-02-17,Mobile,15,0,26-35,Female,Kolkata,West Bengal,Premium,Kaithi Revenge Chronicles,Movie,Drama,Tamil,140
E14611,U1235,C129,pause,2026-01-06,Mobile,81,0,18-25,Female,Bengaluru,Karnataka,Premium,Tiger Underground Strike,Movie,Action,Hindi,155
E14612,U1226,C143,pause,2026-02-04,Mobile,5,0,18-25,Female,Delhi,Delhi,Free,Roadies Quest,Show,Reality,Hindi,45
E14613,U1381,C106,pause,2026-02-07,Mobile,26,0,26-35,Male,Hyderabad,Telangana,Premium,WPL T20 Blockbuster Match,Sports,Sports,Hindi,60
E14614,U1672,C135,complete,2026-01-07,Mobile,143,1,26-35,Male,Delhi,Delhi,VIP,Fighter Wing Alpha,Movie,Action,Hindi,145
E14615,U1386,C101,complete,2026-02-15,Smart TV,44,1,46+,Female,Kolkata,West Bengal,Free,IND vs AUS T20 Cup Highlights,Sports,Sports,Hindi,45
E14616,U1061,C102,complete,2026-01-05,Mobile,82,1,26-35,Female,Mumbai,Maharashtra,Premium,IPL Mega Auction Live Replay,Sports,Sports,Hindi,90
E14617,U1540,C101,complete,2026-01-28,Mobile,42,1,18-25,Male,Kolkata,West Bengal,VIP,IND vs AUS T20 Cup Highlights,Sports,Sports,Hindi,45
E14618,U1039,C132,complete,2026-01-13,Mobile,41,1,26-35,Male,Pune,Maharashtra,Premium,Commando Force Mumbai,Series,Action,Hindi,42
E14619,U1126,C103,complete,2026-02-24,Smart TV,59,1,26-35,Male,Bengaluru,Karnataka,Premium,Premier League Weekly Showdown,Sports,Sports,English,60
E14620,U1006,C134,complete,2026-02-12,Tablet,125,1,18-25,Male,Pune,Maharashtra,Free,Night Hunter Squad,Movie,Action,English,130
E14621,U1376,C108,complete,2026-01-27,Mobile,54,1,26-35,Male,Jaipur,Rajasthan,Free,ISL Football Clash of Titans,Sports,Sports,Bengali,60
E14622,U1275,C144,complete,2026-01-05,Web,42,1,26-35,Male,Mumbai,Maharashtra,VIP,Koffee Spotlight Lounge,Show,Reality,English,45
E14623,U1008,C112,complete,2026-02-17,Mobile,46,1,26-35,Male,Lucknow,Uttar Pradesh,Free,City of Dreams: The Succession,Series,Drama,Hindi,50
E14624,U1345,C113,pause,2026-02-13,Mobile,79,0,26-35,Male,Pune,Maharashtra,VIP,Kaithi Revenge Chronicles,Movie,Drama,Tamil,140
E14625,U1087,C109,complete,2026-02-14,Tablet,44,1,26-35,Female,Hyderabad,Telangana,Free,Special Ops: Desert Falcon,Series,Drama,Hindi,45
E14626,U1355,C134,pause,2026-02-18,Mobile,15,0,46+,Male,Lucknow,Uttar Pradesh,Free,Night Hunter Squad,Movie,Action,English,130
E14627,U1454,C139,play,2026-02-22,Web,30,0,18-25,Other,Bengaluru,Karnataka,Free,Bigg Boss Telugu Live,Show,Reality,Telugu,60
E14628,U1345,C119,pause,2026-01-31,Smart TV,41,0,26-35,Male,Pune,Maharashtra,VIP,The Crown Dynasty Legacy,Series,Drama,English,55
E14629,U1355,C103,play,2026-01-15,Smart TV,10,0,46+,Male,Lucknow,Uttar Pradesh,Free,Premier League Weekly Showdown,Sports,Sports,English,60
E14630,U1465,C133,complete,2026-01-15,Smart TV,45,1,26-35,Female,Mumbai,Maharashtra,Premium,Rudra: The Edge of Darkness,Series,Action,Hindi,48
E14631,U1023,C116,complete,2026-01-27,Smart TV,121,1,36-45,Male,Kolkata,West Bengal,VIP,Kolkata Love Diary,Movie,Drama,Bengali,125
E14632,U1699,C141,play,2026-01-18,Mobile,16,0,18-25,Female,Bengaluru,Karnataka,VIP,Shark Pitch India S4,Show,Reality,Hindi,55
E14633,U1073,C127,complete,2026-02-12,Smart TV,29,1,26-35,Male,Lucknow,Uttar Pradesh,Premium,Pune Pun Factory,Show,Comedy,Marathi,30
E14634,U1303,C113,complete,2026-01-07,Smart TV,134,1,18-25,Male,Lucknow,Uttar Pradesh,Free,Kaithi Revenge Chronicles,Movie,Drama,Tamil,140
E14635,U1262,C123,complete,2026-02-06,Mobile,22,1,36-45,Male,Ahmedabad,Gujarat,Free,Sarabhai Classic Revival,Series,Comedy,Hindi,25
E14636,U1069,C158,complete,2026-01-09,Smart TV,28,1,36-45,Female,Ahmedabad,Gujarat,Premium,State Express News Tamil,News,News,Tamil,30
E14637,U1021,C147,pause,2026-01-29,Web,10,0,18-25,Female,Pune,Maharashtra,Free,Little Singham Rescue Mission,Series,Kids,Hindi,20
E14638,U1053,C128,pause,2026-01-27,Mobile,22,0,26-35,Female,Chennai,Tamil Nadu,VIP,College Boys Chaos,Movie,Comedy,Hindi,115
E14639,U1676,C101,pause,2026-01-23,Tablet,32,0,18-25,Male,Mumbai,Maharashtra,VIP,IND vs AUS T20 Cup Highlights,Sports,Sports,Hindi,45
E14640,U1136,C128,complete,2026-01-23,Mobile,113,1,18-25,Female,Bengaluru,Karnataka,VIP,College Boys Chaos,Movie,Comedy,Hindi,115
E14641,U1520,C115,complete,2026-01-19,Mobile,37,1,26-35,Male,Bengaluru,Karnataka,VIP,Bengal Courtroom Secrets,Series,Drama,Bengali,40
E14642,U1701,C143,pause,2026-01-27,Mobile,15,0,18-25,Male,Mumbai,Maharashtra,Free,Roadies Quest,Show,Reality,Hindi,45
E14643,U1345,C136,pause,2026-02-26,Mobile,67,0,26-35,Male,Pune,Maharashtra,VIP,Speed Street Heist,Movie,Action,English,120
E14644,U1114,C137,play,2026-01-03,Smart TV,42,0,26-35,Male,Jaipur,Rajasthan,Free,Bigg Boss All-Stars Hindi,Show,Reality,Hindi,60
E14645,U1561,C121,pause,2026-02-18,Mobile,18,0,26-35,Female,Mumbai,Maharashtra,Premium,The Great Indian Comedy Lab,Show,Comedy,Hindi,35
E14646,U1466,C123,pause,2026-01-07,Tablet,15,0,36-45,Male,Ahmedabad,Gujarat,Free,Sarabhai Classic Revival,Series,Comedy,Hindi,25
E14647,U1526,C116,pause,2026-02-26,Mobile,65,0,18-25,Female,Delhi,Delhi,VIP,Kolkata Love Diary,Movie,Drama,Bengali,125
E14648,U1015,C136,pause,2026-01-17,Mobile,38,0,26-35,Female,Pune,Maharashtra,Free,Speed Street Heist,Movie,Action,English,120
E14649,U1711,C106,play,2026-02-01,Mobile,13,0,18-25,Male,Bengaluru,Karnataka,VIP,WPL T20 Blockbuster Match,Sports,Sports,Hindi,60
E14650,U1038,C110,pause,2026-01-08,Mobile,3,0,18-25,Male,Chennai,Tamil Nadu,VIP,Anupama: New Beginnings,Show,Drama,Hindi,25
E14651,U1380,C121,complete,2026-02-19,Mobile,32,1,26-35,Female,Kolkata,West Bengal,VIP,The Great Indian Comedy Lab,Show,Comedy,Hindi,35
E14652,U1028,C112,pause,2026-01-20,Mobile,4,0,46+,Female,Lucknow,Uttar Pradesh,VIP,City of Dreams: The Succession,Series,Drama,Hindi,50
E14653,U1633,C134,complete,2026-01-31,Smart TV,124,1,18-25,Male,Hyderabad,Telangana,VIP,Night Hunter Squad,Movie,Action,English,130
E14654,U1502,C110,pause,2026-01-04,Web,13,0,18-25,Female,Delhi,Delhi,Free,Anupama: New Beginnings,Show,Drama,Hindi,25
E14655,U1187,C154,complete,2026-02-09,Mobile,33,1,26-35,Female,Ahmedabad,Gujarat,Premium,Elections Ground Pulse,News,News,Hindi,35
E14656,U1450,C138,play,2026-01-11,Web,14,0,18-25,Female,Ahmedabad,Gujarat,Free,Bigg Boss Tamil Season 8,Show,Reality,Tamil,60
E14657,U1210,C101,complete,2026-02-13,Web,44,1,18-25,Female,Mumbai,Maharashtra,Premium,IND vs AUS T20 Cup Highlights,Sports,Sports,Hindi,45
E14658,U1131,C104,pause,2026-02-22,Mobile,10,0,18-25,Male,Ahmedabad,Gujarat,Free,IND vs ENG Test Day 3 Highlights,Sports,Sports,English,50
E14659,U1191,C115,complete,2026-01-08,Mobile,38,1,26-35,Female,Bengaluru,Karnataka,VIP,Bengal Courtroom Secrets,Series,Drama,Bengali,40
E14660,U1114,C116,pause,2026-01-16,Mobile,13,0,26-35,Male,Jaipur,Rajasthan,Free,Kolkata Love Diary,Movie,Drama,Bengali,125
E14661,U1678,C121,pause,2026-02-13,Mobile,8,0,26-35,Female,Ahmedabad,Gujarat,Premium,The Great Indian Comedy Lab,Show,Comedy,Hindi,35
E14662,U1357,C102,pause,2026-01-09,Web,44,0,18-25,Female,Hyderabad,Telangana,Free,IPL Mega Auction Live Replay,Sports,Sports,Hindi,90
E14663,U1234,C144,complete,2026-01-22,Smart TV,40,1,46+,Male,Bengaluru,Karnataka,Free,Koffee Spotlight Lounge,Show,Reality,English,45
E14664,U1184,C133,pause,2026-01-02,Mobile,25,0,46+,Male,Mumbai,Maharashtra,Premium,Rudra: The Edge of Darkness,Series,Action,Hindi,48
E14665,U1286,C123,pause,2026-01-03,Mobile,9,0,26-35,Female,Delhi,Delhi,VIP,Sarabhai Classic Revival,Series,Comedy,Hindi,25
E14666,U1275,C105,pause,2026-01-28,Mobile,14,0,26-35,Male,Mumbai,Maharashtra,VIP,Pro Kabaddi League Finals,Sports,Sports,Tamil,70
E14667,U1594,C120,complete,2026-02-22,Tablet,43,1,18-25,Female,Delhi,Delhi,Free,Succession Politics India,Series,Drama,Hindi,45
E14668,U1138,C111,play,2026-01-07,Mobile,3,0,18-25,Male,Kolkata,West Bengal,Free,Yeh Rishta: Family Bonds,Show,Drama,Hindi,22
E14669,U1722,C113,pause,2026-01-10,Smart TV,79,0,36-45,Male,Mumbai,Maharashtra,Free,Kaithi Revenge Chronicles,Movie,Drama,Tamil,140
E14670,U1312,C137,pause,2026-02-18,Mobile,14,0,26-35,Female,Chennai,Tamil Nadu,VIP,Bigg Boss All-Stars Hindi,Show,Reality,Hindi,60
E14671,U1588,C144,complete,2026-02-16,Mobile,42,1,26-35,Male,Kolkata,West Bengal,VIP,Koffee Spotlight Lounge,Show,Reality,English,45
E14672,U1486,C116,complete,2026-02-22,Mobile,120,1,26-35,Female,Kochi,Kerala,Free,Kolkata Love Diary,Movie,Drama,Bengali,125
E14673,U1642,C113,pause,2026-01-24,Mobile,20,0,26-35,Female,Kolkata,West Bengal,Premium,Kaithi Revenge Chronicles,Movie,Drama,Tamil,140
E14674,U1450,C142,play,2026-02-10,Mobile,24,0,18-25,Female,Ahmedabad,Gujarat,Free,Master Chef Kitchen Wars,Show,Reality,Hindi,45
E14675,U1249,C133,complete,2026-02-21,Mobile,43,1,36-45,Female,Hyderabad,Telangana,Free,Rudra: The Edge of Darkness,Series,Action,Hindi,48
E14676,U1376,C102,play,2026-02-27,Mobile,10,0,26-35,Male,Jaipur,Rajasthan,Free,IPL Mega Auction Live Replay,Sports,Sports,Hindi,90
E14677,U1474,C120,complete,2026-01-19,Mobile,44,1,18-25,Female,Ahmedabad,Gujarat,VIP,Succession Politics India,Series,Drama,Hindi,45
E14678,U1685,C115,pause,2026-01-19,Mobile,12,0,46+,Female,Mumbai,Maharashtra,Free,Bengal Courtroom Secrets,Series,Drama,Bengali,40
E14679,U1591,C111,pause,2026-01-19,Mobile,4,0,18-25,Male,Mumbai,Maharashtra,VIP,Yeh Rishta: Family Bonds,Show,Drama,Hindi,22
E14680,U1610,C102,play,2026-01-25,Mobile,46,0,18-25,Other,Bengaluru,Karnataka,Premium,IPL Mega Auction Live Replay,Sports,Sports,Hindi,90
E14681,U1221,C119,pause,2026-01-14,Tablet,18,0,18-25,Male,Bengaluru,Karnataka,Premium,The Crown Dynasty Legacy,Series,Drama,English,55
E14682,U1377,C130,play,2026-02-25,Smart TV,87,0,26-35,Male,Patna,Bihar,VIP,Vikram: Shadow Commander,Movie,Action,Tamil,165
E14683,U1213,C141,complete,2026-02-26,Mobile,50,1,18-25,Female,Delhi,Delhi,Free,Shark Pitch India S4,Show,Reality,Hindi,55
E14684,U1638,C101,complete,2026-01-23,Mobile,44,1,26-35,Female,Patna,Bihar,Premium,IND vs AUS T20 Cup Highlights,Sports,Sports,Hindi,45
E14685,U1556,C131,play,2026-02-09,Mobile,17,0,18-25,Male,Pune,Maharashtra,VIP,Devara Storm Rising,Movie,Action,Telugu,160
E14686,U1644,C142,pause,2026-02-06,Mobile,9,0,36-45,Female,Kochi,Kerala,VIP,Master Chef Kitchen Wars,Show,Reality,Hindi,45
E14687,U1099,C153,play,2026-01-19,Mobile,23,0,46+,Female,Hyderabad,Telangana,VIP,India at 2030: Space Ambitions,Show,News,English,50
E14688,U1139,C136,complete,2026-02-11,Smart TV,112,1,26-35,Female,Delhi,Delhi,Free,Speed Street Heist,Movie,Action,English,120
E14689,U1623,C139,play,2026-02-08,Tablet,17,0,26-35,Female,Delhi,Delhi,VIP,Bigg Boss Telugu Live,Show,Reality,Telugu,60
E14690,U1386,C126,pause,2026-01-10,Web,10,0,46+,Female,Kolkata,West Bengal,Free,Telugu Comedy Superstars,Show,Comedy,Telugu,30
E14691,U1523,C109,pause,2026-01-27,Mobile,16,0,26-35,Female,Delhi,Delhi,Free,Special Ops: Desert Falcon,Series,Drama,Hindi,45
E14692,U1553,C114,pause,2026-02-09,Smart TV,29,0,18-25,Male,Hyderabad,Telangana,VIP,Telugu Royal Heritage,Series,Drama,Telugu,45
E14693,U1270,C121,complete,2026-01-13,Mobile,33,1,18-25,Male,Delhi,Delhi,VIP,The Great Indian Comedy Lab,Show,Comedy,Hindi,35
E14694,U1553,C123,play,2026-01-29,Web,15,0,18-25,Male,Hyderabad,Telangana,VIP,Sarabhai Classic Revival,Series,Comedy,Hindi,25
E14695,U1554,C126,complete,2026-02-27,Mobile,29,1,26-35,Female,Jaipur,Rajasthan,Free,Telugu Comedy Superstars,Show,Comedy,Telugu,30
E14696,U1015,C108,complete,2026-01-09,Tablet,57,1,26-35,Female,Pune,Maharashtra,Free,ISL Football Clash of Titans,Sports,Sports,Bengali,60
E14697,U1362,C104,play,2026-01-18,Mobile,21,0,18-25,Male,Chennai,Tamil Nadu,Free,IND vs ENG Test Day 3 Highlights,Sports,Sports,English,50
E14698,U1733,C111,complete,2026-01-06,Web,20,1,36-45,Male,Bengaluru,Karnataka,Free,Yeh Rishta: Family Bonds,Show,Drama,Hindi,22
E14699,U1112,C116,pause,2026-01-09,Mobile,70,0,46+,Female,Hyderabad,Telangana,Free,Kolkata Love Diary,Movie,Drama,Bengali,125
E14700,U1541,C141,play,2026-01-19,Mobile,5,0,26-35,Female,Delhi,Delhi,VIP,Shark Pitch India S4,Show,Reality,Hindi,55
E14701,U1517,C114,play,2026-01-09,Mobile,24,0,26-35,Female,Mumbai,Maharashtra,Premium,Telugu Royal Heritage,Series,Drama,Telugu,45
E14702,U1337,C150,pause,2026-01-14,Mobile,4,0,46+,Male,Delhi,Delhi,VIP,Super Bheem Galactic Battle,Series,Kids,Telugu,22
E14703,U1236,C111,complete,2026-02-26,Web,21,1,26-35,Male,Delhi,Delhi,VIP,Yeh Rishta: Family Bonds,Show,Drama,Hindi,22
E14704,U1346,C138,pause,2026-02-19,Mobile,33,0,36-45,Male,Bengaluru,Karnataka,VIP,Bigg Boss Tamil Season 8,Show,Reality,Tamil,60
E14705,U1566,C107,complete,2026-01-09,Web,36,1,18-25,Female,Kolkata,West Bengal,Free,Champions Trophy Pre-Show,Sports,Sports,Telugu,40
E14706,U1286,C123,complete,2026-02-10,Smart TV,22,1,26-35,Female,Delhi,Delhi,VIP,Sarabhai Classic Revival,Series,Comedy,Hindi,25
E14707,U1470,C153,complete,2026-02-12,Smart TV,49,1,46+,Male,Pune,Maharashtra,VIP,India at 2030: Space Ambitions,Show,News,English,50
E14708,U1594,C156,complete,2026-01-05,Web,44,1,18-25,Female,Delhi,Delhi,Free,Cricket Icons: The Untold Story,Show,News,Hindi,45
E14709,U1275,C115,pause,2026-02-06,Mobile,10,0,26-35,Male,Mumbai,Maharashtra,VIP,Bengal Courtroom Secrets,Series,Drama,Bengali,40
E14710,U1426,C103,complete,2026-01-24,Mobile,58,1,26-35,Female,Kolkata,West Bengal,Free,Premier League Weekly Showdown,Sports,Sports,English,60
E14711,U1031,C132,complete,2026-02-27,Web,41,1,26-35,Male,Pune,Maharashtra,VIP,Commando Force Mumbai,Series,Action,Hindi,42
E14712,U1157,C158,pause,2026-01-06,Smart TV,23,0,26-35,Female,Lucknow,Uttar Pradesh,Free,State Express News Tamil,News,News,Tamil,30
E14713,U1562,C125,play,2026-02-12,Mobile,6,0,26-35,Male,Kochi,Kerala,Free,Chennai Roast Arena,Show,Comedy,Tamil,40
E14714,U1685,C116,pause,2026-02-04,Smart TV,16,0,46+,Female,Mumbai,Maharashtra,Free,Kolkata Love Diary,Movie,Drama,Bengali,125
E14715,U1545,C101,complete,2026-02-11,Mobile,40,1,26-35,Other,Pune,Maharashtra,Free,IND vs AUS T20 Cup Highlights,Sports,Sports,Hindi,45
E14716,U1471,C104,play,2026-01-18,Mobile,16,0,46+,Male,Lucknow,Uttar Pradesh,VIP,IND vs ENG Test Day 3 Highlights,Sports,Sports,English,50
E14717,U1261,C110,play,2026-01-09,Tablet,11,0,18-25,Female,Delhi,Delhi,VIP,Anupama: New Beginnings,Show,Drama,Hindi,25
E14718,U1166,C103,pause,2026-02-16,Mobile,28,0,36-45,Male,Mumbai,Maharashtra,Free,Premier League Weekly Showdown,Sports,Sports,English,60
E14719,U1355,C115,pause,2026-01-13,Mobile,15,0,46+,Male,Lucknow,Uttar Pradesh,Free,Bengal Courtroom Secrets,Series,Drama,Bengali,40
E14720,U1010,C151,complete,2026-01-01,Mobile,28,1,18-25,Female,Pune,Maharashtra,Premium,Daily Headlines 360,News,News,Hindi,30
E14721,U1671,C112,complete,2026-02-20,Mobile,45,1,18-25,Male,Delhi,Delhi,VIP,City of Dreams: The Succession,Series,Drama,Hindi,50
E14722,U1558,C105,complete,2026-02-10,Mobile,66,1,26-35,Male,Bengaluru,Karnataka,Free,Pro Kabaddi League Finals,Sports,Sports,Tamil,70
E14723,U1415,C123,pause,2026-02-04,Mobile,8,0,26-35,Female,Mumbai,Maharashtra,Free,Sarabhai Classic Revival,Series,Comedy,Hindi,25
E14724,U1253,C159,pause,2026-01-19,Smart TV,4,0,26-35,Male,Bengaluru,Karnataka,Free,Bengal Morning Bulletin,News,News,Bengali,25
E14725,U1466,C148,complete,2026-01-19,Mobile,18,1,36-45,Male,Ahmedabad,Gujarat,Free,Doraemon Magic Gadgets,Series,Kids,Hindi,20
E14726,U1514,C105,complete,2026-02-04,Mobile,65,1,26-35,Male,Kolkata,West Bengal,Premium,Pro Kabaddi League Finals,Sports,Sports,Tamil,70
E14727,U1684,C112,complete,2026-02-28,Smart TV,48,1,18-25,Female,Mumbai,Maharashtra,VIP,City of Dreams: The Succession,Series,Drama,Hindi,50
E14728,U1157,C127,complete,2026-02-14,Smart TV,27,1,26-35,Female,Lucknow,Uttar Pradesh,Free,Pune Pun Factory,Show,Comedy,Marathi,30
E14729,U1186,C118,pause,2026-01-19,Mobile,9,0,46+,Male,Pune,Maharashtra,Free,Kerala Waterfront Mystery,Series,Drama,Malayalam,48
E14730,U1459,C108,complete,2026-02-26,Smart TV,56,1,36-45,Female,Mumbai,Maharashtra,VIP,ISL Football Clash of Titans,Sports,Sports,Bengali,60
E14731,U1694,C137,complete,2026-01-29,Web,59,1,18-25,Female,Delhi,Delhi,Premium,Bigg Boss All-Stars Hindi,Show,Reality,Hindi,60
E14732,U1425,C135,play,2026-02-25,Smart TV,76,0,18-25,Male,Bengaluru,Karnataka,VIP,Fighter Wing Alpha,Movie,Action,Hindi,145
E14733,U1701,C147,pause,2026-02-18,Web,7,0,18-25,Male,Mumbai,Maharashtra,Free,Little Singham Rescue Mission,Series,Kids,Hindi,20
E14734,U1057,C117,play,2026-01-19,Web,11,0,18-25,Female,Chennai,Tamil Nadu,Free,Ghar Ek Mandir Classic,Show,Drama,Marathi,24
E14735,U1711,C124,pause,2026-01-21,Smart TV,28,0,18-25,Male,Bengaluru,Karnataka,VIP,Standup Special: Bangalore Humor,Show,Comedy,English,65
E14736,U1149,C122,complete,2026-02-26,Mobile,21,1,46+,Male,Hyderabad,Telangana,Free,Taarak Laugh Fest Episodes,Show,Comedy,Hindi,22
E14737,U1636,C119,play,2026-03-01,Mobile,20,0,26-35,Male,Mumbai,Maharashtra,Free,The Crown Dynasty Legacy,Series,Drama,English,55
E14738,U1674,C158,complete,2026-01-29,Tablet,27,1,26-35,Male,Chennai,Tamil Nadu,Free,State Express News Tamil,News,News,Tamil,30
E14739,U1001,C102,complete,2026-02-21,Smart TV,84,1,26-35,Male,Delhi,Delhi,Free,IPL Mega Auction Live Replay,Sports,Sports,Hindi,90
E14740,U1386,C120,play,2026-02-27,Mobile,25,0,46+,Female,Kolkata,West Bengal,Free,Succession Politics India,Series,Drama,Hindi,45
E14741,U1446,C139,pause,2026-02-16,Web,38,0,26-35,Male,Delhi,Delhi,VIP,Bigg Boss Telugu Live,Show,Reality,Telugu,60
E14742,U1110,C153,pause,2026-02-27,Tablet,8,0,26-35,Male,Hyderabad,Telangana,VIP,India at 2030: Space Ambitions,Show,News,English,50
E14743,U1366,C107,pause,2026-01-22,Mobile,3,0,46+,Male,Jaipur,Rajasthan,VIP,Champions Trophy Pre-Show,Sports,Sports,Telugu,40
E14744,U1347,C124,pause,2026-02-15,Smart TV,12,0,26-35,Female,Ahmedabad,Gujarat,Free,Standup Special: Bangalore Humor,Show,Comedy,English,65
E14745,U1225,C115,complete,2026-02-20,Mobile,38,1,18-25,Male,Patna,Bihar,VIP,Bengal Courtroom Secrets,Series,Drama,Bengali,40
E14746,U1553,C101,pause,2026-02-11,Web,25,0,18-25,Male,Hyderabad,Telangana,VIP,IND vs AUS T20 Cup Highlights,Sports,Sports,Hindi,45
E14747,U1460,C136,complete,2026-01-05,Mobile,118,1,26-35,Male,Mumbai,Maharashtra,Free,Speed Street Heist,Movie,Action,English,120
E14748,U1621,C157,complete,2026-01-09,Web,38,1,18-25,Male,Bengaluru,Karnataka,VIP,Startup Founders Blueprint,Show,News,English,40
E14749,U1445,C114,play,2026-02-24,Smart TV,25,0,46+,Female,Pune,Maharashtra,Free,Telugu Royal Heritage,Series,Drama,Telugu,45
E14750,U1339,C137,play,2026-01-28,Mobile,26,0,18-25,Female,Chennai,Tamil Nadu,Free,Bigg Boss All-Stars Hindi,Show,Reality,Hindi,60
E14751,U1027,C124,complete,2026-01-16,Web,60,1,26-35,Female,Mumbai,Maharashtra,VIP,Standup Special: Bangalore Humor,Show,Comedy,English,65
E14752,U1176,C120,pause,2026-02-25,Tablet,25,0,26-35,Male,Mumbai,Maharashtra,VIP,Succession Politics India,Series,Drama,Hindi,45
E14753,U1504,C159,complete,2026-01-29,Web,23,1,36-45,Male,Delhi,Delhi,VIP,Bengal Morning Bulletin,News,News,Bengali,25
E14754,U1053,C138,play,2026-01-30,Web,13,0,26-35,Female,Chennai,Tamil Nadu,VIP,Bigg Boss Tamil Season 8,Show,Reality,Tamil,60
E14755,U1332,C144,play,2026-02-23,Web,22,0,18-25,Female,Hyderabad,Telangana,Premium,Koffee Spotlight Lounge,Show,Reality,English,45
E14756,U1004,C114,pause,2026-01-10,Tablet,17,0,26-35,Female,Bengaluru,Karnataka,Free,Telugu Royal Heritage,Series,Drama,Telugu,45
E14757,U1214,C126,complete,2026-02-02,Mobile,27,1,46+,Male,Delhi,Delhi,Free,Telugu Comedy Superstars,Show,Comedy,Telugu,30
E14758,U1275,C109,complete,2026-02-02,Mobile,43,1,26-35,Male,Mumbai,Maharashtra,VIP,Special Ops: Desert Falcon,Series,Drama,Hindi,45
E14759,U1379,C107,complete,2026-01-06,Mobile,38,1,18-25,Female,Bengaluru,Karnataka,VIP,Champions Trophy Pre-Show,Sports,Sports,Telugu,40
E14760,U1478,C105,complete,2026-02-21,Smart TV,67,1,26-35,Male,Delhi,Delhi,Premium,Pro Kabaddi League Finals,Sports,Sports,Tamil,70
E14761,U1399,C143,complete,2026-01-02,Web,43,1,18-25,Male,Bengaluru,Karnataka,VIP,Roadies Quest,Show,Reality,Hindi,45
E14762,U1011,C136,play,2026-01-19,Mobile,17,0,18-25,Male,Delhi,Delhi,VIP,Speed Street Heist,Movie,Action,English,120
E14763,U1549,C152,play,2026-01-31,Mobile,7,0,18-25,Female,Kochi,Kerala,VIP,Global Tech & Economy Report,News,News,English,25
E14764,U1045,C142,complete,2026-02-11,Smart TV,44,1,46+,Female,Kochi,Kerala,Premium,Master Chef Kitchen Wars,Show,Reality,Hindi,45
E14765,U1534,C117,complete,2026-01-15,Mobile,23,1,26-35,Female,Hyderabad,Telangana,Premium,Ghar Ek Mandir Classic,Show,Drama,Marathi,24
E14766,U1438,C146,pause,2026-01-26,Mobile,17,0,18-25,Male,Hyderabad,Telangana,VIP,Motu Patlu Space Adventure,Movie,Kids,Hindi,75
E14767,U1374,C140,complete,2026-03-01,Smart TV,49,1,26-35,Male,Mumbai,Maharashtra,VIP,Dance India Dance Championship,Show,Reality,Hindi,50
E14768,U1283,C122,complete,2026-01-26,Mobile,20,1,18-25,Female,Pune,Maharashtra,VIP,Taarak Laugh Fest Episodes,Show,Comedy,Hindi,22
E14769,U1028,C115,play,2026-01-09,Mobile,21,0,46+,Female,Lucknow,Uttar Pradesh,VIP,Bengal Courtroom Secrets,Series,Drama,Bengali,40
E14770,U1444,C113,pause,2026-01-19,Web,18,0,46+,Female,Bengaluru,Karnataka,VIP,Kaithi Revenge Chronicles,Movie,Drama,Tamil,140
E14771,U1435,C126,complete,2026-02-01,Mobile,28,1,18-25,Male,Bengaluru,Karnataka,Free,Telugu Comedy Superstars,Show,Comedy,Telugu,30
E14772,U1748,C121,complete,2026-01-28,Mobile,32,1,26-35,Female,Chennai,Tamil Nadu,VIP,The Great Indian Comedy Lab,Show,Comedy,Hindi,35
E14773,U1050,C137,complete,2026-01-11,Mobile,59,1,26-35,Female,Kolkata,West Bengal,Free,Bigg Boss All-Stars Hindi,Show,Reality,Hindi,60
E14774,U1450,C126,complete,2026-02-20,Smart TV,28,1,18-25,Female,Ahmedabad,Gujarat,Free,Telugu Comedy Superstars,Show,Comedy,Telugu,30
E14775,U1523,C102,play,2026-01-28,Mobile,20,0,26-35,Female,Delhi,Delhi,Free,IPL Mega Auction Live Replay,Sports,Sports,Hindi,90
E14776,U1140,C102,pause,2026-01-06,Mobile,18,0,18-25,Female,Pune,Maharashtra,VIP,IPL Mega Auction Live Replay,Sports,Sports,Hindi,90
E14777,U1413,C107,pause,2026-01-06,Smart TV,11,0,18-25,Male,Delhi,Delhi,Free,Champions Trophy Pre-Show,Sports,Sports,Telugu,40
E14778,U1069,C104,complete,2026-01-23,Web,45,1,36-45,Female,Ahmedabad,Gujarat,Premium,IND vs ENG Test Day 3 Highlights,Sports,Sports,English,50
E14779,U1178,C126,play,2026-01-23,Mobile,7,0,26-35,Female,Chennai,Tamil Nadu,VIP,Telugu Comedy Superstars,Show,Comedy,Telugu,30
E14780,U1105,C117,complete,2026-01-30,Mobile,22,1,26-35,Female,Bengaluru,Karnataka,Free,Ghar Ek Mandir Classic,Show,Drama,Marathi,24
E14781,U1701,C115,play,2026-02-06,Smart TV,13,0,18-25,Male,Mumbai,Maharashtra,Free,Bengal Courtroom Secrets,Series,Drama,Bengali,40
E14782,U1666,C108,pause,2026-01-23,Mobile,7,0,46+,Male,Patna,Bihar,Premium,ISL Football Clash of Titans,Sports,Sports,Bengali,60
E14783,U1724,C154,complete,2026-02-12,Web,34,1,18-25,Male,Bengaluru,Karnataka,VIP,Elections Ground Pulse,News,News,Hindi,35
E14784,U1742,C141,play,2026-02-04,Mobile,14,0,18-25,Male,Mumbai,Maharashtra,VIP,Shark Pitch India S4,Show,Reality,Hindi,55
E14785,U1333,C110,play,2026-01-25,Mobile,3,0,36-45,Female,Bengaluru,Karnataka,Free,Anupama: New Beginnings,Show,Drama,Hindi,25
E14786,U1678,C136,play,2026-02-28,Smart TV,101,0,26-35,Female,Ahmedabad,Gujarat,Premium,Speed Street Heist,Movie,Action,English,120
E14787,U1558,C105,pause,2026-02-15,Web,19,0,26-35,Male,Bengaluru,Karnataka,Free,Pro Kabaddi League Finals,Sports,Sports,Tamil,70
E14788,U1711,C130,pause,2026-01-28,Mobile,90,0,18-25,Male,Bengaluru,Karnataka,VIP,Vikram: Shadow Commander,Movie,Action,Tamil,165
E14789,U1400,C116,pause,2026-02-06,Mobile,38,0,18-25,Female,Lucknow,Uttar Pradesh,Free,Kolkata Love Diary,Movie,Drama,Bengali,125
E14790,U1554,C131,complete,2026-01-09,Tablet,158,1,26-35,Female,Jaipur,Rajasthan,Free,Devara Storm Rising,Movie,Action,Telugu,160
E14791,U1501,C150,pause,2026-02-20,Web,9,0,26-35,Female,Hyderabad,Telangana,VIP,Super Bheem Galactic Battle,Series,Kids,Telugu,22
E14792,U1748,C113,pause,2026-02-04,Smart TV,29,0,26-35,Female,Chennai,Tamil Nadu,VIP,Kaithi Revenge Chronicles,Movie,Drama,Tamil,140
E14793,U1715,C120,complete,2026-02-21,Mobile,43,1,18-25,Female,Kochi,Kerala,VIP,Succession Politics India,Series,Drama,Hindi,45
E14794,U1278,C103,complete,2026-02-20,Mobile,56,1,26-35,Male,Jaipur,Rajasthan,VIP,Premier League Weekly Showdown,Sports,Sports,English,60
E14795,U1290,C142,pause,2026-01-03,Web,15,0,18-25,Male,Delhi,Delhi,Free,Master Chef Kitchen Wars,Show,Reality,Hindi,45
E14796,U1061,C114,pause,2026-02-13,Mobile,8,0,26-35,Female,Mumbai,Maharashtra,Premium,Telugu Royal Heritage,Series,Drama,Telugu,45
E14797,U1269,C125,pause,2026-02-13,Mobile,10,0,36-45,Male,Kochi,Kerala,VIP,Chennai Roast Arena,Show,Comedy,Tamil,40
E14798,U1409,C153,complete,2026-01-21,Mobile,47,1,18-25,Male,Bengaluru,Karnataka,Free,India at 2030: Space Ambitions,Show,News,English,50
E14799,U1708,C130,complete,2026-02-27,Mobile,159,1,46+,Female,Bengaluru,Karnataka,Free,Vikram: Shadow Commander,Movie,Action,Tamil,165
E14800,U1111,C106,complete,2026-01-23,Mobile,58,1,18-25,Male,Mumbai,Maharashtra,VIP,WPL T20 Blockbuster Match,Sports,Sports,Hindi,60
E14801,U1030,C111,play,2026-01-16,Mobile,8,0,18-25,Male,Chennai,Tamil Nadu,Free,Yeh Rishta: Family Bonds,Show,Drama,Hindi,22
E14802,U1705,C125,pause,2026-01-30,Web,24,0,26-35,Female,Delhi,Delhi,Free,Chennai Roast Arena,Show,Comedy,Tamil,40
E14803,U1015,C111,pause,2026-02-09,Mobile,3,0,26-35,Female,Pune,Maharashtra,Free,Yeh Rishta: Family Bonds,Show,Drama,Hindi,22
E14804,U1008,C123,complete,2026-02-14,Smart TV,24,1,26-35,Male,Lucknow,Uttar Pradesh,Free,Sarabhai Classic Revival,Series,Comedy,Hindi,25
E14805,U1527,C151,pause,2026-02-01,Mobile,9,0,36-45,Female,Pune,Maharashtra,VIP,Daily Headlines 360,News,News,Hindi,30
E14806,U1331,C115,complete,2026-01-23,Mobile,36,1,26-35,Female,Mumbai,Maharashtra,VIP,Bengal Courtroom Secrets,Series,Drama,Bengali,40
E14807,U1362,C109,pause,2026-01-07,Mobile,5,0,18-25,Male,Chennai,Tamil Nadu,Free,Special Ops: Desert Falcon,Series,Drama,Hindi,45
E14808,U1122,C117,complete,2026-02-07,Mobile,23,1,46+,Male,Hyderabad,Telangana,Premium,Ghar Ek Mandir Classic,Show,Drama,Marathi,24
E14809,U1149,C140,complete,2026-01-30,Smart TV,46,1,46+,Male,Hyderabad,Telangana,Free,Dance India Dance Championship,Show,Reality,Hindi,50
E14810,U1541,C142,complete,2026-01-07,Tablet,44,1,26-35,Female,Delhi,Delhi,VIP,Master Chef Kitchen Wars,Show,Reality,Hindi,45
E14811,U1144,C110,pause,2026-01-31,Web,10,0,26-35,Male,Bengaluru,Karnataka,Free,Anupama: New Beginnings,Show,Drama,Hindi,25
E14812,U1466,C138,pause,2026-01-19,Tablet,18,0,36-45,Male,Ahmedabad,Gujarat,Free,Bigg Boss Tamil Season 8,Show,Reality,Tamil,60
E14813,U1613,C122,play,2026-02-08,Mobile,7,0,18-25,Male,Pune,Maharashtra,Free,Taarak Laugh Fest Episodes,Show,Comedy,Hindi,22
E14814,U1653,C144,pause,2026-01-29,Mobile,19,0,18-25,Female,Mumbai,Maharashtra,Free,Koffee Spotlight Lounge,Show,Reality,English,45
E14815,U1260,C109,complete,2026-02-28,Smart TV,42,1,18-25,Male,Mumbai,Maharashtra,VIP,Special Ops: Desert Falcon,Series,Drama,Hindi,45
E14816,U1058,C112,play,2026-01-12,Mobile,6,0,18-25,Male,Lucknow,Uttar Pradesh,Premium,City of Dreams: The Succession,Series,Drama,Hindi,50
E14817,U1740,C102,complete,2026-02-13,Web,86,1,26-35,Female,Mumbai,Maharashtra,Premium,IPL Mega Auction Live Replay,Sports,Sports,Hindi,90
E14818,U1240,C104,complete,2026-01-26,Mobile,46,1,18-25,Male,Bengaluru,Karnataka,Free,IND vs ENG Test Day 3 Highlights,Sports,Sports,English,50
E14819,U1178,C108,complete,2026-02-17,Mobile,58,1,26-35,Female,Chennai,Tamil Nadu,VIP,ISL Football Clash of Titans,Sports,Sports,Bengali,60
E14820,U1590,C141,complete,2026-02-14,Mobile,50,1,26-35,Male,Kolkata,West Bengal,VIP,Shark Pitch India S4,Show,Reality,Hindi,55
E14821,U1576,C149,complete,2026-01-11,Mobile,19,1,18-25,Female,Hyderabad,Telangana,VIP,Shinchan Laugh Club,Series,Kids,Tamil,20
E14822,U1693,C154,pause,2026-01-04,Mobile,8,0,18-25,Female,Lucknow,Uttar Pradesh,Premium,Elections Ground Pulse,News,News,Hindi,35
E14823,U1638,C124,complete,2026-02-12,Web,62,1,26-35,Female,Patna,Bihar,Premium,Standup Special: Bangalore Humor,Show,Comedy,English,65
E14824,U1366,C103,complete,2026-01-14,Web,58,1,46+,Male,Jaipur,Rajasthan,VIP,Premier League Weekly Showdown,Sports,Sports,English,60
E14825,U1023,C102,complete,2026-02-10,Mobile,84,1,36-45,Male,Kolkata,West Bengal,VIP,IPL Mega Auction Live Replay,Sports,Sports,Hindi,90
E14826,U1728,C115,complete,2026-03-01,Smart TV,39,1,26-35,Male,Jaipur,Rajasthan,Free,Bengal Courtroom Secrets,Series,Drama,Bengali,40
E14827,U1339,C114,pause,2026-02-12,Mobile,6,0,18-25,Female,Chennai,Tamil Nadu,Free,Telugu Royal Heritage,Series,Drama,Telugu,45
E14828,U1229,C121,complete,2026-02-10,Mobile,34,1,18-25,Female,Mumbai,Maharashtra,Free,The Great Indian Comedy Lab,Show,Comedy,Hindi,35
E14829,U1149,C107,play,2026-02-12,Mobile,16,0,46+,Male,Hyderabad,Telangana,Free,Champions Trophy Pre-Show,Sports,Sports,Telugu,40
E14830,U1312,C144,pause,2026-01-27,Mobile,4,0,26-35,Female,Chennai,Tamil Nadu,VIP,Koffee Spotlight Lounge,Show,Reality,English,45
E14831,U1558,C114,play,2026-01-05,Mobile,10,0,26-35,Male,Bengaluru,Karnataka,Free,Telugu Royal Heritage,Series,Drama,Telugu,45
E14832,U1620,C125,pause,2026-02-13,Mobile,23,0,26-35,Female,Delhi,Delhi,Premium,Chennai Roast Arena,Show,Comedy,Tamil,40
E14833,U1294,C137,play,2026-01-01,Smart TV,24,0,18-25,Male,Kolkata,West Bengal,VIP,Bigg Boss All-Stars Hindi,Show,Reality,Hindi,60
E14834,U1025,C150,pause,2026-02-17,Web,4,0,26-35,Female,Jaipur,Rajasthan,Free,Super Bheem Galactic Battle,Series,Kids,Telugu,22
E14835,U1233,C107,pause,2026-01-06,Web,15,0,26-35,Female,Hyderabad,Telangana,Free,Champions Trophy Pre-Show,Sports,Sports,Telugu,40
E14836,U1006,C106,complete,2026-01-17,Tablet,54,1,18-25,Male,Pune,Maharashtra,Free,WPL T20 Blockbuster Match,Sports,Sports,Hindi,60
E14837,U1254,C122,complete,2026-01-30,Smart TV,21,1,18-25,Male,Lucknow,Uttar Pradesh,VIP,Taarak Laugh Fest Episodes,Show,Comedy,Hindi,22
E14838,U1486,C109,complete,2026-01-10,Mobile,40,1,26-35,Female,Kochi,Kerala,Free,Special Ops: Desert Falcon,Series,Drama,Hindi,45
E14839,U1701,C113,pause,2026-01-15,Mobile,43,0,18-25,Male,Mumbai,Maharashtra,Free,Kaithi Revenge Chronicles,Movie,Drama,Tamil,140
E14840,U1597,C106,complete,2026-02-19,Smart TV,54,1,36-45,Female,Mumbai,Maharashtra,VIP,WPL T20 Blockbuster Match,Sports,Sports,Hindi,60
E14841,U1138,C133,pause,2026-01-11,Mobile,19,0,18-25,Male,Kolkata,West Bengal,Free,Rudra: The Edge of Darkness,Series,Action,Hindi,48
E14842,U1461,C116,play,2026-02-06,Mobile,51,0,26-35,Male,Chennai,Tamil Nadu,Premium,Kolkata Love Diary,Movie,Drama,Bengali,125
E14843,U1298,C105,pause,2026-02-07,Mobile,20,0,18-25,Female,Chennai,Tamil Nadu,Free,Pro Kabaddi League Finals,Sports,Sports,Tamil,70
E14844,U1611,C108,pause,2026-02-12,Mobile,20,0,26-35,Male,Lucknow,Uttar Pradesh,Premium,ISL Football Clash of Titans,Sports,Sports,Bengali,60
E14845,U1218,C124,play,2026-02-02,Mobile,6,0,36-45,Male,Bengaluru,Karnataka,VIP,Standup Special: Bangalore Humor,Show,Comedy,English,65
E14846,U1108,C113,complete,2026-02-14,Mobile,134,1,18-25,Female,Ahmedabad,Gujarat,VIP,Kaithi Revenge Chronicles,Movie,Drama,Tamil,140
E14847,U1428,C119,complete,2026-02-10,Smart TV,54,1,18-25,Other,Lucknow,Uttar Pradesh,Free,The Crown Dynasty Legacy,Series,Drama,English,55
E14848,U1229,C125,play,2026-01-02,Mobile,18,0,18-25,Female,Mumbai,Maharashtra,Free,Chennai Roast Arena,Show,Comedy,Tamil,40
E14849,U1401,C114,pause,2026-02-20,Mobile,13,0,36-45,Male,Hyderabad,Telangana,VIP,Telugu Royal Heritage,Series,Drama,Telugu,45
E14850,U1126,C117,complete,2026-02-19,Smart TV,23,1,26-35,Male,Bengaluru,Karnataka,Premium,Ghar Ek Mandir Classic,Show,Drama,Marathi,24
E14851,U1098,C120,pause,2026-02-22,Web,20,0,18-25,Male,Chennai,Tamil Nadu,VIP,Succession Politics India,Series,Drama,Hindi,45
E14852,U1669,C149,play,2026-02-16,Web,3,0,26-35,Female,Delhi,Delhi,Free,Shinchan Laugh Club,Series,Kids,Tamil,20
E14853,U1519,C121,pause,2026-02-26,Mobile,6,0,26-35,Male,Bengaluru,Karnataka,VIP,The Great Indian Comedy Lab,Show,Comedy,Hindi,35
E14854,U1664,C119,complete,2026-01-20,Mobile,50,1,36-45,Male,Delhi,Delhi,Premium,The Crown Dynasty Legacy,Series,Drama,English,55
E14855,U1454,C139,complete,2026-02-02,Mobile,56,1,18-25,Other,Bengaluru,Karnataka,Free,Bigg Boss Telugu Live,Show,Reality,Telugu,60
E14856,U1299,C124,play,2026-01-31,Mobile,29,0,18-25,Male,Chennai,Tamil Nadu,Premium,Standup Special: Bangalore Humor,Show,Comedy,English,65
E14857,U1706,C131,play,2026-02-26,Mobile,60,0,36-45,Female,Delhi,Delhi,Free,Devara Storm Rising,Movie,Action,Telugu,160
E14858,U1012,C110,pause,2026-01-06,Web,12,0,18-25,Male,Hyderabad,Telangana,VIP,Anupama: New Beginnings,Show,Drama,Hindi,25
E14859,U1394,C119,complete,2026-02-12,Smart TV,49,1,46+,Female,Kochi,Kerala,Premium,The Crown Dynasty Legacy,Series,Drama,English,55
E14860,U1224,C102,complete,2026-01-16,Smart TV,87,1,36-45,Male,Delhi,Delhi,VIP,IPL Mega Auction Live Replay,Sports,Sports,Hindi,90
E14861,U1657,C127,complete,2026-01-13,Mobile,28,1,46+,Male,Kolkata,West Bengal,Free,Pune Pun Factory,Show,Comedy,Marathi,30
E14862,U1192,C119,complete,2026-02-28,Mobile,54,1,18-25,Male,Mumbai,Maharashtra,Free,The Crown Dynasty Legacy,Series,Drama,English,55
E14863,U1141,C155,pause,2026-02-21,Smart TV,30,0,36-45,Male,Bengaluru,Karnataka,Free,Wildlife Wonders: Western Ghats,Show,News,English,52
E14864,U1001,C140,complete,2026-01-05,Web,48,1,26-35,Male,Delhi,Delhi,Free,Dance India Dance Championship,Show,Reality,Hindi,50
E14865,U1293,C104,complete,2026-01-10,Smart TV,45,1,18-25,Male,Pune,Maharashtra,Free,IND vs ENG Test Day 3 Highlights,Sports,Sports,English,50
E14866,U1169,C104,complete,2026-02-22,Mobile,45,1,36-45,Female,Kolkata,West Bengal,Free,IND vs ENG Test Day 3 Highlights,Sports,Sports,English,50
E14867,U1623,C133,pause,2026-02-05,Smart TV,15,0,26-35,Female,Delhi,Delhi,VIP,Rudra: The Edge of Darkness,Series,Action,Hindi,48
E14868,U1120,C106,complete,2026-02-28,Mobile,57,1,26-35,Female,Mumbai,Maharashtra,Free,WPL T20 Blockbuster Match,Sports,Sports,Hindi,60
E14869,U1325,C107,complete,2026-01-02,Web,37,1,26-35,Male,Kochi,Kerala,Free,Champions Trophy Pre-Show,Sports,Sports,Telugu,40
E14870,U1676,C152,pause,2026-02-27,Mobile,8,0,18-25,Male,Mumbai,Maharashtra,VIP,Global Tech & Economy Report,News,News,English,25
E14871,U1437,C136,complete,2026-02-07,Mobile,109,1,26-35,Female,Jaipur,Rajasthan,Free,Speed Street Heist,Movie,Action,English,120
E14872,U1483,C139,play,2026-02-26,Mobile,30,0,36-45,Female,Chennai,Tamil Nadu,Free,Bigg Boss Telugu Live,Show,Reality,Telugu,60
E14873,U1146,C139,pause,2026-01-14,Web,24,0,18-25,Female,Mumbai,Maharashtra,Free,Bigg Boss Telugu Live,Show,Reality,Telugu,60
E14874,U1594,C124,complete,2026-01-21,Smart TV,64,1,18-25,Female,Delhi,Delhi,Free,Standup Special: Bangalore Humor,Show,Comedy,English,65
E14875,U1211,C123,complete,2026-02-10,Mobile,23,1,26-35,Female,Bengaluru,Karnataka,Premium,Sarabhai Classic Revival,Series,Comedy,Hindi,25
E14876,U1036,C137,complete,2026-02-04,Smart TV,56,1,26-35,Female,Mumbai,Maharashtra,VIP,Bigg Boss All-Stars Hindi,Show,Reality,Hindi,60
E14877,U1724,C147,complete,2026-02-12,Web,19,1,18-25,Male,Bengaluru,Karnataka,VIP,Little Singham Rescue Mission,Series,Kids,Hindi,20
E14878,U1744,C137,pause,2026-02-10,Mobile,32,0,26-35,Male,Mumbai,Maharashtra,Premium,Bigg Boss All-Stars Hindi,Show,Reality,Hindi,60
E14879,U1544,C133,complete,2026-02-12,Mobile,43,1,36-45,Male,Delhi,Delhi,Premium,Rudra: The Edge of Darkness,Series,Action,Hindi,48
E14880,U1519,C101,pause,2026-01-05,Web,9,0,26-35,Male,Bengaluru,Karnataka,VIP,IND vs AUS T20 Cup Highlights,Sports,Sports,Hindi,45
E14881,U1416,C105,complete,2026-01-25,Smart TV,67,1,18-25,Female,Lucknow,Uttar Pradesh,Premium,Pro Kabaddi League Finals,Sports,Sports,Tamil,70
E14882,U1111,C106,pause,2026-01-28,Web,8,0,18-25,Male,Mumbai,Maharashtra,VIP,WPL T20 Blockbuster Match,Sports,Sports,Hindi,60
E14883,U1356,C115,pause,2026-02-26,Mobile,21,0,18-25,Male,Hyderabad,Telangana,VIP,Bengal Courtroom Secrets,Series,Drama,Bengali,40
E14884,U1294,C135,pause,2026-01-08,Mobile,40,0,18-25,Male,Kolkata,West Bengal,VIP,Fighter Wing Alpha,Movie,Action,Hindi,145
E14885,U1606,C159,play,2026-02-08,Mobile,8,0,46+,Other,Pune,Maharashtra,VIP,Bengal Morning Bulletin,News,News,Bengali,25
E14886,U1005,C113,play,2026-01-28,Mobile,72,0,36-45,Male,Pune,Maharashtra,VIP,Kaithi Revenge Chronicles,Movie,Drama,Tamil,140
E14887,U1338,C140,complete,2026-01-06,Mobile,47,1,26-35,Male,Delhi,Delhi,Free,Dance India Dance Championship,Show,Reality,Hindi,50
E14888,U1366,C141,complete,2026-01-19,Web,54,1,46+,Male,Jaipur,Rajasthan,VIP,Shark Pitch India S4,Show,Reality,Hindi,55
E14889,U1710,C101,complete,2026-02-19,Smart TV,42,1,26-35,Female,Delhi,Delhi,Premium,IND vs AUS T20 Cup Highlights,Sports,Sports,Hindi,45
E14890,U1049,C134,complete,2026-02-03,Mobile,121,1,26-35,Female,Mumbai,Maharashtra,Free,Night Hunter Squad,Movie,Action,English,130
E14891,U1187,C113,complete,2026-01-04,Mobile,132,1,26-35,Female,Ahmedabad,Gujarat,Premium,Kaithi Revenge Chronicles,Movie,Drama,Tamil,140
E14892,U1163,C123,complete,2026-02-16,Mobile,23,1,18-25,Other,Bengaluru,Karnataka,Premium,Sarabhai Classic Revival,Series,Comedy,Hindi,25
E14893,U1005,C134,complete,2026-01-18,Mobile,122,1,36-45,Male,Pune,Maharashtra,VIP,Night Hunter Squad,Movie,Action,English,130
E14894,U1504,C142,play,2026-01-01,Mobile,10,0,36-45,Male,Delhi,Delhi,VIP,Master Chef Kitchen Wars,Show,Reality,Hindi,45
E14895,U1054,C147,pause,2026-03-01,Mobile,7,0,26-35,Male,Hyderabad,Telangana,VIP,Little Singham Rescue Mission,Series,Kids,Hindi,20
E14896,U1553,C127,complete,2026-02-28,Smart TV,29,1,18-25,Male,Hyderabad,Telangana,VIP,Pune Pun Factory,Show,Comedy,Marathi,30
E14897,U1166,C101,pause,2026-01-02,Mobile,4,0,36-45,Male,Mumbai,Maharashtra,Free,IND vs AUS T20 Cup Highlights,Sports,Sports,Hindi,45
E14898,U1325,C107,complete,2026-02-08,Mobile,39,1,26-35,Male,Kochi,Kerala,Free,Champions Trophy Pre-Show,Sports,Sports,Telugu,40
E14899,U1023,C102,complete,2026-02-13,Mobile,81,1,36-45,Male,Kolkata,West Bengal,VIP,IPL Mega Auction Live Replay,Sports,Sports,Hindi,90
E14900,U1357,C137,play,2026-01-30,Mobile,28,0,18-25,Female,Hyderabad,Telangana,Free,Bigg Boss All-Stars Hindi,Show,Reality,Hindi,60
E14901,U1030,C117,pause,2026-02-28,Mobile,12,0,18-25,Male,Chennai,Tamil Nadu,Free,Ghar Ek Mandir Classic,Show,Drama,Marathi,24
E14902,U1386,C118,play,2026-02-20,Mobile,7,0,46+,Female,Kolkata,West Bengal,Free,Kerala Waterfront Mystery,Series,Drama,Malayalam,48
E14903,U1181,C102,pause,2026-02-13,Smart TV,30,0,26-35,Male,Pune,Maharashtra,Free,IPL Mega Auction Live Replay,Sports,Sports,Hindi,90
E14904,U1051,C110,play,2026-01-07,Tablet,11,0,26-35,Female,Chennai,Tamil Nadu,Free,Anupama: New Beginnings,Show,Drama,Hindi,25
E14905,U1748,C153,pause,2026-02-14,Mobile,21,0,26-35,Female,Chennai,Tamil Nadu,VIP,India at 2030: Space Ambitions,Show,News,English,50
E14906,U1303,C120,pause,2026-01-26,Web,13,0,18-25,Male,Lucknow,Uttar Pradesh,Free,Succession Politics India,Series,Drama,Hindi,45
E14907,U1560,C104,complete,2026-01-28,Mobile,45,1,26-35,Male,Kolkata,West Bengal,Free,IND vs ENG Test Day 3 Highlights,Sports,Sports,English,50
E14908,U1227,C103,play,2026-01-09,Web,22,0,18-25,Female,Pune,Maharashtra,VIP,Premier League Weekly Showdown,Sports,Sports,English,60
E14909,U1671,C134,complete,2026-01-15,Smart TV,129,1,18-25,Male,Delhi,Delhi,VIP,Night Hunter Squad,Movie,Action,English,130
E14910,U1225,C124,play,2026-02-16,Mobile,9,0,18-25,Male,Patna,Bihar,VIP,Standup Special: Bangalore Humor,Show,Comedy,English,65
E14911,U1102,C131,pause,2026-02-03,Mobile,67,0,36-45,Male,Delhi,Delhi,Free,Devara Storm Rising,Movie,Action,Telugu,160
E14912,U1430,C122,play,2026-01-11,Mobile,7,0,46+,Female,Bengaluru,Karnataka,Premium,Taarak Laugh Fest Episodes,Show,Comedy,Hindi,22
E14913,U1467,C144,pause,2026-02-13,Mobile,11,0,18-25,Male,Bengaluru,Karnataka,Free,Koffee Spotlight Lounge,Show,Reality,English,45
E14914,U1471,C106,complete,2026-01-16,Web,58,1,46+,Male,Lucknow,Uttar Pradesh,VIP,WPL T20 Blockbuster Match,Sports,Sports,Hindi,60
E14915,U1437,C118,pause,2026-01-25,Mobile,22,0,26-35,Female,Jaipur,Rajasthan,Free,Kerala Waterfront Mystery,Series,Drama,Malayalam,48
E14916,U1212,C112,pause,2026-02-16,Mobile,18,0,18-25,Female,Mumbai,Maharashtra,VIP,City of Dreams: The Succession,Series,Drama,Hindi,50
E14917,U1574,C141,pause,2026-02-05,Mobile,20,0,18-25,Male,Kolkata,West Bengal,VIP,Shark Pitch India S4,Show,Reality,Hindi,55
E14918,U1314,C120,pause,2026-02-25,Mobile,14,0,26-35,Female,Bengaluru,Karnataka,Premium,Succession Politics India,Series,Drama,Hindi,45
E14919,U1157,C109,complete,2026-01-11,Mobile,42,1,26-35,Female,Lucknow,Uttar Pradesh,Free,Special Ops: Desert Falcon,Series,Drama,Hindi,45
E14920,U1035,C104,complete,2026-01-08,Mobile,48,1,26-35,Male,Delhi,Delhi,Free,IND vs ENG Test Day 3 Highlights,Sports,Sports,English,50
E14921,U1189,C144,complete,2026-02-26,Mobile,41,1,36-45,Male,Mumbai,Maharashtra,VIP,Koffee Spotlight Lounge,Show,Reality,English,45
E14922,U1527,C115,complete,2026-02-21,Tablet,37,1,36-45,Female,Pune,Maharashtra,VIP,Bengal Courtroom Secrets,Series,Drama,Bengali,40
E14923,U1657,C128,complete,2026-01-03,Mobile,107,1,46+,Male,Kolkata,West Bengal,Free,College Boys Chaos,Movie,Comedy,Hindi,115
E14924,U1210,C111,play,2026-01-20,Mobile,9,0,18-25,Female,Mumbai,Maharashtra,Premium,Yeh Rishta: Family Bonds,Show,Drama,Hindi,22
E14925,U1141,C144,complete,2026-01-22,Web,40,1,36-45,Male,Bengaluru,Karnataka,Free,Koffee Spotlight Lounge,Show,Reality,English,45
E14926,U1191,C129,pause,2026-02-18,Mobile,49,0,26-35,Female,Bengaluru,Karnataka,VIP,Tiger Underground Strike,Movie,Action,Hindi,155
E14927,U1614,C132,complete,2026-02-19,Mobile,41,1,18-25,Female,Mumbai,Maharashtra,Free,Commando Force Mumbai,Series,Action,Hindi,42
E14928,U1224,C109,complete,2026-01-08,Mobile,41,1,36-45,Male,Delhi,Delhi,VIP,Special Ops: Desert Falcon,Series,Drama,Hindi,45
E14929,U1082,C148,play,2026-02-12,Mobile,7,0,18-25,Male,Chennai,Tamil Nadu,Premium,Doraemon Magic Gadgets,Series,Kids,Hindi,20
E14930,U1294,C107,complete,2026-01-17,Smart TV,37,1,18-25,Male,Kolkata,West Bengal,VIP,Champions Trophy Pre-Show,Sports,Sports,Telugu,40
E14931,U1336,C108,play,2026-01-24,Mobile,23,0,26-35,Female,Bengaluru,Karnataka,VIP,ISL Football Clash of Titans,Sports,Sports,Bengali,60
E14932,U1581,C128,complete,2026-01-30,Mobile,103,1,46+,Male,Ahmedabad,Gujarat,VIP,College Boys Chaos,Movie,Comedy,Hindi,115
E14933,U1234,C105,pause,2026-02-24,Mobile,8,0,46+,Male,Bengaluru,Karnataka,Free,Pro Kabaddi League Finals,Sports,Sports,Tamil,70
E14934,U1203,C145,pause,2026-01-30,Mobile,16,0,18-25,Female,Delhi,Delhi,Free,Chhota Bheem Himalayan Tour,Movie,Kids,Hindi,85
E14935,U1614,C128,pause,2026-02-02,Mobile,66,0,18-25,Female,Mumbai,Maharashtra,Free,College Boys Chaos,Movie,Comedy,Hindi,115
E14936,U1061,C110,pause,2026-02-10,Tablet,6,0,26-35,Female,Mumbai,Maharashtra,Premium,Anupama: New Beginnings,Show,Drama,Hindi,25
E14937,U1519,C157,complete,2026-02-22,Web,38,1,26-35,Male,Bengaluru,Karnataka,VIP,Startup Founders Blueprint,Show,News,English,40
E14938,U1480,C149,complete,2026-02-17,Smart TV,18,1,36-45,Female,Mumbai,Maharashtra,Premium,Shinchan Laugh Club,Series,Kids,Tamil,20
E14939,U1447,C105,pause,2026-02-17,Mobile,26,0,36-45,Male,Kolkata,West Bengal,Premium,Pro Kabaddi League Finals,Sports,Sports,Tamil,70
E14940,U1339,C113,play,2026-02-03,Mobile,67,0,18-25,Female,Chennai,Tamil Nadu,Free,Kaithi Revenge Chronicles,Movie,Drama,Tamil,140
E14941,U1686,C130,complete,2026-01-28,Smart TV,154,1,26-35,Female,Chennai,Tamil Nadu,Premium,Vikram: Shadow Commander,Movie,Action,Tamil,165
E14942,U1051,C140,pause,2026-01-11,Mobile,4,0,26-35,Female,Chennai,Tamil Nadu,Free,Dance India Dance Championship,Show,Reality,Hindi,50
E14943,U1236,C105,complete,2026-02-28,Tablet,63,1,26-35,Male,Delhi,Delhi,VIP,Pro Kabaddi League Finals,Sports,Sports,Tamil,70
E14944,U1181,C102,play,2026-02-04,Web,37,0,26-35,Male,Pune,Maharashtra,Free,IPL Mega Auction Live Replay,Sports,Sports,Hindi,90
E14945,U1313,C160,pause,2026-01-12,Web,14,0,26-35,Female,Delhi,Delhi,Free,Maharashtra Maha News,News,News,Marathi,30
E14946,U1038,C117,pause,2026-01-24,Mobile,9,0,18-25,Male,Chennai,Tamil Nadu,VIP,Ghar Ek Mandir Classic,Show,Drama,Marathi,24
E14947,U1023,C121,complete,2026-02-10,Mobile,33,1,36-45,Male,Kolkata,West Bengal,VIP,The Great Indian Comedy Lab,Show,Comedy,Hindi,35
E14948,U1570,C120,complete,2026-02-11,Web,44,1,18-25,Female,Mumbai,Maharashtra,VIP,Succession Politics India,Series,Drama,Hindi,45
E14949,U1043,C104,complete,2026-02-11,Web,46,1,26-35,Male,Delhi,Delhi,Free,IND vs ENG Test Day 3 Highlights,Sports,Sports,English,50
E14950,U1362,C143,pause,2026-02-15,Mobile,15,0,18-25,Male,Chennai,Tamil Nadu,Free,Roadies Quest,Show,Reality,Hindi,45
E14951,U1735,C129,play,2026-02-15,Mobile,77,0,46+,Female,Kolkata,West Bengal,VIP,Tiger Underground Strike,Movie,Action,Hindi,155
E14952,U1654,C111,pause,2026-02-18,Tablet,12,0,18-25,Male,Mumbai,Maharashtra,VIP,Yeh Rishta: Family Bonds,Show,Drama,Hindi,22
E14953,U1676,C137,complete,2026-01-22,Smart TV,55,1,18-25,Male,Mumbai,Maharashtra,VIP,Bigg Boss All-Stars Hindi,Show,Reality,Hindi,60
E14954,U1233,C122,play,2026-01-14,Mobile,8,0,26-35,Female,Hyderabad,Telangana,Free,Taarak Laugh Fest Episodes,Show,Comedy,Hindi,22
E14955,U1296,C119,pause,2026-01-14,Mobile,7,0,46+,Female,Kolkata,West Bengal,VIP,The Crown Dynasty Legacy,Series,Drama,English,55
E14956,U1459,C138,complete,2026-02-22,Mobile,58,1,36-45,Female,Mumbai,Maharashtra,VIP,Bigg Boss Tamil Season 8,Show,Reality,Tamil,60
E14957,U1638,C128,complete,2026-02-17,Tablet,112,1,26-35,Female,Patna,Bihar,Premium,College Boys Chaos,Movie,Comedy,Hindi,115
E14958,U1016,C105,pause,2026-01-25,Mobile,19,0,36-45,Male,Mumbai,Maharashtra,Premium,Pro Kabaddi League Finals,Sports,Sports,Tamil,70
E14959,U1324,C101,complete,2026-01-30,Smart TV,41,1,36-45,Male,Mumbai,Maharashtra,Free,IND vs AUS T20 Cup Highlights,Sports,Sports,Hindi,45
E14960,U1679,C117,complete,2026-01-11,Web,21,1,46+,Female,Lucknow,Uttar Pradesh,VIP,Ghar Ek Mandir Classic,Show,Drama,Marathi,24
E14961,U1058,C104,complete,2026-01-25,Mobile,48,1,18-25,Male,Lucknow,Uttar Pradesh,Premium,IND vs ENG Test Day 3 Highlights,Sports,Sports,English,50
E14962,U1230,C134,pause,2026-01-18,Web,79,0,18-25,Male,Mumbai,Maharashtra,Free,Night Hunter Squad,Movie,Action,English,130
E14963,U1258,C112,pause,2026-01-26,Mobile,19,0,26-35,Female,Delhi,Delhi,Free,City of Dreams: The Succession,Series,Drama,Hindi,50
E14964,U1283,C114,pause,2026-02-16,Web,16,0,18-25,Female,Pune,Maharashtra,VIP,Telugu Royal Heritage,Series,Drama,Telugu,45
E14965,U1709,C114,play,2026-01-24,Web,15,0,26-35,Male,Delhi,Delhi,Premium,Telugu Royal Heritage,Series,Drama,Telugu,45
E14966,U1588,C114,pause,2026-02-17,Web,26,0,26-35,Male,Kolkata,West Bengal,VIP,Telugu Royal Heritage,Series,Drama,Telugu,45
E14967,U1602,C115,complete,2026-01-11,Web,36,1,26-35,Female,Mumbai,Maharashtra,Premium,Bengal Courtroom Secrets,Series,Drama,Bengali,40
E14968,U1706,C151,play,2026-02-24,Smart TV,12,0,36-45,Female,Delhi,Delhi,Free,Daily Headlines 360,News,News,Hindi,30
E14969,U1485,C103,complete,2026-01-11,Mobile,55,1,18-25,Male,Ahmedabad,Gujarat,Free,Premier League Weekly Showdown,Sports,Sports,English,60
E14970,U1642,C130,complete,2026-02-13,Smart TV,153,1,26-35,Female,Kolkata,West Bengal,Premium,Vikram: Shadow Commander,Movie,Action,Tamil,165
E14971,U1577,C159,complete,2026-01-26,Mobile,24,1,46+,Male,Ahmedabad,Gujarat,Premium,Bengal Morning Bulletin,News,News,Bengali,25
E14972,U1376,C135,pause,2026-02-22,Smart TV,82,0,26-35,Male,Jaipur,Rajasthan,Free,Fighter Wing Alpha,Movie,Action,Hindi,145
E14973,U1155,C125,pause,2026-01-06,Mobile,4,0,36-45,Male,Mumbai,Maharashtra,Free,Chennai Roast Arena,Show,Comedy,Tamil,40
E14974,U1256,C137,complete,2026-02-17,Web,56,1,26-35,Male,Hyderabad,Telangana,Free,Bigg Boss All-Stars Hindi,Show,Reality,Hindi,60
E14975,U1236,C146,play,2026-01-13,Mobile,18,0,26-35,Male,Delhi,Delhi,VIP,Motu Patlu Space Adventure,Movie,Kids,Hindi,75
E14976,U1513,C131,pause,2026-01-27,Mobile,39,0,26-35,Male,Hyderabad,Telangana,VIP,Devara Storm Rising,Movie,Action,Telugu,160
E14977,U1044,C105,complete,2026-02-02,Mobile,64,1,18-25,Female,Ahmedabad,Gujarat,Free,Pro Kabaddi League Finals,Sports,Sports,Tamil,70
E14978,U1270,C101,complete,2026-01-05,Smart TV,44,1,18-25,Male,Delhi,Delhi,VIP,IND vs AUS T20 Cup Highlights,Sports,Sports,Hindi,45
E14979,U1044,C130,complete,2026-01-12,Mobile,150,1,18-25,Female,Ahmedabad,Gujarat,Free,Vikram: Shadow Commander,Movie,Action,Tamil,165
E14980,U1495,C147,pause,2026-02-02,Tablet,4,0,18-25,Female,Jaipur,Rajasthan,Premium,Little Singham Rescue Mission,Series,Kids,Hindi,20
E14981,U1024,C104,complete,2026-02-26,Tablet,45,1,36-45,Female,Bengaluru,Karnataka,Free,IND vs ENG Test Day 3 Highlights,Sports,Sports,English,50
E14982,U1609,C102,play,2026-01-04,Mobile,40,0,18-25,Female,Ahmedabad,Gujarat,VIP,IPL Mega Auction Live Replay,Sports,Sports,Hindi,90
E14983,U1382,C116,pause,2026-02-21,Mobile,28,0,26-35,Female,Hyderabad,Telangana,Free,Kolkata Love Diary,Movie,Drama,Bengali,125
E14984,U1653,C102,complete,2026-01-13,Mobile,86,1,18-25,Female,Mumbai,Maharashtra,Free,IPL Mega Auction Live Replay,Sports,Sports,Hindi,90
E14985,U1058,C122,complete,2026-02-28,Smart TV,20,1,18-25,Male,Lucknow,Uttar Pradesh,Premium,Taarak Laugh Fest Episodes,Show,Comedy,Hindi,22
E14986,U1042,C129,play,2026-02-01,Web,103,0,26-35,Female,Mumbai,Maharashtra,Free,Tiger Underground Strike,Movie,Action,Hindi,155
E14987,U1704,C140,play,2026-01-25,Mobile,12,0,26-35,Female,Bengaluru,Karnataka,Premium,Dance India Dance Championship,Show,Reality,Hindi,50
E14988,U1230,C115,play,2026-02-02,Mobile,7,0,18-25,Male,Mumbai,Maharashtra,Free,Bengal Courtroom Secrets,Series,Drama,Bengali,40
E14989,U1071,C114,complete,2026-02-17,Web,42,1,26-35,Female,Mumbai,Maharashtra,Premium,Telugu Royal Heritage,Series,Drama,Telugu,45
E14990,U1551,C104,complete,2026-01-21,Mobile,46,1,18-25,Male,Hyderabad,Telangana,VIP,IND vs ENG Test Day 3 Highlights,Sports,Sports,English,50
E14991,U1282,C109,pause,2026-01-16,Mobile,20,0,26-35,Male,Lucknow,Uttar Pradesh,Free,Special Ops: Desert Falcon,Series,Drama,Hindi,45
E14992,U1128,C152,complete,2026-01-05,Mobile,24,1,26-35,Female,Pune,Maharashtra,VIP,Global Tech & Economy Report,News,News,English,25
E14993,U1230,C134,pause,2026-01-25,Mobile,11,0,18-25,Male,Mumbai,Maharashtra,Free,Night Hunter Squad,Movie,Action,English,130
E14994,U1178,C119,complete,2026-01-19,Web,51,1,26-35,Female,Chennai,Tamil Nadu,VIP,The Crown Dynasty Legacy,Series,Drama,English,55
E14995,U1547,C113,play,2026-01-31,Tablet,41,0,18-25,Male,Delhi,Delhi,Free,Kaithi Revenge Chronicles,Movie,Drama,Tamil,140
E14996,U1332,C104,pause,2026-01-16,Web,32,0,18-25,Female,Hyderabad,Telangana,Premium,IND vs ENG Test Day 3 Highlights,Sports,Sports,English,50
E14997,U1558,C110,pause,2026-01-16,Mobile,12,0,26-35,Male,Bengaluru,Karnataka,Free,Anupama: New Beginnings,Show,Drama,Hindi,25
E14998,U1033,C129,play,2026-01-23,Mobile,76,0,26-35,Male,Chennai,Tamil Nadu,VIP,Tiger Underground Strike,Movie,Action,Hindi,155
E14999,U1115,C102,pause,2026-01-14,Mobile,50,0,26-35,Female,Bengaluru,Karnataka,VIP,IPL Mega Auction Live Replay,Sports,Sports,Hindi,90
E15000,U1345,C140,pause,2026-02-19,Mobile,17,0,26-35,Male,Pune,Maharashtra,VIP,Dance India Dance Championship,Show,Reality,Hindi,50
E15001,U1426,C146,play,2026-01-20,Smart TV,48,0,26-35,Female,Kolkata,West Bengal,Free,Motu Patlu Space Adventure,Movie,Kids,Hindi,75
E15002,U1627,C115,pause,2026-02-17,Mobile,9,0,18-25,Female,Pune,Maharashtra,Free,Bengal Courtroom Secrets,Series,Drama,Bengali,40
E15003,U1540,C129,pause,2026-01-20,Mobile,63,0,18-25,Male,Kolkata,West Bengal,VIP,Tiger Underground Strike,Movie,Action,Hindi,155
E15004,U1330,C140,pause,2026-01-24,Mobile,4,0,18-25,Female,Bengaluru,Karnataka,Premium,Dance India Dance Championship,Show,Reality,Hindi,50
E15005,U1117,C144,pause,2026-02-04,Tablet,26,0,18-25,Male,Delhi,Delhi,Premium,Koffee Spotlight Lounge,Show,Reality,English,45
E15006,U1278,C110,pause,2026-02-01,Web,9,0,26-35,Male,Jaipur,Rajasthan,VIP,Anupama: New Beginnings,Show,Drama,Hindi,25
E15007,U1454,C115,pause,2026-01-03,Mobile,9,0,18-25,Other,Bengaluru,Karnataka,Free,Bengal Courtroom Secrets,Series,Drama,Bengali,40
E15008,U1567,C131,complete,2026-02-11,Smart TV,146,1,18-25,Female,Chennai,Tamil Nadu,Free,Devara Storm Rising,Movie,Action,Telugu,160
E15009,U1712,C147,pause,2026-02-14,Smart TV,12,0,26-35,Female,Mumbai,Maharashtra,Premium,Little Singham Rescue Mission,Series,Kids,Hindi,20
E15010,U1229,C103,pause,2026-01-18,Mobile,29,0,18-25,Female,Mumbai,Maharashtra,Free,Premier League Weekly Showdown,Sports,Sports,English,60
E15011,U1537,C119,complete,2026-02-12,Smart TV,50,1,18-25,Female,Hyderabad,Telangana,Free,The Crown Dynasty Legacy,Series,Drama,English,55
E15012,U1222,C139,complete,2026-01-06,Smart TV,58,1,18-25,Other,Bengaluru,Karnataka,Premium,Bigg Boss Telugu Live,Show,Reality,Telugu,60
E15013,U1293,C111,pause,2026-01-12,Mobile,7,0,18-25,Male,Pune,Maharashtra,Free,Yeh Rishta: Family Bonds,Show,Drama,Hindi,22
E15014,U1548,C137,complete,2026-02-05,Smart TV,54,1,26-35,Female,Hyderabad,Telangana,Free,Bigg Boss All-Stars Hindi,Show,Reality,Hindi,60
E15015,U1570,C123,complete,2026-01-23,Web,22,1,18-25,Female,Mumbai,Maharashtra,VIP,Sarabhai Classic Revival,Series,Comedy,Hindi,25
E15016,U1518,C119,pause,2026-02-17,Web,21,0,18-25,Male,Kochi,Kerala,Free,The Crown Dynasty Legacy,Series,Drama,English,55
E15017,U1356,C136,play,2026-01-27,Mobile,34,0,18-25,Male,Hyderabad,Telangana,VIP,Speed Street Heist,Movie,Action,English,120
E15018,U1426,C129,complete,2026-03-01,Mobile,143,1,26-35,Female,Kolkata,West Bengal,Free,Tiger Underground Strike,Movie,Action,Hindi,155
E15019,U1566,C117,complete,2026-01-24,Mobile,22,1,18-25,Female,Kolkata,West Bengal,Free,Ghar Ek Mandir Classic,Show,Drama,Marathi,24
E15020,U1232,C136,pause,2026-01-27,Mobile,22,0,26-35,Male,Chennai,Tamil Nadu,Premium,Speed Street Heist,Movie,Action,English,120
E15021,U1742,C107,complete,2026-01-10,Mobile,36,1,18-25,Male,Mumbai,Maharashtra,VIP,Champions Trophy Pre-Show,Sports,Sports,Telugu,40
E15022,U1283,C131,complete,2026-02-11,Mobile,159,1,18-25,Female,Pune,Maharashtra,VIP,Devara Storm Rising,Movie,Action,Telugu,160
E15023,U1542,C147,play,2026-02-14,Mobile,4,0,26-35,Female,Pune,Maharashtra,Free,Little Singham Rescue Mission,Series,Kids,Hindi,20
E15024,U1664,C129,complete,2026-02-22,Smart TV,148,1,36-45,Male,Delhi,Delhi,Premium,Tiger Underground Strike,Movie,Action,Hindi,155
E15025,U1385,C131,complete,2026-03-01,Mobile,153,1,26-35,Male,Delhi,Delhi,VIP,Devara Storm Rising,Movie,Action,Telugu,160
E15026,U1156,C115,complete,2026-01-25,Mobile,38,1,46+,Female,Mumbai,Maharashtra,Free,Bengal Courtroom Secrets,Series,Drama,Bengali,40
E15027,U1432,C142,play,2026-01-28,Mobile,21,0,36-45,Male,Ahmedabad,Gujarat,Free,Master Chef Kitchen Wars,Show,Reality,Hindi,45
E15028,U1178,C109,complete,2026-02-07,Web,41,1,26-35,Female,Chennai,Tamil Nadu,VIP,Special Ops: Desert Falcon,Series,Drama,Hindi,45
E15029,U1690,C140,complete,2026-02-18,Mobile,49,1,36-45,Female,Delhi,Delhi,VIP,Dance India Dance Championship,Show,Reality,Hindi,50
E15030,U1460,C129,play,2026-01-02,Mobile,48,0,26-35,Male,Mumbai,Maharashtra,Free,Tiger Underground Strike,Movie,Action,Hindi,155
E15031,U1632,C116,play,2026-01-12,Mobile,9,0,18-25,Male,Chennai,Tamil Nadu,Free,Kolkata Love Diary,Movie,Drama,Bengali,125
E15032,U1133,C118,pause,2026-01-30,Mobile,19,0,18-25,Male,Lucknow,Uttar Pradesh,Free,Kerala Waterfront Mystery,Series,Drama,Malayalam,48
E15033,U1284,C132,play,2026-01-01,Mobile,14,0,18-25,Female,Bengaluru,Karnataka,Free,Commando Force Mumbai,Series,Action,Hindi,42
E15034,U1602,C145,play,2026-01-31,Web,18,0,26-35,Female,Mumbai,Maharashtra,Premium,Chhota Bheem Himalayan Tour,Movie,Kids,Hindi,85
E15035,U1141,C108,pause,2026-02-25,Mobile,9,0,36-45,Male,Bengaluru,Karnataka,Free,ISL Football Clash of Titans,Sports,Sports,Bengali,60
E15036,U1533,C117,complete,2026-01-15,Smart TV,23,1,18-25,Female,Chennai,Tamil Nadu,Free,Ghar Ek Mandir Classic,Show,Drama,Marathi,24
E15037,U1594,C143,pause,2026-01-16,Mobile,19,0,18-25,Female,Delhi,Delhi,Free,Roadies Quest,Show,Reality,Hindi,45
E15038,U1632,C126,complete,2026-02-15,Smart TV,29,1,18-25,Male,Chennai,Tamil Nadu,Free,Telugu Comedy Superstars,Show,Comedy,Telugu,30
E15039,U1550,C114,complete,2026-01-05,Smart TV,41,1,26-35,Male,Kochi,Kerala,VIP,Telugu Royal Heritage,Series,Drama,Telugu,45
E15040,U1428,C108,pause,2026-02-11,Smart TV,9,0,18-25,Other,Lucknow,Uttar Pradesh,Free,ISL Football Clash of Titans,Sports,Sports,Bengali,60
E15041,U1699,C124,play,2026-01-14,Mobile,24,0,18-25,Female,Bengaluru,Karnataka,VIP,Standup Special: Bangalore Humor,Show,Comedy,English,65
E15042,U1482,C119,pause,2026-01-31,Mobile,24,0,18-25,Male,Mumbai,Maharashtra,Free,The Crown Dynasty Legacy,Series,Drama,English,55
E15043,U1118,C103,pause,2026-01-18,Mobile,30,0,18-25,Male,Hyderabad,Telangana,VIP,Premier League Weekly Showdown,Sports,Sports,English,60
E15044,U1252,C107,complete,2026-01-12,Tablet,36,1,26-35,Male,Kolkata,West Bengal,Premium,Champions Trophy Pre-Show,Sports,Sports,Telugu,40
E15045,U1507,C130,complete,2026-01-24,Tablet,152,1,26-35,Male,Kolkata,West Bengal,Premium,Vikram: Shadow Commander,Movie,Action,Tamil,165
E15046,U1150,C132,pause,2026-01-17,Mobile,17,0,26-35,Female,Kolkata,West Bengal,Premium,Commando Force Mumbai,Series,Action,Hindi,42
E15047,U1560,C105,pause,2026-01-07,Smart TV,25,0,26-35,Male,Kolkata,West Bengal,Free,Pro Kabaddi League Finals,Sports,Sports,Tamil,70
E15048,U1443,C115,pause,2026-01-26,Web,20,0,26-35,Male,Chennai,Tamil Nadu,VIP,Bengal Courtroom Secrets,Series,Drama,Bengali,40
E15049,U1379,C127,complete,2026-02-19,Mobile,29,1,18-25,Female,Bengaluru,Karnataka,VIP,Pune Pun Factory,Show,Comedy,Marathi,30
E15050,U1301,C106,pause,2026-02-02,Web,33,0,36-45,Female,Mumbai,Maharashtra,Premium,WPL T20 Blockbuster Match,Sports,Sports,Hindi,60
E15051,U1271,C141,complete,2026-02-27,Smart TV,52,1,36-45,Male,Kochi,Kerala,VIP,Shark Pitch India S4,Show,Reality,Hindi,55
E15052,U1116,C101,complete,2026-01-30,Smart TV,41,1,46+,Male,Hyderabad,Telangana,VIP,IND vs AUS T20 Cup Highlights,Sports,Sports,Hindi,45
E15053,U1336,C118,complete,2026-01-27,Smart TV,46,1,26-35,Female,Bengaluru,Karnataka,VIP,Kerala Waterfront Mystery,Series,Drama,Malayalam,48
E15054,U1647,C120,complete,2026-01-11,Web,44,1,26-35,Female,Ahmedabad,Gujarat,Free,Succession Politics India,Series,Drama,Hindi,45
E15055,U1717,C137,complete,2026-02-11,Web,59,1,36-45,Male,Delhi,Delhi,Free,Bigg Boss All-Stars Hindi,Show,Reality,Hindi,60
E15056,U1243,C111,play,2026-01-09,Web,2,0,26-35,Male,Mumbai,Maharashtra,Free,Yeh Rishta: Family Bonds,Show,Drama,Hindi,22
E15057,U1429,C128,play,2026-02-22,Mobile,19,0,26-35,Male,Mumbai,Maharashtra,Free,College Boys Chaos,Movie,Comedy,Hindi,115
E15058,U1183,C144,play,2026-01-05,Mobile,25,0,36-45,Other,Chennai,Tamil Nadu,Free,Koffee Spotlight Lounge,Show,Reality,English,45
E15059,U1551,C109,pause,2026-02-19,Mobile,11,0,18-25,Male,Hyderabad,Telangana,VIP,Special Ops: Desert Falcon,Series,Drama,Hindi,45
E15060,U1560,C145,play,2026-02-08,Mobile,42,0,26-35,Male,Kolkata,West Bengal,Free,Chhota Bheem Himalayan Tour,Movie,Kids,Hindi,85
E15061,U1260,C118,complete,2026-02-06,Mobile,47,1,18-25,Male,Mumbai,Maharashtra,VIP,Kerala Waterfront Mystery,Series,Drama,Malayalam,48
E15062,U1536,C156,complete,2026-02-07,Smart TV,44,1,18-25,Male,Mumbai,Maharashtra,Free,Cricket Icons: The Untold Story,Show,News,Hindi,45
E15063,U1572,C117,complete,2026-01-06,Mobile,23,1,18-25,Female,Bengaluru,Karnataka,VIP,Ghar Ek Mandir Classic,Show,Drama,Marathi,24
E15064,U1105,C121,complete,2026-02-12,Mobile,34,1,26-35,Female,Bengaluru,Karnataka,Free,The Great Indian Comedy Lab,Show,Comedy,Hindi,35
E15065,U1158,C102,pause,2026-01-01,Mobile,51,0,26-35,Female,Lucknow,Uttar Pradesh,VIP,IPL Mega Auction Live Replay,Sports,Sports,Hindi,90
E15066,U1508,C102,complete,2026-01-14,Web,86,1,36-45,Female,Mumbai,Maharashtra,Free,IPL Mega Auction Live Replay,Sports,Sports,Hindi,90
E15067,U1420,C127,complete,2026-02-06,Web,29,1,26-35,Male,Delhi,Delhi,VIP,Pune Pun Factory,Show,Comedy,Marathi,30
E15068,U1466,C117,play,2026-01-13,Mobile,7,0,36-45,Male,Ahmedabad,Gujarat,Free,Ghar Ek Mandir Classic,Show,Drama,Marathi,24
E15069,U1492,C108,complete,2026-01-25,Smart TV,59,1,18-25,Male,Bengaluru,Karnataka,VIP,ISL Football Clash of Titans,Sports,Sports,Bengali,60
E15070,U1276,C122,complete,2026-01-01,Mobile,21,1,18-25,Female,Mumbai,Maharashtra,Premium,Taarak Laugh Fest Episodes,Show,Comedy,Hindi,22
E15071,U1262,C134,play,2026-02-07,Mobile,64,0,36-45,Male,Ahmedabad,Gujarat,Free,Night Hunter Squad,Movie,Action,English,130
E15072,U1306,C122,pause,2026-01-05,Mobile,6,0,18-25,Female,Delhi,Delhi,Free,Taarak Laugh Fest Episodes,Show,Comedy,Hindi,22
E15073,U1297,C138,pause,2026-01-28,Mobile,34,0,26-35,Male,Pune,Maharashtra,VIP,Bigg Boss Tamil Season 8,Show,Reality,Tamil,60
E15074,U1674,C134,pause,2026-01-23,Mobile,56,0,26-35,Male,Chennai,Tamil Nadu,Free,Night Hunter Squad,Movie,Action,English,130
E15075,U1391,C124,complete,2026-01-14,Mobile,59,1,46+,Other,Pune,Maharashtra,VIP,Standup Special: Bangalore Humor,Show,Comedy,English,65
E15076,U1737,C105,complete,2026-01-27,Smart TV,68,1,18-25,Male,Chennai,Tamil Nadu,Free,Pro Kabaddi League Finals,Sports,Sports,Tamil,70
E15077,U1086,C111,pause,2026-01-21,Mobile,2,0,26-35,Female,Delhi,Delhi,VIP,Yeh Rishta: Family Bonds,Show,Drama,Hindi,22
E15078,U1391,C113,play,2026-02-08,Web,44,0,46+,Other,Pune,Maharashtra,VIP,Kaithi Revenge Chronicles,Movie,Drama,Tamil,140
E15079,U1595,C140,complete,2026-02-12,Mobile,49,1,46+,Female,Chennai,Tamil Nadu,VIP,Dance India Dance Championship,Show,Reality,Hindi,50
E15080,U1034,C146,complete,2026-01-21,Mobile,71,1,26-35,Male,Hyderabad,Telangana,Free,Motu Patlu Space Adventure,Movie,Kids,Hindi,75
E15081,U1184,C120,complete,2026-02-01,Smart TV,41,1,46+,Male,Mumbai,Maharashtra,Premium,Succession Politics India,Series,Drama,Hindi,45
E15082,U1209,C143,complete,2026-01-03,Smart TV,43,1,46+,Female,Delhi,Delhi,Premium,Roadies Quest,Show,Reality,Hindi,45
E15083,U1425,C111,pause,2026-02-01,Mobile,5,0,18-25,Male,Bengaluru,Karnataka,VIP,Yeh Rishta: Family Bonds,Show,Drama,Hindi,22
E15084,U1043,C108,pause,2026-02-12,Mobile,15,0,26-35,Male,Delhi,Delhi,Free,ISL Football Clash of Titans,Sports,Sports,Bengali,60
E15085,U1412,C110,complete,2026-01-07,Smart TV,24,1,18-25,Male,Mumbai,Maharashtra,Premium,Anupama: New Beginnings,Show,Drama,Hindi,25
E15086,U1058,C147,complete,2026-01-20,Smart TV,18,1,18-25,Male,Lucknow,Uttar Pradesh,Premium,Little Singham Rescue Mission,Series,Kids,Hindi,20
E15087,U1649,C101,play,2026-01-21,Mobile,9,0,36-45,Female,Bengaluru,Karnataka,Premium,IND vs AUS T20 Cup Highlights,Sports,Sports,Hindi,45
E15088,U1430,C132,complete,2026-01-15,Smart TV,40,1,46+,Female,Bengaluru,Karnataka,Premium,Commando Force Mumbai,Series,Action,Hindi,42
E15089,U1576,C105,play,2026-01-25,Smart TV,43,0,18-25,Female,Hyderabad,Telangana,VIP,Pro Kabaddi League Finals,Sports,Sports,Tamil,70
E15090,U1643,C102,pause,2026-01-21,Smart TV,66,0,26-35,Male,Chennai,Tamil Nadu,Free,IPL Mega Auction Live Replay,Sports,Sports,Hindi,90
E15091,U1676,C143,pause,2026-01-14,Web,26,0,18-25,Male,Mumbai,Maharashtra,VIP,Roadies Quest,Show,Reality,Hindi,45
E15092,U1430,C142,complete,2026-01-19,Mobile,42,1,46+,Female,Bengaluru,Karnataka,Premium,Master Chef Kitchen Wars,Show,Reality,Hindi,45
E15093,U1508,C134,complete,2026-01-16,Mobile,119,1,36-45,Female,Mumbai,Maharashtra,Free,Night Hunter Squad,Movie,Action,English,130
E15094,U1111,C139,play,2026-02-15,Smart TV,45,0,18-25,Male,Mumbai,Maharashtra,VIP,Bigg Boss Telugu Live,Show,Reality,Telugu,60
E15095,U1006,C117,pause,2026-01-23,Mobile,12,0,18-25,Male,Pune,Maharashtra,Free,Ghar Ek Mandir Classic,Show,Drama,Marathi,24
E15096,U1700,C128,complete,2026-02-25,Smart TV,106,1,36-45,Male,Delhi,Delhi,Premium,College Boys Chaos,Movie,Comedy,Hindi,115
E15097,U1068,C142,complete,2026-01-29,Mobile,42,1,18-25,Female,Bengaluru,Karnataka,Free,Master Chef Kitchen Wars,Show,Reality,Hindi,45
E15098,U1305,C120,complete,2026-02-25,Mobile,43,1,18-25,Other,Bengaluru,Karnataka,Free,Succession Politics India,Series,Drama,Hindi,45
E15099,U1614,C128,pause,2026-01-10,Smart TV,87,0,18-25,Female,Mumbai,Maharashtra,Free,College Boys Chaos,Movie,Comedy,Hindi,115
E15100,U1401,C158,pause,2026-02-09,Mobile,6,0,36-45,Male,Hyderabad,Telangana,VIP,State Express News Tamil,News,News,Tamil,30
E15101,U1570,C107,complete,2026-01-25,Smart TV,37,1,18-25,Female,Mumbai,Maharashtra,VIP,Champions Trophy Pre-Show,Sports,Sports,Telugu,40
E15102,U1333,C126,play,2026-01-31,Mobile,4,0,36-45,Female,Bengaluru,Karnataka,Free,Telugu Comedy Superstars,Show,Comedy,Telugu,30
E15103,U1505,C107,pause,2026-01-26,Mobile,12,0,18-25,Female,Hyderabad,Telangana,VIP,Champions Trophy Pre-Show,Sports,Sports,Telugu,40
E15104,U1208,C143,complete,2026-02-14,Mobile,42,1,26-35,Female,Ahmedabad,Gujarat,Free,Roadies Quest,Show,Reality,Hindi,45
E15105,U1566,C113,play,2026-02-21,Mobile,35,0,18-25,Female,Kolkata,West Bengal,Free,Kaithi Revenge Chronicles,Movie,Drama,Tamil,140
E15106,U1221,C141,complete,2026-01-21,Web,54,1,18-25,Male,Bengaluru,Karnataka,Premium,Shark Pitch India S4,Show,Reality,Hindi,55
E15107,U1097,C119,play,2026-02-22,Web,36,0,26-35,Male,Delhi,Delhi,Premium,The Crown Dynasty Legacy,Series,Drama,English,55
E15108,U1395,C152,complete,2026-02-17,Smart TV,22,1,18-25,Female,Mumbai,Maharashtra,Premium,Global Tech & Economy Report,News,News,English,25
E15109,U1330,C146,complete,2026-01-21,Smart TV,70,1,18-25,Female,Bengaluru,Karnataka,Premium,Motu Patlu Space Adventure,Movie,Kids,Hindi,75
E15110,U1351,C112,pause,2026-01-27,Mobile,20,0,18-25,Male,Lucknow,Uttar Pradesh,Free,City of Dreams: The Succession,Series,Drama,Hindi,50
E15111,U1569,C143,pause,2026-01-14,Mobile,15,0,26-35,Male,Mumbai,Maharashtra,Premium,Roadies Quest,Show,Reality,Hindi,45
E15112,U1744,C144,complete,2026-01-12,Mobile,43,1,26-35,Male,Mumbai,Maharashtra,Premium,Koffee Spotlight Lounge,Show,Reality,English,45
E15113,U1575,C113,complete,2026-01-20,Tablet,138,1,18-25,Male,Pune,Maharashtra,Free,Kaithi Revenge Chronicles,Movie,Drama,Tamil,140
E15114,U1566,C147,play,2026-02-06,Mobile,10,0,18-25,Female,Kolkata,West Bengal,Free,Little Singham Rescue Mission,Series,Kids,Hindi,20
E15115,U1103,C112,complete,2026-01-21,Tablet,46,1,18-25,Male,Delhi,Delhi,VIP,City of Dreams: The Succession,Series,Drama,Hindi,50
E15116,U1344,C114,pause,2026-02-03,Mobile,11,0,46+,Female,Delhi,Delhi,VIP,Telugu Royal Heritage,Series,Drama,Telugu,45
E15117,U1702,C133,pause,2026-02-21,Mobile,3,0,18-25,Female,Chennai,Tamil Nadu,VIP,Rudra: The Edge of Darkness,Series,Action,Hindi,48
E15118,U1114,C111,pause,2026-01-08,Smart TV,4,0,26-35,Male,Jaipur,Rajasthan,Free,Yeh Rishta: Family Bonds,Show,Drama,Hindi,22
E15119,U1506,C139,complete,2026-02-02,Mobile,59,1,36-45,Male,Kolkata,West Bengal,Premium,Bigg Boss Telugu Live,Show,Reality,Telugu,60
E15120,U1681,C116,pause,2026-02-21,Web,29,0,26-35,Male,Chennai,Tamil Nadu,Premium,Kolkata Love Diary,Movie,Drama,Bengali,125
E15121,U1122,C146,pause,2026-02-11,Mobile,13,0,46+,Male,Hyderabad,Telangana,Premium,Motu Patlu Space Adventure,Movie,Kids,Hindi,75
E15122,U1744,C122,pause,2026-01-07,Smart TV,13,0,26-35,Male,Mumbai,Maharashtra,Premium,Taarak Laugh Fest Episodes,Show,Comedy,Hindi,22
E15123,U1432,C144,play,2026-01-18,Web,8,0,36-45,Male,Ahmedabad,Gujarat,Free,Koffee Spotlight Lounge,Show,Reality,English,45
E15124,U1060,C141,pause,2026-02-18,Tablet,30,0,26-35,Other,Hyderabad,Telangana,Free,Shark Pitch India S4,Show,Reality,Hindi,55
E15125,U1536,C144,pause,2026-02-07,Smart TV,11,0,18-25,Male,Mumbai,Maharashtra,Free,Koffee Spotlight Lounge,Show,Reality,English,45
E15126,U1178,C138,complete,2026-01-18,Web,56,1,26-35,Female,Chennai,Tamil Nadu,VIP,Bigg Boss Tamil Season 8,Show,Reality,Tamil,60
E15127,U1040,C126,play,2026-01-16,Mobile,10,0,18-25,Female,Bengaluru,Karnataka,Free,Telugu Comedy Superstars,Show,Comedy,Telugu,30
E15128,U1056,C139,complete,2026-01-02,Mobile,56,1,26-35,Male,Delhi,Delhi,VIP,Bigg Boss Telugu Live,Show,Reality,Telugu,60
E15129,U1141,C148,play,2026-02-25,Mobile,3,0,36-45,Male,Bengaluru,Karnataka,Free,Doraemon Magic Gadgets,Series,Kids,Hindi,20
E15130,U1465,C113,pause,2026-01-29,Mobile,49,0,26-35,Female,Mumbai,Maharashtra,Premium,Kaithi Revenge Chronicles,Movie,Drama,Tamil,140
E15131,U1066,C142,pause,2026-01-10,Mobile,18,0,18-25,Male,Kolkata,West Bengal,VIP,Master Chef Kitchen Wars,Show,Reality,Hindi,45
E15132,U1592,C141,pause,2026-02-04,Mobile,27,0,26-35,Female,Kolkata,West Bengal,Free,Shark Pitch India S4,Show,Reality,Hindi,55
E15133,U1232,C112,complete,2026-02-13,Smart TV,46,1,26-35,Male,Chennai,Tamil Nadu,Premium,City of Dreams: The Succession,Series,Drama,Hindi,50
E15134,U1518,C142,complete,2026-01-11,Web,40,1,18-25,Male,Kochi,Kerala,Free,Master Chef Kitchen Wars,Show,Reality,Hindi,45
E15135,U1642,C127,pause,2026-01-30,Mobile,12,0,26-35,Female,Kolkata,West Bengal,Premium,Pune Pun Factory,Show,Comedy,Marathi,30
E15136,U1700,C134,complete,2026-01-02,Mobile,119,1,36-45,Male,Delhi,Delhi,Premium,Night Hunter Squad,Movie,Action,English,130
E15137,U1642,C112,play,2026-01-10,Mobile,22,0,26-35,Female,Kolkata,West Bengal,Premium,City of Dreams: The Succession,Series,Drama,Hindi,50
E15138,U1389,C101,pause,2026-02-02,Web,14,0,26-35,Female,Kolkata,West Bengal,Premium,IND vs AUS T20 Cup Highlights,Sports,Sports,Hindi,45
E15139,U1623,C112,pause,2026-01-28,Web,21,0,26-35,Female,Delhi,Delhi,VIP,City of Dreams: The Succession,Series,Drama,Hindi,50
E15140,U1610,C109,play,2026-01-15,Web,26,0,18-25,Other,Bengaluru,Karnataka,Premium,Special Ops: Desert Falcon,Series,Drama,Hindi,45
E15141,U1706,C103,complete,2026-02-19,Tablet,56,1,36-45,Female,Delhi,Delhi,Free,Premier League Weekly Showdown,Sports,Sports,English,60
E15142,U1285,C107,complete,2026-02-23,Smart TV,37,1,26-35,Female,Jaipur,Rajasthan,Free,Champions Trophy Pre-Show,Sports,Sports,Telugu,40
E15143,U1236,C103,complete,2026-02-09,Smart TV,55,1,26-35,Male,Delhi,Delhi,VIP,Premier League Weekly Showdown,Sports,Sports,English,60
E15144,U1687,C143,complete,2026-01-05,Mobile,43,1,36-45,Female,Chennai,Tamil Nadu,Free,Roadies Quest,Show,Reality,Hindi,45
E15145,U1580,C104,complete,2026-01-03,Mobile,47,1,26-35,Female,Chennai,Tamil Nadu,Premium,IND vs ENG Test Day 3 Highlights,Sports,Sports,English,50
E15146,U1290,C158,complete,2026-01-04,Mobile,28,1,18-25,Male,Delhi,Delhi,Free,State Express News Tamil,News,News,Tamil,30
E15147,U1125,C117,complete,2026-01-07,Mobile,21,1,18-25,Male,Bengaluru,Karnataka,Premium,Ghar Ek Mandir Classic,Show,Drama,Marathi,24
E15148,U1337,C131,pause,2026-02-22,Mobile,63,0,46+,Male,Delhi,Delhi,VIP,Devara Storm Rising,Movie,Action,Telugu,160
E15149,U1550,C146,complete,2026-01-02,Mobile,68,1,26-35,Male,Kochi,Kerala,VIP,Motu Patlu Space Adventure,Movie,Kids,Hindi,75
E15150,U1314,C132,complete,2026-02-25,Mobile,41,1,26-35,Female,Bengaluru,Karnataka,Premium,Commando Force Mumbai,Series,Action,Hindi,42
E15151,U1699,C143,complete,2026-02-25,Mobile,42,1,18-25,Female,Bengaluru,Karnataka,VIP,Roadies Quest,Show,Reality,Hindi,45
E15152,U1120,C136,complete,2026-01-13,Mobile,114,1,26-35,Female,Mumbai,Maharashtra,Free,Speed Street Heist,Movie,Action,English,120
E15153,U1260,C138,complete,2026-01-05,Web,54,1,18-25,Male,Mumbai,Maharashtra,VIP,Bigg Boss Tamil Season 8,Show,Reality,Tamil,60
E15154,U1486,C101,complete,2026-01-02,Mobile,42,1,26-35,Female,Kochi,Kerala,Free,IND vs AUS T20 Cup Highlights,Sports,Sports,Hindi,45
E15155,U1115,C134,complete,2026-01-02,Mobile,129,1,26-35,Female,Bengaluru,Karnataka,VIP,Night Hunter Squad,Movie,Action,English,130
E15156,U1633,C119,pause,2026-01-13,Mobile,10,0,18-25,Male,Hyderabad,Telangana,VIP,The Crown Dynasty Legacy,Series,Drama,English,55
E15157,U1589,C124,pause,2026-02-17,Mobile,29,0,18-25,Male,Lucknow,Uttar Pradesh,Free,Standup Special: Bangalore Humor,Show,Comedy,English,65
E15158,U1612,C107,pause,2026-02-18,Web,20,0,26-35,Female,Bengaluru,Karnataka,VIP,Champions Trophy Pre-Show,Sports,Sports,Telugu,40
E15159,U1441,C106,complete,2026-02-27,Web,59,1,46+,Female,Chennai,Tamil Nadu,VIP,WPL T20 Blockbuster Match,Sports,Sports,Hindi,60
E15160,U1418,C115,complete,2026-02-13,Smart TV,38,1,18-25,Female,Bengaluru,Karnataka,VIP,Bengal Courtroom Secrets,Series,Drama,Bengali,40
E15161,U1270,C104,complete,2026-02-22,Mobile,45,1,18-25,Male,Delhi,Delhi,VIP,IND vs ENG Test Day 3 Highlights,Sports,Sports,English,50
E15162,U1109,C131,play,2026-01-31,Mobile,80,0,26-35,Female,Delhi,Delhi,Free,Devara Storm Rising,Movie,Action,Telugu,160
E15163,U1560,C158,pause,2026-02-08,Mobile,11,0,26-35,Male,Kolkata,West Bengal,Free,State Express News Tamil,News,News,Tamil,30
E15164,U1219,C102,pause,2026-02-18,Web,17,0,26-35,Female,Hyderabad,Telangana,VIP,IPL Mega Auction Live Replay,Sports,Sports,Hindi,90
E15165,U1115,C110,complete,2026-02-05,Mobile,24,1,26-35,Female,Bengaluru,Karnataka,VIP,Anupama: New Beginnings,Show,Drama,Hindi,25
E15166,U1159,C154,play,2026-02-13,Mobile,19,0,26-35,Female,Jaipur,Rajasthan,VIP,Elections Ground Pulse,News,News,Hindi,35
E15167,U1633,C122,complete,2026-02-07,Mobile,21,1,18-25,Male,Hyderabad,Telangana,VIP,Taarak Laugh Fest Episodes,Show,Comedy,Hindi,22
E15168,U1191,C143,complete,2026-01-13,Smart TV,42,1,26-35,Female,Bengaluru,Karnataka,VIP,Roadies Quest,Show,Reality,Hindi,45
E15169,U1156,C101,complete,2026-02-05,Mobile,40,1,46+,Female,Mumbai,Maharashtra,Free,IND vs AUS T20 Cup Highlights,Sports,Sports,Hindi,45
E15170,U1311,C110,play,2026-01-22,Mobile,8,0,36-45,Male,Mumbai,Maharashtra,Premium,Anupama: New Beginnings,Show,Drama,Hindi,25
E15171,U1727,C139,play,2026-01-22,Mobile,30,0,18-25,Female,Chennai,Tamil Nadu,Premium,Bigg Boss Telugu Live,Show,Reality,Telugu,60
E15172,U1444,C143,complete,2026-02-01,Mobile,41,1,46+,Female,Bengaluru,Karnataka,VIP,Roadies Quest,Show,Reality,Hindi,45
E15173,U1117,C103,complete,2026-02-06,Mobile,55,1,18-25,Male,Delhi,Delhi,Premium,Premier League Weekly Showdown,Sports,Sports,English,60
E15174,U1528,C128,complete,2026-01-17,Smart TV,109,1,18-25,Male,Delhi,Delhi,Premium,College Boys Chaos,Movie,Comedy,Hindi,115
E15175,U1644,C101,complete,2026-02-13,Mobile,42,1,36-45,Female,Kochi,Kerala,VIP,IND vs AUS T20 Cup Highlights,Sports,Sports,Hindi,45
E15176,U1672,C136,play,2026-02-18,Web,34,0,26-35,Male,Delhi,Delhi,VIP,Speed Street Heist,Movie,Action,English,120
E15177,U1144,C112,pause,2026-01-09,Mobile,13,0,26-35,Male,Bengaluru,Karnataka,Free,City of Dreams: The Succession,Series,Drama,Hindi,50
E15178,U1151,C117,complete,2026-01-31,Mobile,23,1,26-35,Male,Mumbai,Maharashtra,Free,Ghar Ek Mandir Classic,Show,Drama,Marathi,24
E15179,U1191,C106,complete,2026-02-03,Smart TV,55,1,26-35,Female,Bengaluru,Karnataka,VIP,WPL T20 Blockbuster Match,Sports,Sports,Hindi,60
E15180,U1450,C124,pause,2026-02-07,Mobile,9,0,18-25,Female,Ahmedabad,Gujarat,Free,Standup Special: Bangalore Humor,Show,Comedy,English,65
E15181,U1469,C101,complete,2026-01-26,Mobile,42,1,26-35,Male,Mumbai,Maharashtra,VIP,IND vs AUS T20 Cup Highlights,Sports,Sports,Hindi,45
E15182,U1012,C117,complete,2026-01-24,Smart TV,23,1,18-25,Male,Hyderabad,Telangana,VIP,Ghar Ek Mandir Classic,Show,Drama,Marathi,24
E15183,U1091,C149,complete,2026-01-04,Mobile,19,1,26-35,Female,Delhi,Delhi,Premium,Shinchan Laugh Club,Series,Kids,Tamil,20
E15184,U1149,C138,pause,2026-01-10,Mobile,20,0,46+,Male,Hyderabad,Telangana,Free,Bigg Boss Tamil Season 8,Show,Reality,Tamil,60
E15185,U1189,C133,complete,2026-02-26,Mobile,45,1,36-45,Male,Mumbai,Maharashtra,VIP,Rudra: The Edge of Darkness,Series,Action,Hindi,48
E15186,U1192,C131,pause,2026-01-14,Web,86,0,18-25,Male,Mumbai,Maharashtra,Free,Devara Storm Rising,Movie,Action,Telugu,160
E15187,U1715,C139,play,2026-02-24,Mobile,8,0,18-25,Female,Kochi,Kerala,VIP,Bigg Boss Telugu Live,Show,Reality,Telugu,60
E15188,U1301,C125,complete,2026-02-21,Mobile,36,1,36-45,Female,Mumbai,Maharashtra,Premium,Chennai Roast Arena,Show,Comedy,Tamil,40
E15189,U1426,C121,pause,2026-02-09,Mobile,3,0,26-35,Female,Kolkata,West Bengal,Free,The Great Indian Comedy Lab,Show,Comedy,Hindi,35
E15190,U1611,C123,complete,2026-02-16,Smart TV,23,1,26-35,Male,Lucknow,Uttar Pradesh,Premium,Sarabhai Classic Revival,Series,Comedy,Hindi,25
E15191,U1374,C135,play,2026-02-09,Smart TV,20,0,26-35,Male,Mumbai,Maharashtra,VIP,Fighter Wing Alpha,Movie,Action,Hindi,145
E15192,U1024,C158,complete,2026-02-22,Mobile,27,1,36-45,Female,Bengaluru,Karnataka,Free,State Express News Tamil,News,News,Tamil,30
E15193,U1597,C157,pause,2026-01-07,Mobile,12,0,36-45,Female,Mumbai,Maharashtra,VIP,Startup Founders Blueprint,Show,News,English,40
E15194,U1592,C102,pause,2026-02-28,Mobile,7,0,26-35,Female,Kolkata,West Bengal,Free,IPL Mega Auction Live Replay,Sports,Sports,Hindi,90
E15195,U1676,C126,pause,2026-02-17,Web,19,0,18-25,Male,Mumbai,Maharashtra,VIP,Telugu Comedy Superstars,Show,Comedy,Telugu,30
E15196,U1012,C141,complete,2026-01-28,Smart TV,54,1,18-25,Male,Hyderabad,Telangana,VIP,Shark Pitch India S4,Show,Reality,Hindi,55
E15197,U1469,C111,pause,2026-01-07,Mobile,9,0,26-35,Male,Mumbai,Maharashtra,VIP,Yeh Rishta: Family Bonds,Show,Drama,Hindi,22
E15198,U1676,C124,complete,2026-01-05,Smart TV,61,1,18-25,Male,Mumbai,Maharashtra,VIP,Standup Special: Bangalore Humor,Show,Comedy,English,65
E15199,U1514,C119,pause,2026-01-12,Web,17,0,26-35,Male,Kolkata,West Bengal,Premium,The Crown Dynasty Legacy,Series,Drama,English,55
E15200,U1161,C110,complete,2026-02-24,Smart TV,23,1,26-35,Male,Pune,Maharashtra,Premium,Anupama: New Beginnings,Show,Drama,Hindi,25
E15201,U1247,C160,pause,2026-01-10,Web,19,0,18-25,Male,Ahmedabad,Gujarat,Free,Maharashtra Maha News,News,News,Marathi,30
E15202,U1292,C141,complete,2026-01-10,Smart TV,49,1,36-45,Male,Chennai,Tamil Nadu,VIP,Shark Pitch India S4,Show,Reality,Hindi,55
E15203,U1633,C130,pause,2026-02-24,Mobile,75,0,18-25,Male,Hyderabad,Telangana,VIP,Vikram: Shadow Commander,Movie,Action,Tamil,165
E15204,U1405,C116,complete,2026-02-07,Smart TV,124,1,18-25,Male,Lucknow,Uttar Pradesh,Premium,Kolkata Love Diary,Movie,Drama,Bengali,125
E15205,U1040,C145,play,2026-02-13,Mobile,10,0,18-25,Female,Bengaluru,Karnataka,Free,Chhota Bheem Himalayan Tour,Movie,Kids,Hindi,85
E15206,U1750,C140,complete,2026-01-04,Web,48,1,36-45,Female,Bengaluru,Karnataka,Free,Dance India Dance Championship,Show,Reality,Hindi,50
E15207,U1540,C111,pause,2026-02-06,Mobile,3,0,18-25,Male,Kolkata,West Bengal,VIP,Yeh Rishta: Family Bonds,Show,Drama,Hindi,22
E15208,U1303,C123,complete,2026-02-23,Mobile,24,1,18-25,Male,Lucknow,Uttar Pradesh,Free,Sarabhai Classic Revival,Series,Comedy,Hindi,25
E15209,U1182,C127,complete,2026-01-01,Web,29,1,26-35,Female,Bengaluru,Karnataka,Premium,Pune Pun Factory,Show,Comedy,Marathi,30
E15210,U1003,C139,pause,2026-01-16,Mobile,15,0,18-25,Male,Chennai,Tamil Nadu,Free,Bigg Boss Telugu Live,Show,Reality,Telugu,60
E15211,U1588,C160,pause,2026-02-19,Mobile,16,0,26-35,Male,Kolkata,West Bengal,VIP,Maharashtra Maha News,News,News,Marathi,30
E15212,U1744,C123,complete,2026-02-16,Smart TV,22,1,26-35,Male,Mumbai,Maharashtra,Premium,Sarabhai Classic Revival,Series,Comedy,Hindi,25
E15213,U1428,C134,play,2026-02-17,Mobile,20,0,18-25,Other,Lucknow,Uttar Pradesh,Free,Night Hunter Squad,Movie,Action,English,130
E15214,U1192,C160,pause,2026-02-25,Smart TV,19,0,18-25,Male,Mumbai,Maharashtra,Free,Maharashtra Maha News,News,News,Marathi,30
E15215,U1284,C141,play,2026-01-27,Smart TV,34,0,18-25,Female,Bengaluru,Karnataka,Free,Shark Pitch India S4,Show,Reality,Hindi,55
E15216,U1475,C144,complete,2026-02-02,Tablet,44,1,26-35,Male,Bengaluru,Karnataka,Free,Koffee Spotlight Lounge,Show,Reality,English,45
E15217,U1678,C121,play,2026-02-12,Smart TV,21,0,26-35,Female,Ahmedabad,Gujarat,Premium,The Great Indian Comedy Lab,Show,Comedy,Hindi,35
E15218,U1366,C103,pause,2026-02-14,Mobile,10,0,46+,Male,Jaipur,Rajasthan,VIP,Premier League Weekly Showdown,Sports,Sports,English,60
E15219,U1098,C133,pause,2026-01-08,Smart TV,30,0,18-25,Male,Chennai,Tamil Nadu,VIP,Rudra: The Edge of Darkness,Series,Action,Hindi,48
E15220,U1426,C107,pause,2026-01-15,Mobile,5,0,26-35,Female,Kolkata,West Bengal,Free,Champions Trophy Pre-Show,Sports,Sports,Telugu,40
E15221,U1537,C110,complete,2026-02-20,Tablet,23,1,18-25,Female,Hyderabad,Telangana,Free,Anupama: New Beginnings,Show,Drama,Hindi,25
E15222,U1037,C112,complete,2026-02-24,Mobile,48,1,18-25,Female,Ahmedabad,Gujarat,Free,City of Dreams: The Succession,Series,Drama,Hindi,50
E15223,U1376,C115,play,2026-02-26,Mobile,11,0,26-35,Male,Jaipur,Rajasthan,Free,Bengal Courtroom Secrets,Series,Drama,Bengali,40
E15224,U1340,C159,complete,2026-01-14,Smart TV,23,1,18-25,Male,Kolkata,West Bengal,Premium,Bengal Morning Bulletin,News,News,Bengali,25
E15225,U1561,C114,play,2026-01-30,Mobile,10,0,26-35,Female,Mumbai,Maharashtra,Premium,Telugu Royal Heritage,Series,Drama,Telugu,45
E15226,U1108,C137,pause,2026-01-07,Web,12,0,18-25,Female,Ahmedabad,Gujarat,VIP,Bigg Boss All-Stars Hindi,Show,Reality,Hindi,60
E15227,U1370,C137,complete,2026-02-24,Mobile,59,1,18-25,Male,Bengaluru,Karnataka,Free,Bigg Boss All-Stars Hindi,Show,Reality,Hindi,60
E15228,U1671,C102,complete,2026-01-26,Smart TV,89,1,18-25,Male,Delhi,Delhi,VIP,IPL Mega Auction Live Replay,Sports,Sports,Hindi,90
E15229,U1485,C159,complete,2026-01-27,Smart TV,23,1,18-25,Male,Ahmedabad,Gujarat,Free,Bengal Morning Bulletin,News,News,Bengali,25
E15230,U1198,C122,complete,2026-02-21,Mobile,20,1,46+,Female,Bengaluru,Karnataka,Free,Taarak Laugh Fest Episodes,Show,Comedy,Hindi,22
E15231,U1356,C146,pause,2026-01-02,Mobile,31,0,18-25,Male,Hyderabad,Telangana,VIP,Motu Patlu Space Adventure,Movie,Kids,Hindi,75
E15232,U1297,C148,play,2026-01-12,Mobile,5,0,26-35,Male,Pune,Maharashtra,VIP,Doraemon Magic Gadgets,Series,Kids,Hindi,20
E15233,U1297,C103,pause,2026-01-06,Mobile,30,0,26-35,Male,Pune,Maharashtra,VIP,Premier League Weekly Showdown,Sports,Sports,English,60
E15234,U1653,C106,complete,2026-01-28,Smart TV,58,1,18-25,Female,Mumbai,Maharashtra,Free,WPL T20 Blockbuster Match,Sports,Sports,Hindi,60
E15235,U1292,C119,complete,2026-01-15,Tablet,49,1,36-45,Male,Chennai,Tamil Nadu,VIP,The Crown Dynasty Legacy,Series,Drama,English,55
E15236,U1559,C107,play,2026-02-06,Mobile,5,0,18-25,Male,Chennai,Tamil Nadu,Free,Champions Trophy Pre-Show,Sports,Sports,Telugu,40
E15237,U1203,C114,pause,2026-01-05,Smart TV,21,0,18-25,Female,Delhi,Delhi,Free,Telugu Royal Heritage,Series,Drama,Telugu,45
E15238,U1356,C134,play,2026-01-03,Mobile,25,0,18-25,Male,Hyderabad,Telangana,VIP,Night Hunter Squad,Movie,Action,English,130
E15239,U1712,C120,complete,2026-01-29,Mobile,43,1,26-35,Female,Mumbai,Maharashtra,Premium,Succession Politics India,Series,Drama,Hindi,45
E15240,U1647,C139,pause,2026-01-24,Web,15,0,26-35,Female,Ahmedabad,Gujarat,Free,Bigg Boss Telugu Live,Show,Reality,Telugu,60
E15241,U1091,C104,complete,2026-01-23,Mobile,49,1,26-35,Female,Delhi,Delhi,Premium,IND vs ENG Test Day 3 Highlights,Sports,Sports,English,50
E15242,U1506,C158,play,2026-01-03,Mobile,4,0,36-45,Male,Kolkata,West Bengal,Premium,State Express News Tamil,News,News,Tamil,30
E15243,U1428,C126,complete,2026-02-19,Web,27,1,18-25,Other,Lucknow,Uttar Pradesh,Free,Telugu Comedy Superstars,Show,Comedy,Telugu,30
E15244,U1130,C150,pause,2026-01-28,Smart TV,18,0,18-25,Male,Kolkata,West Bengal,VIP,Super Bheem Galactic Battle,Series,Kids,Telugu,22
E15245,U1501,C150,complete,2026-01-26,Mobile,20,1,26-35,Female,Hyderabad,Telangana,VIP,Super Bheem Galactic Battle,Series,Kids,Telugu,22
E15246,U1175,C119,pause,2026-01-24,Mobile,13,0,18-25,Female,Bengaluru,Karnataka,Premium,The Crown Dynasty Legacy,Series,Drama,English,55
E15247,U1058,C141,play,2026-01-05,Tablet,21,0,18-25,Male,Lucknow,Uttar Pradesh,Premium,Shark Pitch India S4,Show,Reality,Hindi,55
E15248,U1654,C108,complete,2026-01-05,Web,56,1,18-25,Male,Mumbai,Maharashtra,VIP,ISL Football Clash of Titans,Sports,Sports,Bengali,60
E15249,U1632,C107,complete,2026-02-21,Web,39,1,18-25,Male,Chennai,Tamil Nadu,Free,Champions Trophy Pre-Show,Sports,Sports,Telugu,40
E15250,U1656,C126,complete,2026-01-28,Mobile,29,1,18-25,Female,Hyderabad,Telangana,VIP,Telugu Comedy Superstars,Show,Comedy,Telugu,30
E15251,U1525,C104,pause,2026-01-25,Web,7,0,18-25,Female,Jaipur,Rajasthan,Free,IND vs ENG Test Day 3 Highlights,Sports,Sports,English,50
E15252,U1050,C106,pause,2026-02-21,Smart TV,40,0,26-35,Female,Kolkata,West Bengal,Free,WPL T20 Blockbuster Match,Sports,Sports,Hindi,60
E15253,U1097,C143,pause,2026-02-13,Smart TV,30,0,26-35,Male,Delhi,Delhi,Premium,Roadies Quest,Show,Reality,Hindi,45
E15254,U1386,C157,complete,2026-01-11,Mobile,38,1,46+,Female,Kolkata,West Bengal,Free,Startup Founders Blueprint,Show,News,English,40
E15255,U1443,C120,complete,2026-02-23,Smart TV,40,1,26-35,Male,Chennai,Tamil Nadu,VIP,Succession Politics India,Series,Drama,Hindi,45
E15256,U1425,C145,complete,2026-01-20,Smart TV,83,1,18-25,Male,Bengaluru,Karnataka,VIP,Chhota Bheem Himalayan Tour,Movie,Kids,Hindi,85
E15257,U1424,C139,pause,2026-01-09,Web,31,0,18-25,Female,Mumbai,Maharashtra,VIP,Bigg Boss Telugu Live,Show,Reality,Telugu,60
E15258,U1674,C125,play,2026-02-03,Mobile,8,0,26-35,Male,Chennai,Tamil Nadu,Free,Chennai Roast Arena,Show,Comedy,Tamil,40
E15259,U1642,C114,pause,2026-02-11,Mobile,23,0,26-35,Female,Kolkata,West Bengal,Premium,Telugu Royal Heritage,Series,Drama,Telugu,45
E15260,U1680,C124,complete,2026-01-19,Mobile,59,1,26-35,Male,Jaipur,Rajasthan,VIP,Standup Special: Bangalore Humor,Show,Comedy,English,65
E15261,U1544,C101,complete,2026-02-14,Tablet,43,1,36-45,Male,Delhi,Delhi,Premium,IND vs AUS T20 Cup Highlights,Sports,Sports,Hindi,45
E15262,U1551,C102,play,2026-02-03,Mobile,16,0,18-25,Male,Hyderabad,Telangana,VIP,IPL Mega Auction Live Replay,Sports,Sports,Hindi,90
E15263,U1551,C134,pause,2026-01-07,Web,14,0,18-25,Male,Hyderabad,Telangana,VIP,Night Hunter Squad,Movie,Action,English,130
E15264,U1590,C160,pause,2026-02-26,Mobile,10,0,26-35,Male,Kolkata,West Bengal,VIP,Maharashtra Maha News,News,News,Marathi,30
E15265,U1094,C133,pause,2026-01-29,Mobile,10,0,36-45,Female,Kolkata,West Bengal,Free,Rudra: The Edge of Darkness,Series,Action,Hindi,48
E15266,U1626,C140,complete,2026-02-16,Mobile,48,1,18-25,Female,Lucknow,Uttar Pradesh,Free,Dance India Dance Championship,Show,Reality,Hindi,50
E15267,U1554,C128,complete,2026-01-30,Web,105,1,26-35,Female,Jaipur,Rajasthan,Free,College Boys Chaos,Movie,Comedy,Hindi,115
E15268,U1620,C111,pause,2026-02-14,Mobile,10,0,26-35,Female,Delhi,Delhi,Premium,Yeh Rishta: Family Bonds,Show,Drama,Hindi,22
E15269,U1553,C130,complete,2026-01-10,Web,162,1,18-25,Male,Hyderabad,Telangana,VIP,Vikram: Shadow Commander,Movie,Action,Tamil,165
E15270,U1001,C108,complete,2026-01-27,Smart TV,56,1,26-35,Male,Delhi,Delhi,Free,ISL Football Clash of Titans,Sports,Sports,Bengali,60
E15271,U1724,C115,pause,2026-02-01,Smart TV,26,0,18-25,Male,Bengaluru,Karnataka,VIP,Bengal Courtroom Secrets,Series,Drama,Bengali,40
E15272,U1641,C149,complete,2026-02-06,Smart TV,18,1,18-25,Female,Patna,Bihar,Free,Shinchan Laugh Club,Series,Kids,Tamil,20
E15273,U1469,C143,play,2026-01-19,Mobile,16,0,26-35,Male,Mumbai,Maharashtra,VIP,Roadies Quest,Show,Reality,Hindi,45
E15274,U1494,C118,play,2026-03-01,Mobile,7,0,36-45,Female,Mumbai,Maharashtra,Free,Kerala Waterfront Mystery,Series,Drama,Malayalam,48
E15275,U1429,C114,complete,2026-01-15,Smart TV,41,1,26-35,Male,Mumbai,Maharashtra,Free,Telugu Royal Heritage,Series,Drama,Telugu,45
E15276,U1015,C160,pause,2026-02-01,Tablet,22,0,26-35,Female,Pune,Maharashtra,Free,Maharashtra Maha News,News,News,Marathi,30
E15277,U1293,C104,complete,2026-02-25,Mobile,46,1,18-25,Male,Pune,Maharashtra,Free,IND vs ENG Test Day 3 Highlights,Sports,Sports,English,50
E15278,U1432,C142,complete,2026-02-04,Web,41,1,36-45,Male,Ahmedabad,Gujarat,Free,Master Chef Kitchen Wars,Show,Reality,Hindi,45
E15279,U1300,C124,complete,2026-02-06,Mobile,61,1,18-25,Female,Jaipur,Rajasthan,Free,Standup Special: Bangalore Humor,Show,Comedy,English,65
E15280,U1174,C145,complete,2026-02-22,Mobile,78,1,18-25,Female,Bengaluru,Karnataka,VIP,Chhota Bheem Himalayan Tour,Movie,Kids,Hindi,85
E15281,U1697,C143,complete,2026-02-06,Smart TV,42,1,18-25,Male,Lucknow,Uttar Pradesh,Free,Roadies Quest,Show,Reality,Hindi,45
E15282,U1415,C124,complete,2026-01-24,Smart TV,62,1,26-35,Female,Mumbai,Maharashtra,Free,Standup Special: Bangalore Humor,Show,Comedy,English,65
E15283,U1288,C107,pause,2026-01-30,Mobile,11,0,26-35,Male,Mumbai,Maharashtra,VIP,Champions Trophy Pre-Show,Sports,Sports,Telugu,40
E15284,U1331,C106,pause,2026-01-22,Mobile,7,0,26-35,Female,Mumbai,Maharashtra,VIP,WPL T20 Blockbuster Match,Sports,Sports,Hindi,60
E15285,U1160,C110,play,2026-01-23,Mobile,9,0,18-25,Male,Kochi,Kerala,Premium,Anupama: New Beginnings,Show,Drama,Hindi,25
E15286,U1723,C133,play,2026-01-11,Mobile,21,0,26-35,Female,Lucknow,Uttar Pradesh,Premium,Rudra: The Edge of Darkness,Series,Action,Hindi,48
E15287,U1679,C140,pause,2026-02-25,Web,30,0,46+,Female,Lucknow,Uttar Pradesh,VIP,Dance India Dance Championship,Show,Reality,Hindi,50
E15288,U1345,C103,complete,2026-01-24,Tablet,57,1,26-35,Male,Pune,Maharashtra,VIP,Premier League Weekly Showdown,Sports,Sports,English,60
E15289,U1655,C101,pause,2026-01-15,Smart TV,24,0,18-25,Other,Kochi,Kerala,Free,IND vs AUS T20 Cup Highlights,Sports,Sports,Hindi,45
E15290,U1589,C135,pause,2026-01-16,Mobile,72,0,18-25,Male,Lucknow,Uttar Pradesh,Free,Fighter Wing Alpha,Movie,Action,Hindi,145
E15291,U1467,C102,pause,2026-02-03,Mobile,40,0,18-25,Male,Bengaluru,Karnataka,Free,IPL Mega Auction Live Replay,Sports,Sports,Hindi,90
E15292,U1329,C134,pause,2026-01-28,Mobile,47,0,26-35,Female,Mumbai,Maharashtra,Free,Night Hunter Squad,Movie,Action,English,130
E15293,U1320,C123,complete,2026-01-09,Smart TV,24,1,26-35,Male,Mumbai,Maharashtra,VIP,Sarabhai Classic Revival,Series,Comedy,Hindi,25
E15294,U1569,C137,pause,2026-01-15,Mobile,6,0,26-35,Male,Mumbai,Maharashtra,Premium,Bigg Boss All-Stars Hindi,Show,Reality,Hindi,60
E15295,U1386,C110,play,2026-02-11,Mobile,6,0,46+,Female,Kolkata,West Bengal,Free,Anupama: New Beginnings,Show,Drama,Hindi,25
E15296,U1415,C121,pause,2026-02-25,Mobile,8,0,26-35,Female,Mumbai,Maharashtra,Free,The Great Indian Comedy Lab,Show,Comedy,Hindi,35
E15297,U1700,C150,complete,2026-02-09,Mobile,21,1,36-45,Male,Delhi,Delhi,Premium,Super Bheem Galactic Battle,Series,Kids,Telugu,22
E15298,U1088,C111,play,2026-01-30,Mobile,6,0,36-45,Male,Delhi,Delhi,VIP,Yeh Rishta: Family Bonds,Show,Drama,Hindi,22
E15299,U1345,C116,complete,2026-02-12,Smart TV,124,1,26-35,Male,Pune,Maharashtra,VIP,Kolkata Love Diary,Movie,Drama,Bengali,125
E15300,U1608,C125,complete,2026-01-19,Mobile,39,1,26-35,Female,Kolkata,West Bengal,Free,Chennai Roast Arena,Show,Comedy,Tamil,40
E15301,U1400,C119,pause,2026-02-22,Mobile,9,0,18-25,Female,Lucknow,Uttar Pradesh,Free,The Crown Dynasty Legacy,Series,Drama,English,55
E15302,U1299,C139,pause,2026-02-20,Mobile,30,0,18-25,Male,Chennai,Tamil Nadu,Premium,Bigg Boss Telugu Live,Show,Reality,Telugu,60
E15303,U1011,C139,complete,2026-02-10,Smart TV,59,1,18-25,Male,Delhi,Delhi,VIP,Bigg Boss Telugu Live,Show,Reality,Telugu,60
E15304,U1530,C130,complete,2026-02-08,Smart TV,156,1,18-25,Female,Hyderabad,Telangana,Premium,Vikram: Shadow Commander,Movie,Action,Tamil,165
E15305,U1230,C139,play,2026-01-16,Mobile,25,0,18-25,Male,Mumbai,Maharashtra,Free,Bigg Boss Telugu Live,Show,Reality,Telugu,60
E15306,U1520,C107,complete,2026-01-10,Mobile,38,1,26-35,Male,Bengaluru,Karnataka,VIP,Champions Trophy Pre-Show,Sports,Sports,Telugu,40
E15307,U1744,C150,complete,2026-02-12,Mobile,20,1,26-35,Male,Mumbai,Maharashtra,Premium,Super Bheem Galactic Battle,Series,Kids,Telugu,22
E15308,U1538,C122,complete,2026-02-11,Tablet,21,1,26-35,Female,Chennai,Tamil Nadu,Free,Taarak Laugh Fest Episodes,Show,Comedy,Hindi,22
E15309,U1344,C134,play,2026-01-14,Mobile,47,0,46+,Female,Delhi,Delhi,VIP,Night Hunter Squad,Movie,Action,English,130
E15310,U1548,C139,complete,2026-02-09,Mobile,57,1,26-35,Female,Hyderabad,Telangana,Free,Bigg Boss Telugu Live,Show,Reality,Telugu,60
E15311,U1549,C140,play,2026-01-08,Mobile,7,0,18-25,Female,Kochi,Kerala,VIP,Dance India Dance Championship,Show,Reality,Hindi,50
E15312,U1544,C114,complete,2026-02-10,Mobile,43,1,36-45,Male,Delhi,Delhi,Premium,Telugu Royal Heritage,Series,Drama,Telugu,45
E15313,U1031,C132,pause,2026-02-13,Mobile,15,0,26-35,Male,Pune,Maharashtra,VIP,Commando Force Mumbai,Series,Action,Hindi,42
E15314,U1135,C148,play,2026-02-06,Smart TV,7,0,26-35,Female,Mumbai,Maharashtra,Free,Doraemon Magic Gadgets,Series,Kids,Hindi,20
E15315,U1707,C144,pause,2026-02-10,Smart TV,28,0,26-35,Male,Bengaluru,Karnataka,Free,Koffee Spotlight Lounge,Show,Reality,English,45
E15316,U1105,C144,complete,2026-01-08,Mobile,43,1,26-35,Female,Bengaluru,Karnataka,Free,Koffee Spotlight Lounge,Show,Reality,English,45
E15317,U1015,C102,complete,2026-02-12,Smart TV,88,1,26-35,Female,Pune,Maharashtra,Free,IPL Mega Auction Live Replay,Sports,Sports,Hindi,90
E15318,U1314,C103,complete,2026-02-07,Mobile,56,1,26-35,Female,Bengaluru,Karnataka,Premium,Premier League Weekly Showdown,Sports,Sports,English,60
E15319,U1255,C110,play,2026-01-29,Smart TV,3,0,18-25,Male,Hyderabad,Telangana,VIP,Anupama: New Beginnings,Show,Drama,Hindi,25
E15320,U1065,C136,pause,2026-02-15,Smart TV,72,0,36-45,Male,Delhi,Delhi,Free,Speed Street Heist,Movie,Action,English,120
E15321,U1191,C151,pause,2026-01-12,Mobile,5,0,26-35,Female,Bengaluru,Karnataka,VIP,Daily Headlines 360,News,News,Hindi,30
E15322,U1366,C135,pause,2026-01-26,Smart TV,93,0,46+,Male,Jaipur,Rajasthan,VIP,Fighter Wing Alpha,Movie,Action,Hindi,145
E15323,U1322,C137,complete,2026-02-24,Mobile,57,1,46+,Male,Patna,Bihar,VIP,Bigg Boss All-Stars Hindi,Show,Reality,Hindi,60
E15324,U1028,C160,complete,2026-02-17,Mobile,28,1,46+,Female,Lucknow,Uttar Pradesh,VIP,Maharashtra Maha News,News,News,Marathi,30
E15325,U1247,C107,play,2026-01-21,Mobile,7,0,18-25,Male,Ahmedabad,Gujarat,Free,Champions Trophy Pre-Show,Sports,Sports,Telugu,40
E15326,U1162,C119,pause,2026-01-17,Mobile,17,0,18-25,Female,Bengaluru,Karnataka,VIP,The Crown Dynasty Legacy,Series,Drama,English,55
E15327,U1678,C140,pause,2026-01-31,Mobile,23,0,26-35,Female,Ahmedabad,Gujarat,Premium,Dance India Dance Championship,Show,Reality,Hindi,50
E15328,U1238,C108,complete,2026-01-29,Mobile,57,1,26-35,Male,Kolkata,West Bengal,Premium,ISL Football Clash of Titans,Sports,Sports,Bengali,60
E15329,U1454,C110,play,2026-01-12,Mobile,9,0,18-25,Other,Bengaluru,Karnataka,Free,Anupama: New Beginnings,Show,Drama,Hindi,25
E15330,U1655,C102,complete,2026-02-06,Smart TV,86,1,18-25,Other,Kochi,Kerala,Free,IPL Mega Auction Live Replay,Sports,Sports,Hindi,90
E15331,U1450,C122,play,2026-02-08,Mobile,11,0,18-25,Female,Ahmedabad,Gujarat,Free,Taarak Laugh Fest Episodes,Show,Comedy,Hindi,22
E15332,U1579,C142,complete,2026-02-28,Mobile,44,1,36-45,Female,Delhi,Delhi,Free,Master Chef Kitchen Wars,Show,Reality,Hindi,45
E15333,U1569,C121,complete,2026-01-24,Smart TV,34,1,26-35,Male,Mumbai,Maharashtra,Premium,The Great Indian Comedy Lab,Show,Comedy,Hindi,35
E15334,U1296,C124,pause,2026-01-23,Web,34,0,46+,Female,Kolkata,West Bengal,VIP,Standup Special: Bangalore Humor,Show,Comedy,English,65
E15335,U1573,C117,pause,2026-01-24,Tablet,8,0,26-35,Female,Hyderabad,Telangana,Free,Ghar Ek Mandir Classic,Show,Drama,Marathi,24
E15336,U1241,C120,complete,2026-02-16,Smart TV,41,1,18-25,Male,Delhi,Delhi,Premium,Succession Politics India,Series,Drama,Hindi,45
E15337,U1006,C156,pause,2026-02-14,Smart TV,27,0,18-25,Male,Pune,Maharashtra,Free,Cricket Icons: The Untold Story,Show,News,Hindi,45
E15338,U1155,C130,play,2026-02-17,Web,41,0,36-45,Male,Mumbai,Maharashtra,Free,Vikram: Shadow Commander,Movie,Action,Tamil,165
E15339,U1515,C151,complete,2026-02-14,Mobile,27,1,18-25,Male,Delhi,Delhi,VIP,Daily Headlines 360,News,News,Hindi,30
E15340,U1483,C131,play,2026-01-26,Smart TV,46,0,36-45,Female,Chennai,Tamil Nadu,Free,Devara Storm Rising,Movie,Action,Telugu,160
E15341,U1118,C155,complete,2026-01-15,Mobile,48,1,18-25,Male,Hyderabad,Telangana,VIP,Wildlife Wonders: Western Ghats,Show,News,English,52
E15342,U1441,C139,complete,2026-01-22,Smart TV,57,1,46+,Female,Chennai,Tamil Nadu,VIP,Bigg Boss Telugu Live,Show,Reality,Telugu,60
E15343,U1297,C159,complete,2026-01-13,Mobile,24,1,26-35,Male,Pune,Maharashtra,VIP,Bengal Morning Bulletin,News,News,Bengali,25
E15344,U1296,C137,pause,2026-01-17,Mobile,15,0,46+,Female,Kolkata,West Bengal,VIP,Bigg Boss All-Stars Hindi,Show,Reality,Hindi,60
E15345,U1035,C124,play,2026-01-04,Web,37,0,26-35,Male,Delhi,Delhi,Free,Standup Special: Bangalore Humor,Show,Comedy,English,65
E15346,U1660,C143,complete,2026-01-24,Mobile,43,1,18-25,Male,Mumbai,Maharashtra,Free,Roadies Quest,Show,Reality,Hindi,45
E15347,U1581,C146,play,2026-02-12,Mobile,33,0,46+,Male,Ahmedabad,Gujarat,VIP,Motu Patlu Space Adventure,Movie,Kids,Hindi,75
E15348,U1475,C131,complete,2026-02-26,Mobile,158,1,26-35,Male,Bengaluru,Karnataka,Free,Devara Storm Rising,Movie,Action,Telugu,160
E15349,U1112,C141,pause,2026-02-14,Mobile,15,0,46+,Female,Hyderabad,Telangana,Free,Shark Pitch India S4,Show,Reality,Hindi,55
E15350,U1038,C116,pause,2026-01-12,Mobile,58,0,18-25,Male,Chennai,Tamil Nadu,VIP,Kolkata Love Diary,Movie,Drama,Bengali,125
E15351,U1531,C149,pause,2026-02-15,Mobile,10,0,36-45,Female,Hyderabad,Telangana,VIP,Shinchan Laugh Club,Series,Kids,Tamil,20
E15352,U1418,C156,complete,2026-02-06,Web,43,1,18-25,Female,Bengaluru,Karnataka,VIP,Cricket Icons: The Untold Story,Show,News,Hindi,45
E15353,U1175,C140,complete,2026-02-02,Web,45,1,18-25,Female,Bengaluru,Karnataka,Premium,Dance India Dance Championship,Show,Reality,Hindi,50
E15354,U1434,C122,complete,2026-01-28,Mobile,19,1,18-25,Male,Hyderabad,Telangana,VIP,Taarak Laugh Fest Episodes,Show,Comedy,Hindi,22
E15355,U1574,C143,complete,2026-02-14,Mobile,42,1,18-25,Male,Kolkata,West Bengal,VIP,Roadies Quest,Show,Reality,Hindi,45
E15356,U1092,C131,complete,2026-02-11,Mobile,155,1,18-25,Male,Pune,Maharashtra,Free,Devara Storm Rising,Movie,Action,Telugu,160
E15357,U1284,C138,pause,2026-02-28,Mobile,7,0,18-25,Female,Bengaluru,Karnataka,Free,Bigg Boss Tamil Season 8,Show,Reality,Tamil,60
E15358,U1278,C128,complete,2026-02-26,Mobile,107,1,26-35,Male,Jaipur,Rajasthan,VIP,College Boys Chaos,Movie,Comedy,Hindi,115
E15359,U1088,C127,play,2026-01-13,Smart TV,22,0,36-45,Male,Delhi,Delhi,VIP,Pune Pun Factory,Show,Comedy,Marathi,30
E15360,U1004,C135,pause,2026-03-01,Smart TV,109,0,26-35,Female,Bengaluru,Karnataka,Free,Fighter Wing Alpha,Movie,Action,Hindi,145
E15361,U1153,C109,complete,2026-02-09,Tablet,42,1,18-25,Male,Delhi,Delhi,Premium,Special Ops: Desert Falcon,Series,Drama,Hindi,45
E15362,U1378,C116,complete,2026-02-11,Web,123,1,26-35,Male,Chennai,Tamil Nadu,VIP,Kolkata Love Diary,Movie,Drama,Bengali,125
E15363,U1309,C123,play,2026-01-18,Mobile,5,0,36-45,Female,Kolkata,West Bengal,VIP,Sarabhai Classic Revival,Series,Comedy,Hindi,25
E15364,U1312,C135,pause,2026-01-07,Mobile,22,0,26-35,Female,Chennai,Tamil Nadu,VIP,Fighter Wing Alpha,Movie,Action,Hindi,145
E15365,U1574,C149,play,2026-02-03,Mobile,5,0,18-25,Male,Kolkata,West Bengal,VIP,Shinchan Laugh Club,Series,Kids,Tamil,20
E15366,U1415,C150,play,2026-01-23,Mobile,5,0,26-35,Female,Mumbai,Maharashtra,Free,Super Bheem Galactic Battle,Series,Kids,Telugu,22
E15367,U1569,C139,complete,2026-02-03,Mobile,54,1,26-35,Male,Mumbai,Maharashtra,Premium,Bigg Boss Telugu Live,Show,Reality,Telugu,60
E15368,U1006,C101,pause,2026-02-08,Web,22,0,18-25,Male,Pune,Maharashtra,Free,IND vs AUS T20 Cup Highlights,Sports,Sports,Hindi,45
E15369,U1374,C155,pause,2026-02-21,Mobile,19,0,26-35,Male,Mumbai,Maharashtra,VIP,Wildlife Wonders: Western Ghats,Show,News,English,52
E15370,U1587,C127,complete,2026-02-10,Mobile,28,1,18-25,Male,Hyderabad,Telangana,VIP,Pune Pun Factory,Show,Comedy,Marathi,30
E15371,U1220,C139,complete,2026-01-29,Mobile,55,1,26-35,Male,Chennai,Tamil Nadu,Free,Bigg Boss Telugu Live,Show,Reality,Telugu,60
E15372,U1338,C139,complete,2026-02-06,Mobile,59,1,26-35,Male,Delhi,Delhi,Free,Bigg Boss Telugu Live,Show,Reality,Telugu,60
E15373,U1674,C106,play,2026-02-02,Smart TV,25,0,26-35,Male,Chennai,Tamil Nadu,Free,WPL T20 Blockbuster Match,Sports,Sports,Hindi,60
E15374,U1075,C149,complete,2026-01-14,Mobile,18,1,36-45,Female,Delhi,Delhi,Premium,Shinchan Laugh Club,Series,Kids,Tamil,20
E15375,U1419,C133,play,2026-01-08,Mobile,4,0,18-25,Female,Lucknow,Uttar Pradesh,VIP,Rudra: The Edge of Darkness,Series,Action,Hindi,48
E15376,U1455,C101,complete,2026-02-18,Web,42,1,26-35,Male,Delhi,Delhi,Free,IND vs AUS T20 Cup Highlights,Sports,Sports,Hindi,45
E15377,U1314,C132,pause,2026-01-18,Web,14,0,26-35,Female,Bengaluru,Karnataka,Premium,Commando Force Mumbai,Series,Action,Hindi,42
E15378,U1271,C130,pause,2026-02-04,Mobile,46,0,36-45,Male,Kochi,Kerala,VIP,Vikram: Shadow Commander,Movie,Action,Tamil,165
E15379,U1569,C150,complete,2026-02-18,Smart TV,20,1,26-35,Male,Mumbai,Maharashtra,Premium,Super Bheem Galactic Battle,Series,Kids,Telugu,22
E15380,U1222,C157,complete,2026-01-29,Mobile,36,1,18-25,Other,Bengaluru,Karnataka,Premium,Startup Founders Blueprint,Show,News,English,40
E15381,U1491,C125,pause,2026-02-13,Mobile,13,0,18-25,Male,Delhi,Delhi,Free,Chennai Roast Arena,Show,Comedy,Tamil,40
E15382,U1260,C134,complete,2026-02-10,Mobile,118,1,18-25,Male,Mumbai,Maharashtra,VIP,Night Hunter Squad,Movie,Action,English,130
E15383,U1464,C110,play,2026-01-05,Mobile,11,0,26-35,Female,Chennai,Tamil Nadu,VIP,Anupama: New Beginnings,Show,Drama,Hindi,25
E15384,U1692,C109,complete,2026-01-31,Smart TV,42,1,26-35,Male,Bengaluru,Karnataka,Premium,Special Ops: Desert Falcon,Series,Drama,Hindi,45
E15385,U1362,C111,complete,2026-02-02,Mobile,20,1,18-25,Male,Chennai,Tamil Nadu,Free,Yeh Rishta: Family Bonds,Show,Drama,Hindi,22
E15386,U1200,C120,play,2026-02-09,Mobile,5,0,46+,Male,Kochi,Kerala,VIP,Succession Politics India,Series,Drama,Hindi,45
E15387,U1053,C127,complete,2026-02-01,Smart TV,27,1,26-35,Female,Chennai,Tamil Nadu,VIP,Pune Pun Factory,Show,Comedy,Marathi,30
E15388,U1449,C135,complete,2026-02-22,Web,141,1,18-25,Male,Hyderabad,Telangana,Premium,Fighter Wing Alpha,Movie,Action,Hindi,145
E15389,U1450,C133,complete,2026-01-21,Mobile,46,1,18-25,Female,Ahmedabad,Gujarat,Free,Rudra: The Edge of Darkness,Series,Action,Hindi,48
E15390,U1212,C138,complete,2026-01-19,Mobile,57,1,18-25,Female,Mumbai,Maharashtra,VIP,Bigg Boss Tamil Season 8,Show,Reality,Tamil,60
E15391,U1021,C138,complete,2026-01-12,Mobile,55,1,18-25,Female,Pune,Maharashtra,Free,Bigg Boss Tamil Season 8,Show,Reality,Tamil,60
E15392,U1214,C105,pause,2026-02-09,Smart TV,13,0,46+,Male,Delhi,Delhi,Free,Pro Kabaddi League Finals,Sports,Sports,Tamil,70
E15393,U1165,C151,pause,2026-01-13,Web,16,0,18-25,Female,Delhi,Delhi,Premium,Daily Headlines 360,News,News,Hindi,30
E15394,U1283,C141,complete,2026-01-21,Web,54,1,18-25,Female,Pune,Maharashtra,VIP,Shark Pitch India S4,Show,Reality,Hindi,55
E15395,U1700,C142,complete,2026-02-21,Smart TV,42,1,36-45,Male,Delhi,Delhi,Premium,Master Chef Kitchen Wars,Show,Reality,Hindi,45
E15396,U1108,C107,pause,2026-02-05,Smart TV,31,0,18-25,Female,Ahmedabad,Gujarat,VIP,Champions Trophy Pre-Show,Sports,Sports,Telugu,40
E15397,U1373,C132,complete,2026-01-10,Smart TV,41,1,18-25,Female,Bengaluru,Karnataka,VIP,Commando Force Mumbai,Series,Action,Hindi,42
E15398,U1590,C140,complete,2026-01-16,Tablet,49,1,26-35,Male,Kolkata,West Bengal,VIP,Dance India Dance Championship,Show,Reality,Hindi,50
E15399,U1028,C150,play,2026-02-25,Mobile,10,0,46+,Female,Lucknow,Uttar Pradesh,VIP,Super Bheem Galactic Battle,Series,Kids,Telugu,22
E15400,U1333,C117,pause,2026-02-21,Mobile,8,0,36-45,Female,Bengaluru,Karnataka,Free,Ghar Ek Mandir Classic,Show,Drama,Marathi,24
E15401,U1241,C114,pause,2026-01-18,Mobile,4,0,18-25,Male,Delhi,Delhi,Premium,Telugu Royal Heritage,Series,Drama,Telugu,45
E15402,U1747,C134,complete,2026-02-09,Mobile,122,1,26-35,Female,Delhi,Delhi,VIP,Night Hunter Squad,Movie,Action,English,130
E15403,U1675,C138,pause,2026-01-29,Tablet,32,0,18-25,Male,Mumbai,Maharashtra,Free,Bigg Boss Tamil Season 8,Show,Reality,Tamil,60
E15404,U1464,C137,complete,2026-01-29,Smart TV,56,1,26-35,Female,Chennai,Tamil Nadu,VIP,Bigg Boss All-Stars Hindi,Show,Reality,Hindi,60
E15405,U1391,C115,complete,2026-02-12,Mobile,38,1,46+,Other,Pune,Maharashtra,VIP,Bengal Courtroom Secrets,Series,Drama,Bengali,40
E15406,U1051,C115,complete,2026-01-14,Mobile,37,1,26-35,Female,Chennai,Tamil Nadu,Free,Bengal Courtroom Secrets,Series,Drama,Bengali,40
E15407,U1444,C143,pause,2026-02-10,Tablet,17,0,46+,Female,Bengaluru,Karnataka,VIP,Roadies Quest,Show,Reality,Hindi,45
E15408,U1234,C104,pause,2026-01-03,Web,29,0,46+,Male,Bengaluru,Karnataka,Free,IND vs ENG Test Day 3 Highlights,Sports,Sports,English,50
E15409,U1739,C135,play,2026-02-14,Mobile,63,0,26-35,Male,Kolkata,West Bengal,Free,Fighter Wing Alpha,Movie,Action,Hindi,145
E15410,U1420,C101,complete,2026-01-31,Mobile,43,1,26-35,Male,Delhi,Delhi,VIP,IND vs AUS T20 Cup Highlights,Sports,Sports,Hindi,45
E15411,U1097,C125,pause,2026-02-14,Web,4,0,26-35,Male,Delhi,Delhi,Premium,Chennai Roast Arena,Show,Comedy,Tamil,40
E15412,U1726,C115,pause,2026-01-12,Smart TV,16,0,36-45,Male,Ahmedabad,Gujarat,VIP,Bengal Courtroom Secrets,Series,Drama,Bengali,40
E15413,U1040,C105,pause,2026-01-02,Mobile,13,0,18-25,Female,Bengaluru,Karnataka,Free,Pro Kabaddi League Finals,Sports,Sports,Tamil,70
E15414,U1625,C107,pause,2026-02-26,Web,11,0,18-25,Female,Bengaluru,Karnataka,VIP,Champions Trophy Pre-Show,Sports,Sports,Telugu,40
E15415,U1615,C140,pause,2026-01-06,Mobile,22,0,18-25,Female,Kolkata,West Bengal,VIP,Dance India Dance Championship,Show,Reality,Hindi,50
E15416,U1153,C104,pause,2026-01-03,Mobile,14,0,18-25,Male,Delhi,Delhi,Premium,IND vs ENG Test Day 3 Highlights,Sports,Sports,English,50
E15417,U1626,C126,complete,2026-02-13,Mobile,28,1,18-25,Female,Lucknow,Uttar Pradesh,Free,Telugu Comedy Superstars,Show,Comedy,Telugu,30
E15418,U1694,C108,play,2026-01-28,Web,32,0,18-25,Female,Delhi,Delhi,Premium,ISL Football Clash of Titans,Sports,Sports,Bengali,60
E15419,U1338,C108,complete,2026-03-01,Mobile,56,1,26-35,Male,Delhi,Delhi,Free,ISL Football Clash of Titans,Sports,Sports,Bengali,60
E15420,U1301,C122,complete,2026-02-20,Tablet,20,1,36-45,Female,Mumbai,Maharashtra,Premium,Taarak Laugh Fest Episodes,Show,Comedy,Hindi,22
E15421,U1171,C148,complete,2026-01-21,Smart TV,19,1,46+,Female,Delhi,Delhi,Free,Doraemon Magic Gadgets,Series,Kids,Hindi,20
E15422,U1707,C139,complete,2026-01-09,Smart TV,59,1,26-35,Male,Bengaluru,Karnataka,Free,Bigg Boss Telugu Live,Show,Reality,Telugu,60
E15423,U1270,C101,complete,2026-02-17,Mobile,44,1,18-25,Male,Delhi,Delhi,VIP,IND vs AUS T20 Cup Highlights,Sports,Sports,Hindi,45
E15424,U1405,C131,complete,2026-02-28,Mobile,154,1,18-25,Male,Lucknow,Uttar Pradesh,Premium,Devara Storm Rising,Movie,Action,Telugu,160
E15425,U1236,C114,complete,2026-01-19,Mobile,42,1,26-35,Male,Delhi,Delhi,VIP,Telugu Royal Heritage,Series,Drama,Telugu,45
E15426,U1571,C140,complete,2026-01-19,Smart TV,45,1,36-45,Female,Hyderabad,Telangana,Free,Dance India Dance Championship,Show,Reality,Hindi,50
E15427,U1705,C101,play,2026-03-01,Mobile,21,0,26-35,Female,Delhi,Delhi,Free,IND vs AUS T20 Cup Highlights,Sports,Sports,Hindi,45
E15428,U1579,C129,pause,2026-02-19,Mobile,52,0,36-45,Female,Delhi,Delhi,Free,Tiger Underground Strike,Movie,Action,Hindi,155
E15429,U1519,C105,complete,2026-01-28,Mobile,65,1,26-35,Male,Bengaluru,Karnataka,VIP,Pro Kabaddi League Finals,Sports,Sports,Tamil,70
E15430,U1059,C133,complete,2026-01-23,Mobile,46,1,18-25,Male,Bengaluru,Karnataka,VIP,Rudra: The Edge of Darkness,Series,Action,Hindi,48
E15431,U1028,C102,complete,2026-02-11,Web,83,1,46+,Female,Lucknow,Uttar Pradesh,VIP,IPL Mega Auction Live Replay,Sports,Sports,Hindi,90
E15432,U1424,C105,complete,2026-02-06,Smart TV,69,1,18-25,Female,Mumbai,Maharashtra,VIP,Pro Kabaddi League Finals,Sports,Sports,Tamil,70
E15433,U1469,C102,complete,2026-02-09,Smart TV,88,1,26-35,Male,Mumbai,Maharashtra,VIP,IPL Mega Auction Live Replay,Sports,Sports,Hindi,90
E15434,U1169,C120,play,2026-01-03,Mobile,23,0,36-45,Female,Kolkata,West Bengal,Free,Succession Politics India,Series,Drama,Hindi,45
E15435,U1693,C109,complete,2026-01-19,Smart TV,41,1,18-25,Female,Lucknow,Uttar Pradesh,Premium,Special Ops: Desert Falcon,Series,Drama,Hindi,45
E15436,U1371,C144,complete,2026-02-17,Mobile,42,1,26-35,Male,Chennai,Tamil Nadu,Free,Koffee Spotlight Lounge,Show,Reality,English,45
E15437,U1065,C102,complete,2026-02-18,Smart TV,81,1,36-45,Male,Delhi,Delhi,Free,IPL Mega Auction Live Replay,Sports,Sports,Hindi,90
E15438,U1587,C144,complete,2026-02-25,Smart TV,43,1,18-25,Male,Hyderabad,Telangana,VIP,Koffee Spotlight Lounge,Show,Reality,English,45
E15439,U1593,C132,complete,2026-02-08,Smart TV,38,1,26-35,Female,Kolkata,West Bengal,Free,Commando Force Mumbai,Series,Action,Hindi,42
E15440,U1022,C102,play,2026-02-05,Mobile,33,0,18-25,Female,Bengaluru,Karnataka,Free,IPL Mega Auction Live Replay,Sports,Sports,Hindi,90
E15441,U1012,C137,pause,2026-02-17,Web,36,0,18-25,Male,Hyderabad,Telangana,VIP,Bigg Boss All-Stars Hindi,Show,Reality,Hindi,60
E15442,U1314,C132,complete,2026-02-06,Web,37,1,26-35,Female,Bengaluru,Karnataka,Premium,Commando Force Mumbai,Series,Action,Hindi,42
E15443,U1285,C138,pause,2026-02-01,Mobile,33,0,26-35,Female,Jaipur,Rajasthan,Free,Bigg Boss Tamil Season 8,Show,Reality,Tamil,60
E15444,U1622,C153,complete,2026-01-27,Mobile,46,1,18-25,Female,Mumbai,Maharashtra,Premium,India at 2030: Space Ambitions,Show,News,English,50
E15445,U1718,C148,pause,2026-01-19,Mobile,3,0,26-35,Other,Delhi,Delhi,Free,Doraemon Magic Gadgets,Series,Kids,Hindi,20
E15446,U1286,C104,complete,2026-01-25,Mobile,45,1,26-35,Female,Delhi,Delhi,VIP,IND vs ENG Test Day 3 Highlights,Sports,Sports,English,50
E15447,U1179,C110,pause,2026-01-10,Mobile,6,0,18-25,Female,Bengaluru,Karnataka,VIP,Anupama: New Beginnings,Show,Drama,Hindi,25
E15448,U1654,C108,pause,2026-01-12,Mobile,22,0,18-25,Male,Mumbai,Maharashtra,VIP,ISL Football Clash of Titans,Sports,Sports,Bengali,60
E15449,U1586,C106,pause,2026-02-17,Smart TV,22,0,18-25,Male,Mumbai,Maharashtra,Premium,WPL T20 Blockbuster Match,Sports,Sports,Hindi,60
E15450,U1483,C151,pause,2026-02-11,Mobile,10,0,36-45,Female,Chennai,Tamil Nadu,Free,Daily Headlines 360,News,News,Hindi,30
E15451,U1382,C140,pause,2026-01-22,Mobile,20,0,26-35,Female,Hyderabad,Telangana,Free,Dance India Dance Championship,Show,Reality,Hindi,50
E15452,U1588,C104,play,2026-02-22,Mobile,8,0,26-35,Male,Kolkata,West Bengal,VIP,IND vs ENG Test Day 3 Highlights,Sports,Sports,English,50
E15453,U1053,C143,complete,2026-01-22,Smart TV,44,1,26-35,Female,Chennai,Tamil Nadu,VIP,Roadies Quest,Show,Reality,Hindi,45
E15454,U1023,C111,complete,2026-01-19,Smart TV,20,1,36-45,Male,Kolkata,West Bengal,VIP,Yeh Rishta: Family Bonds,Show,Drama,Hindi,22
E15455,U1724,C135,play,2026-02-17,Mobile,54,0,18-25,Male,Bengaluru,Karnataka,VIP,Fighter Wing Alpha,Movie,Action,Hindi,145
E15456,U1450,C138,complete,2026-02-06,Mobile,58,1,18-25,Female,Ahmedabad,Gujarat,Free,Bigg Boss Tamil Season 8,Show,Reality,Tamil,60
E15457,U1602,C105,pause,2026-02-08,Mobile,21,0,26-35,Female,Mumbai,Maharashtra,Premium,Pro Kabaddi League Finals,Sports,Sports,Tamil,70
E15458,U1383,C142,play,2026-01-29,Mobile,21,0,26-35,Female,Bengaluru,Karnataka,Premium,Master Chef Kitchen Wars,Show,Reality,Hindi,45
E15459,U1175,C117,complete,2026-02-22,Mobile,23,1,18-25,Female,Bengaluru,Karnataka,Premium,Ghar Ek Mandir Classic,Show,Drama,Marathi,24
E15460,U1361,C119,complete,2026-01-08,Smart TV,53,1,36-45,Male,Patna,Bihar,Free,The Crown Dynasty Legacy,Series,Drama,English,55
E15461,U1230,C110,complete,2026-01-28,Smart TV,24,1,18-25,Male,Mumbai,Maharashtra,Free,Anupama: New Beginnings,Show,Drama,Hindi,25
E15462,U1531,C107,complete,2026-01-25,Mobile,37,1,36-45,Female,Hyderabad,Telangana,VIP,Champions Trophy Pre-Show,Sports,Sports,Telugu,40
E15463,U1057,C108,pause,2026-02-04,Web,10,0,18-25,Female,Chennai,Tamil Nadu,Free,ISL Football Clash of Titans,Sports,Sports,Bengali,60
E15464,U1183,C105,complete,2026-02-06,Smart TV,68,1,36-45,Other,Chennai,Tamil Nadu,Free,Pro Kabaddi League Finals,Sports,Sports,Tamil,70
E15465,U1507,C111,pause,2026-01-31,Mobile,5,0,26-35,Male,Kolkata,West Bengal,Premium,Yeh Rishta: Family Bonds,Show,Drama,Hindi,22
E15466,U1255,C116,play,2026-02-11,Web,15,0,18-25,Male,Hyderabad,Telangana,VIP,Kolkata Love Diary,Movie,Drama,Bengali,125
E15467,U1664,C149,complete,2026-01-10,Smart TV,18,1,36-45,Male,Delhi,Delhi,Premium,Shinchan Laugh Club,Series,Kids,Tamil,20
E15468,U1297,C108,pause,2026-02-03,Mobile,24,0,26-35,Male,Pune,Maharashtra,VIP,ISL Football Clash of Titans,Sports,Sports,Bengali,60
E15469,U1701,C138,pause,2026-01-10,Mobile,9,0,18-25,Male,Mumbai,Maharashtra,Free,Bigg Boss Tamil Season 8,Show,Reality,Tamil,60
E15470,U1665,C105,pause,2026-02-09,Mobile,20,0,18-25,Female,Mumbai,Maharashtra,Free,Pro Kabaddi League Finals,Sports,Sports,Tamil,70
E15471,U1251,C124,complete,2026-01-19,Mobile,62,1,18-25,Male,Mumbai,Maharashtra,Premium,Standup Special: Bangalore Humor,Show,Comedy,English,65
E15472,U1579,C126,pause,2026-01-10,Mobile,13,0,36-45,Female,Delhi,Delhi,Free,Telugu Comedy Superstars,Show,Comedy,Telugu,30
E15473,U1729,C112,complete,2026-01-27,Smart TV,45,1,18-25,Other,Jaipur,Rajasthan,Premium,City of Dreams: The Succession,Series,Drama,Hindi,50
E15474,U1373,C133,play,2026-01-26,Mobile,23,0,18-25,Female,Bengaluru,Karnataka,VIP,Rudra: The Edge of Darkness,Series,Action,Hindi,48
E15475,U1307,C110,play,2026-01-15,Web,2,0,18-25,Female,Kolkata,West Bengal,Free,Anupama: New Beginnings,Show,Drama,Hindi,25
E15476,U1304,C119,pause,2026-01-05,Mobile,25,0,36-45,Female,Bengaluru,Karnataka,Free,The Crown Dynasty Legacy,Series,Drama,English,55
E15477,U1300,C147,complete,2026-01-29,Smart TV,18,1,18-25,Female,Jaipur,Rajasthan,Free,Little Singham Rescue Mission,Series,Kids,Hindi,20
E15478,U1451,C115,pause,2026-01-13,Mobile,14,0,26-35,Female,Jaipur,Rajasthan,Free,Bengal Courtroom Secrets,Series,Drama,Bengali,40
E15479,U1138,C134,pause,2026-01-02,Smart TV,99,0,18-25,Male,Kolkata,West Bengal,Free,Night Hunter Squad,Movie,Action,English,130
E15480,U1068,C118,complete,2026-01-09,Mobile,44,1,18-25,Female,Bengaluru,Karnataka,Free,Kerala Waterfront Mystery,Series,Drama,Malayalam,48
E15481,U1408,C144,complete,2026-02-14,Web,42,1,36-45,Male,Chennai,Tamil Nadu,Free,Koffee Spotlight Lounge,Show,Reality,English,45
E15482,U1560,C131,pause,2026-02-19,Web,21,0,26-35,Male,Kolkata,West Bengal,Free,Devara Storm Rising,Movie,Action,Telugu,160
E15483,U1671,C146,complete,2026-02-01,Smart TV,68,1,18-25,Male,Delhi,Delhi,VIP,Motu Patlu Space Adventure,Movie,Kids,Hindi,75
E15484,U1175,C141,play,2026-02-19,Web,7,0,18-25,Female,Bengaluru,Karnataka,Premium,Shark Pitch India S4,Show,Reality,Hindi,55
E15485,U1325,C124,complete,2026-01-04,Web,60,1,26-35,Male,Kochi,Kerala,Free,Standup Special: Bangalore Humor,Show,Comedy,English,65
E15486,U1213,C102,play,2026-01-20,Mobile,36,0,18-25,Female,Delhi,Delhi,Free,IPL Mega Auction Live Replay,Sports,Sports,Hindi,90
E15487,U1652,C123,complete,2026-01-22,Smart TV,24,1,26-35,Female,Jaipur,Rajasthan,VIP,Sarabhai Classic Revival,Series,Comedy,Hindi,25
E15488,U1068,C140,complete,2026-01-28,Tablet,49,1,18-25,Female,Bengaluru,Karnataka,Free,Dance India Dance Championship,Show,Reality,Hindi,50
E15489,U1720,C104,complete,2026-01-27,Smart TV,45,1,26-35,Male,Chennai,Tamil Nadu,VIP,IND vs ENG Test Day 3 Highlights,Sports,Sports,English,50
E15490,U1084,C103,complete,2026-02-24,Mobile,59,1,46+,Female,Hyderabad,Telangana,VIP,Premier League Weekly Showdown,Sports,Sports,English,60
E15491,U1465,C129,complete,2026-02-09,Web,141,1,26-35,Female,Mumbai,Maharashtra,Premium,Tiger Underground Strike,Movie,Action,Hindi,155
E15492,U1671,C103,pause,2026-01-28,Smart TV,35,0,18-25,Male,Delhi,Delhi,VIP,Premier League Weekly Showdown,Sports,Sports,English,60
E15493,U1401,C119,pause,2026-02-18,Mobile,10,0,36-45,Male,Hyderabad,Telangana,VIP,The Crown Dynasty Legacy,Series,Drama,English,55
E15494,U1297,C150,complete,2026-01-29,Smart TV,20,1,26-35,Male,Pune,Maharashtra,VIP,Super Bheem Galactic Battle,Series,Kids,Telugu,22
E15495,U1713,C122,pause,2026-01-18,Mobile,12,0,36-45,Female,Hyderabad,Telangana,Free,Taarak Laugh Fest Episodes,Show,Comedy,Hindi,22
E15496,U1570,C129,complete,2026-01-10,Mobile,153,1,18-25,Female,Mumbai,Maharashtra,VIP,Tiger Underground Strike,Movie,Action,Hindi,155
E15497,U1016,C102,pause,2026-01-03,Web,28,0,36-45,Male,Mumbai,Maharashtra,Premium,IPL Mega Auction Live Replay,Sports,Sports,Hindi,90
E15498,U1366,C132,pause,2026-01-21,Tablet,17,0,46+,Male,Jaipur,Rajasthan,VIP,Commando Force Mumbai,Series,Action,Hindi,42
E15499,U1673,C120,pause,2026-01-15,Mobile,15,0,26-35,Male,Pune,Maharashtra,VIP,Succession Politics India,Series,Drama,Hindi,45
E15500,U1115,C109,complete,2026-02-08,Mobile,41,1,26-35,Female,Bengaluru,Karnataka,VIP,Special Ops: Desert Falcon,Series,Drama,Hindi,45
E15501,U1594,C108,play,2026-01-21,Mobile,25,0,18-25,Female,Delhi,Delhi,Free,ISL Football Clash of Titans,Sports,Sports,Bengali,60
E15502,U1183,C104,play,2026-02-24,Smart TV,14,0,36-45,Other,Chennai,Tamil Nadu,Free,IND vs ENG Test Day 3 Highlights,Sports,Sports,English,50
E15503,U1673,C123,complete,2026-02-02,Web,24,1,26-35,Male,Pune,Maharashtra,VIP,Sarabhai Classic Revival,Series,Comedy,Hindi,25
E15504,U1408,C140,complete,2026-01-04,Mobile,47,1,36-45,Male,Chennai,Tamil Nadu,Free,Dance India Dance Championship,Show,Reality,Hindi,50
E15505,U1362,C132,complete,2026-02-18,Web,41,1,18-25,Male,Chennai,Tamil Nadu,Free,Commando Force Mumbai,Series,Action,Hindi,42
E15506,U1327,C118,play,2026-01-24,Tablet,12,0,18-25,Male,Bengaluru,Karnataka,Premium,Kerala Waterfront Mystery,Series,Drama,Malayalam,48
E15507,U1732,C133,complete,2026-02-04,Smart TV,47,1,36-45,Male,Pune,Maharashtra,VIP,Rudra: The Edge of Darkness,Series,Action,Hindi,48
E15508,U1172,C123,pause,2026-01-03,Mobile,8,0,18-25,Male,Delhi,Delhi,Premium,Sarabhai Classic Revival,Series,Comedy,Hindi,25
E15509,U1466,C102,pause,2026-01-05,Mobile,13,0,36-45,Male,Ahmedabad,Gujarat,Free,IPL Mega Auction Live Replay,Sports,Sports,Hindi,90
E15510,U1600,C139,pause,2026-01-16,Tablet,6,0,46+,Female,Bengaluru,Karnataka,Free,Bigg Boss Telugu Live,Show,Reality,Telugu,60
E15511,U1070,C139,complete,2026-01-08,Smart TV,55,1,26-35,Female,Bengaluru,Karnataka,VIP,Bigg Boss Telugu Live,Show,Reality,Telugu,60
E15512,U1030,C113,play,2026-02-28,Mobile,58,0,18-25,Male,Chennai,Tamil Nadu,Free,Kaithi Revenge Chronicles,Movie,Drama,Tamil,140
E15513,U1145,C107,play,2026-01-25,Web,26,0,18-25,Female,Mumbai,Maharashtra,Free,Champions Trophy Pre-Show,Sports,Sports,Telugu,40
E15514,U1033,C128,complete,2026-02-18,Mobile,106,1,26-35,Male,Chennai,Tamil Nadu,VIP,College Boys Chaos,Movie,Comedy,Hindi,115
E15515,U1294,C143,complete,2026-01-04,Mobile,40,1,18-25,Male,Kolkata,West Bengal,VIP,Roadies Quest,Show,Reality,Hindi,45
E15516,U1678,C153,complete,2026-02-14,Mobile,47,1,26-35,Female,Ahmedabad,Gujarat,Premium,India at 2030: Space Ambitions,Show,News,English,50
E15517,U1340,C130,complete,2026-01-17,Smart TV,163,1,18-25,Male,Kolkata,West Bengal,Premium,Vikram: Shadow Commander,Movie,Action,Tamil,165
E15518,U1028,C139,pause,2026-02-08,Smart TV,22,0,46+,Female,Lucknow,Uttar Pradesh,VIP,Bigg Boss Telugu Live,Show,Reality,Telugu,60
E15519,U1675,C101,play,2026-02-21,Web,12,0,18-25,Male,Mumbai,Maharashtra,Free,IND vs AUS T20 Cup Highlights,Sports,Sports,Hindi,45
E15520,U1610,C133,complete,2026-02-08,Mobile,44,1,18-25,Other,Bengaluru,Karnataka,Premium,Rudra: The Edge of Darkness,Series,Action,Hindi,48
E15521,U1280,C122,pause,2026-01-02,Mobile,4,0,36-45,Female,Patna,Bihar,Free,Taarak Laugh Fest Episodes,Show,Comedy,Hindi,22
E15522,U1102,C107,pause,2026-01-07,Web,21,0,36-45,Male,Delhi,Delhi,Free,Champions Trophy Pre-Show,Sports,Sports,Telugu,40
E15523,U1033,C118,complete,2026-01-11,Smart TV,44,1,26-35,Male,Chennai,Tamil Nadu,VIP,Kerala Waterfront Mystery,Series,Drama,Malayalam,48
E15524,U1724,C116,pause,2026-01-03,Mobile,14,0,18-25,Male,Bengaluru,Karnataka,VIP,Kolkata Love Diary,Movie,Drama,Bengali,125
E15525,U1278,C104,complete,2026-02-25,Mobile,48,1,26-35,Male,Jaipur,Rajasthan,VIP,IND vs ENG Test Day 3 Highlights,Sports,Sports,English,50
E15526,U1520,C150,play,2026-01-11,Web,12,0,26-35,Male,Bengaluru,Karnataka,VIP,Super Bheem Galactic Battle,Series,Kids,Telugu,22
E15527,U1297,C105,play,2026-02-24,Mobile,23,0,26-35,Male,Pune,Maharashtra,VIP,Pro Kabaddi League Finals,Sports,Sports,Tamil,70
E15528,U1695,C130,complete,2026-02-25,Smart TV,160,1,26-35,Male,Ahmedabad,Gujarat,Free,Vikram: Shadow Commander,Movie,Action,Tamil,165
E15529,U1178,C122,pause,2026-01-11,Mobile,2,0,26-35,Female,Chennai,Tamil Nadu,VIP,Taarak Laugh Fest Episodes,Show,Comedy,Hindi,22
E15530,U1553,C105,pause,2026-01-20,Mobile,16,0,18-25,Male,Hyderabad,Telangana,VIP,Pro Kabaddi League Finals,Sports,Sports,Tamil,70
E15531,U1724,C120,pause,2026-02-17,Mobile,8,0,18-25,Male,Bengaluru,Karnataka,VIP,Succession Politics India,Series,Drama,Hindi,45
E15532,U1357,C143,complete,2026-01-01,Smart TV,44,1,18-25,Female,Hyderabad,Telangana,Free,Roadies Quest,Show,Reality,Hindi,45
E15533,U1520,C118,pause,2026-01-23,Mobile,11,0,26-35,Male,Bengaluru,Karnataka,VIP,Kerala Waterfront Mystery,Series,Drama,Malayalam,48
E15534,U1362,C142,complete,2026-02-20,Mobile,41,1,18-25,Male,Chennai,Tamil Nadu,Free,Master Chef Kitchen Wars,Show,Reality,Hindi,45
E15535,U1060,C123,complete,2026-01-07,Web,22,1,26-35,Other,Hyderabad,Telangana,Free,Sarabhai Classic Revival,Series,Comedy,Hindi,25
E15536,U1144,C144,pause,2026-02-24,Mobile,13,0,26-35,Male,Bengaluru,Karnataka,Free,Koffee Spotlight Lounge,Show,Reality,English,45
E15537,U1060,C153,pause,2026-01-16,Smart TV,22,0,26-35,Other,Hyderabad,Telangana,Free,India at 2030: Space Ambitions,Show,News,English,50
E15538,U1723,C122,pause,2026-01-05,Mobile,6,0,26-35,Female,Lucknow,Uttar Pradesh,Premium,Taarak Laugh Fest Episodes,Show,Comedy,Hindi,22
E15539,U1432,C134,pause,2026-01-09,Web,81,0,36-45,Male,Ahmedabad,Gujarat,Free,Night Hunter Squad,Movie,Action,English,130
E15540,U1593,C138,play,2026-02-24,Smart TV,31,0,26-35,Female,Kolkata,West Bengal,Free,Bigg Boss Tamil Season 8,Show,Reality,Tamil,60
E15541,U1214,C105,complete,2026-01-12,Web,68,1,46+,Male,Delhi,Delhi,Free,Pro Kabaddi League Finals,Sports,Sports,Tamil,70
E15542,U1225,C134,complete,2026-02-26,Tablet,118,1,18-25,Male,Patna,Bihar,VIP,Night Hunter Squad,Movie,Action,English,130
E15543,U1749,C113,pause,2026-02-18,Mobile,41,0,18-25,Male,Delhi,Delhi,Free,Kaithi Revenge Chronicles,Movie,Drama,Tamil,140
E15544,U1401,C105,complete,2026-02-26,Tablet,65,1,36-45,Male,Hyderabad,Telangana,VIP,Pro Kabaddi League Finals,Sports,Sports,Tamil,70
E15545,U1217,C138,complete,2026-01-26,Smart TV,57,1,18-25,Male,Patna,Bihar,Free,Bigg Boss Tamil Season 8,Show,Reality,Tamil,60
E15546,U1034,C125,pause,2026-01-22,Web,11,0,26-35,Male,Hyderabad,Telangana,Free,Chennai Roast Arena,Show,Comedy,Tamil,40
E15547,U1465,C109,complete,2026-01-05,Web,41,1,26-35,Female,Mumbai,Maharashtra,Premium,Special Ops: Desert Falcon,Series,Drama,Hindi,45
E15548,U1637,C123,complete,2026-01-15,Mobile,24,1,18-25,Female,Delhi,Delhi,Premium,Sarabhai Classic Revival,Series,Comedy,Hindi,25
E15549,U1065,C119,pause,2026-02-19,Web,15,0,36-45,Male,Delhi,Delhi,Free,The Crown Dynasty Legacy,Series,Drama,English,55
E15550,U1238,C142,play,2026-03-01,Mobile,8,0,26-35,Male,Kolkata,West Bengal,Premium,Master Chef Kitchen Wars,Show,Reality,Hindi,45
E15551,U1498,C150,complete,2026-02-26,Smart TV,20,1,36-45,Male,Lucknow,Uttar Pradesh,VIP,Super Bheem Galactic Battle,Series,Kids,Telugu,22
E15552,U1597,C132,complete,2026-02-08,Smart TV,39,1,36-45,Female,Mumbai,Maharashtra,VIP,Commando Force Mumbai,Series,Action,Hindi,42
E15553,U1639,C102,play,2026-01-29,Mobile,44,0,18-25,Male,Chennai,Tamil Nadu,VIP,IPL Mega Auction Live Replay,Sports,Sports,Hindi,90
E15554,U1566,C102,pause,2026-01-07,Smart TV,25,0,18-25,Female,Kolkata,West Bengal,Free,IPL Mega Auction Live Replay,Sports,Sports,Hindi,90
E15555,U1534,C114,complete,2026-01-20,Web,41,1,26-35,Female,Hyderabad,Telangana,Premium,Telugu Royal Heritage,Series,Drama,Telugu,45
E15556,U1632,C109,complete,2026-02-23,Mobile,44,1,18-25,Male,Chennai,Tamil Nadu,Free,Special Ops: Desert Falcon,Series,Drama,Hindi,45
E15557,U1498,C131,pause,2026-01-28,Mobile,50,0,36-45,Male,Lucknow,Uttar Pradesh,VIP,Devara Storm Rising,Movie,Action,Telugu,160
E15558,U1379,C116,complete,2026-02-12,Web,115,1,18-25,Female,Bengaluru,Karnataka,VIP,Kolkata Love Diary,Movie,Drama,Bengali,125
E15559,U1610,C137,complete,2026-01-01,Smart TV,55,1,18-25,Other,Bengaluru,Karnataka,Premium,Bigg Boss All-Stars Hindi,Show,Reality,Hindi,60
E15560,U1600,C108,pause,2026-01-26,Mobile,8,0,46+,Female,Bengaluru,Karnataka,Free,ISL Football Clash of Titans,Sports,Sports,Bengali,60
E15561,U1425,C136,complete,2026-01-11,Mobile,115,1,18-25,Male,Bengaluru,Karnataka,VIP,Speed Street Heist,Movie,Action,English,120
E15562,U1430,C114,pause,2026-02-28,Smart TV,6,0,46+,Female,Bengaluru,Karnataka,Premium,Telugu Royal Heritage,Series,Drama,Telugu,45
E15563,U1432,C124,pause,2026-01-04,Mobile,10,0,36-45,Male,Ahmedabad,Gujarat,Free,Standup Special: Bangalore Humor,Show,Comedy,English,65
E15564,U1300,C108,pause,2026-01-28,Web,37,0,18-25,Female,Jaipur,Rajasthan,Free,ISL Football Clash of Titans,Sports,Sports,Bengali,60
E15565,U1704,C104,play,2026-02-16,Smart TV,6,0,26-35,Female,Bengaluru,Karnataka,Premium,IND vs ENG Test Day 3 Highlights,Sports,Sports,English,50
E15566,U1694,C133,complete,2026-02-02,Web,46,1,18-25,Female,Delhi,Delhi,Premium,Rudra: The Edge of Darkness,Series,Action,Hindi,48
E15567,U1492,C146,play,2026-01-04,Mobile,43,0,18-25,Male,Bengaluru,Karnataka,VIP,Motu Patlu Space Adventure,Movie,Kids,Hindi,75
E15568,U1297,C141,complete,2026-02-22,Mobile,54,1,26-35,Male,Pune,Maharashtra,VIP,Shark Pitch India S4,Show,Reality,Hindi,55
E15569,U1079,C151,complete,2026-02-19,Mobile,28,1,46+,Male,Kochi,Kerala,Free,Daily Headlines 360,News,News,Hindi,30
E15570,U1623,C106,complete,2026-02-01,Mobile,55,1,26-35,Female,Delhi,Delhi,VIP,WPL T20 Blockbuster Match,Sports,Sports,Hindi,60
E15571,U1378,C115,play,2026-02-18,Web,8,0,26-35,Male,Chennai,Tamil Nadu,VIP,Bengal Courtroom Secrets,Series,Drama,Bengali,40
E15572,U1673,C105,play,2026-01-06,Mobile,9,0,26-35,Male,Pune,Maharashtra,VIP,Pro Kabaddi League Finals,Sports,Sports,Tamil,70
E15573,U1128,C141,pause,2026-02-11,Mobile,9,0,26-35,Female,Pune,Maharashtra,VIP,Shark Pitch India S4,Show,Reality,Hindi,55
E15574,U1374,C137,complete,2026-02-13,Web,58,1,26-35,Male,Mumbai,Maharashtra,VIP,Bigg Boss All-Stars Hindi,Show,Reality,Hindi,60
E15575,U1675,C138,complete,2026-02-08,Mobile,54,1,18-25,Male,Mumbai,Maharashtra,Free,Bigg Boss Tamil Season 8,Show,Reality,Tamil,60
E15576,U1168,C122,pause,2026-02-09,Mobile,6,0,36-45,Male,Mumbai,Maharashtra,VIP,Taarak Laugh Fest Episodes,Show,Comedy,Hindi,22
E15577,U1212,C115,pause,2026-02-24,Tablet,29,0,18-25,Female,Mumbai,Maharashtra,VIP,Bengal Courtroom Secrets,Series,Drama,Bengali,40
E15578,U1600,C109,play,2026-02-06,Web,28,0,46+,Female,Bengaluru,Karnataka,Free,Special Ops: Desert Falcon,Series,Drama,Hindi,45
E15579,U1278,C136,complete,2026-02-21,Smart TV,113,1,26-35,Male,Jaipur,Rajasthan,VIP,Speed Street Heist,Movie,Action,English,120
E15580,U1724,C131,pause,2026-02-07,Mobile,27,0,18-25,Male,Bengaluru,Karnataka,VIP,Devara Storm Rising,Movie,Action,Telugu,160
E15581,U1263,C106,play,2026-02-27,Mobile,17,0,26-35,Male,Delhi,Delhi,Free,WPL T20 Blockbuster Match,Sports,Sports,Hindi,60
E15582,U1046,C129,complete,2026-02-26,Mobile,141,1,18-25,Male,Chennai,Tamil Nadu,Premium,Tiger Underground Strike,Movie,Action,Hindi,155
E15583,U1481,C109,complete,2026-01-13,Mobile,42,1,18-25,Male,Mumbai,Maharashtra,Premium,Special Ops: Desert Falcon,Series,Drama,Hindi,45
E15584,U1283,C139,pause,2026-02-03,Mobile,16,0,18-25,Female,Pune,Maharashtra,VIP,Bigg Boss Telugu Live,Show,Reality,Telugu,60
E15585,U1628,C142,pause,2026-02-16,Smart TV,10,0,36-45,Male,Mumbai,Maharashtra,VIP,Master Chef Kitchen Wars,Show,Reality,Hindi,45
E15586,U1085,C109,complete,2026-01-16,Mobile,42,1,26-35,Male,Delhi,Delhi,Free,Special Ops: Desert Falcon,Series,Drama,Hindi,45
E15587,U1398,C114,play,2026-02-18,Smart TV,7,0,18-25,Female,Chennai,Tamil Nadu,VIP,Telugu Royal Heritage,Series,Drama,Telugu,45
E15588,U1550,C113,pause,2026-02-03,Smart TV,41,0,26-35,Male,Kochi,Kerala,VIP,Kaithi Revenge Chronicles,Movie,Drama,Tamil,140
E15589,U1728,C128,pause,2026-01-15,Mobile,36,0,26-35,Male,Jaipur,Rajasthan,Free,College Boys Chaos,Movie,Comedy,Hindi,115
E15590,U1711,C104,pause,2026-01-04,Web,10,0,18-25,Male,Bengaluru,Karnataka,VIP,IND vs ENG Test Day 3 Highlights,Sports,Sports,English,50
E15591,U1391,C131,complete,2026-01-07,Web,145,1,46+,Other,Pune,Maharashtra,VIP,Devara Storm Rising,Movie,Action,Telugu,160
E15592,U1469,C103,pause,2026-02-05,Mobile,12,0,26-35,Male,Mumbai,Maharashtra,VIP,Premier League Weekly Showdown,Sports,Sports,English,60
E15593,U1594,C141,complete,2026-02-11,Mobile,53,1,18-25,Female,Delhi,Delhi,Free,Shark Pitch India S4,Show,Reality,Hindi,55
E15594,U1333,C138,complete,2026-01-14,Mobile,55,1,36-45,Female,Bengaluru,Karnataka,Free,Bigg Boss Tamil Season 8,Show,Reality,Tamil,60
E15595,U1339,C135,complete,2026-01-24,Smart TV,134,1,18-25,Female,Chennai,Tamil Nadu,Free,Fighter Wing Alpha,Movie,Action,Hindi,145
E15596,U1231,C102,pause,2026-01-15,Web,8,0,26-35,Male,Mumbai,Maharashtra,Free,IPL Mega Auction Live Replay,Sports,Sports,Hindi,90
E15597,U1691,C114,play,2026-02-05,Web,26,0,26-35,Male,Delhi,Delhi,Free,Telugu Royal Heritage,Series,Drama,Telugu,45
E15598,U1553,C135,complete,2026-01-12,Smart TV,138,1,18-25,Male,Hyderabad,Telangana,VIP,Fighter Wing Alpha,Movie,Action,Hindi,145
E15599,U1430,C139,complete,2026-01-09,Mobile,58,1,46+,Female,Bengaluru,Karnataka,Premium,Bigg Boss Telugu Live,Show,Reality,Telugu,60
E15600,U1554,C126,pause,2026-01-22,Mobile,10,0,26-35,Female,Jaipur,Rajasthan,Free,Telugu Comedy Superstars,Show,Comedy,Telugu,30
E15601,U1391,C138,complete,2026-02-19,Mobile,56,1,46+,Other,Pune,Maharashtra,VIP,Bigg Boss Tamil Season 8,Show,Reality,Tamil,60
E15602,U1219,C114,pause,2026-02-19,Web,9,0,26-35,Female,Hyderabad,Telangana,VIP,Telugu Royal Heritage,Series,Drama,Telugu,45
E15603,U1011,C118,complete,2026-02-12,Smart TV,46,1,18-25,Male,Delhi,Delhi,VIP,Kerala Waterfront Mystery,Series,Drama,Malayalam,48
E15604,U1536,C108,complete,2026-01-05,Web,57,1,18-25,Male,Mumbai,Maharashtra,Free,ISL Football Clash of Titans,Sports,Sports,Bengali,60
E15605,U1549,C136,pause,2026-01-15,Tablet,58,0,18-25,Female,Kochi,Kerala,VIP,Speed Street Heist,Movie,Action,English,120
E15606,U1016,C110,complete,2026-02-13,Mobile,22,1,36-45,Male,Mumbai,Maharashtra,Premium,Anupama: New Beginnings,Show,Drama,Hindi,25
E15607,U1035,C123,play,2026-02-01,Smart TV,2,0,26-35,Male,Delhi,Delhi,Free,Sarabhai Classic Revival,Series,Comedy,Hindi,25
E15608,U1434,C134,complete,2026-01-09,Mobile,123,1,18-25,Male,Hyderabad,Telangana,VIP,Night Hunter Squad,Movie,Action,English,130
E15609,U1665,C146,pause,2026-01-10,Mobile,25,0,18-25,Female,Mumbai,Maharashtra,Free,Motu Patlu Space Adventure,Movie,Kids,Hindi,75
E15610,U1610,C117,complete,2026-01-09,Web,23,1,18-25,Other,Bengaluru,Karnataka,Premium,Ghar Ek Mandir Classic,Show,Drama,Marathi,24
E15611,U1223,C128,complete,2026-02-20,Web,107,1,18-25,Male,Delhi,Delhi,Free,College Boys Chaos,Movie,Comedy,Hindi,115
E15612,U1694,C103,complete,2026-02-12,Mobile,54,1,18-25,Female,Delhi,Delhi,Premium,Premier League Weekly Showdown,Sports,Sports,English,60
E15613,U1460,C114,complete,2026-01-29,Web,44,1,26-35,Male,Mumbai,Maharashtra,Free,Telugu Royal Heritage,Series,Drama,Telugu,45
E15614,U1469,C105,play,2026-02-16,Mobile,10,0,26-35,Male,Mumbai,Maharashtra,VIP,Pro Kabaddi League Finals,Sports,Sports,Tamil,70
E15615,U1021,C115,play,2026-01-21,Mobile,15,0,18-25,Female,Pune,Maharashtra,Free,Bengal Courtroom Secrets,Series,Drama,Bengali,40
E15616,U1533,C137,pause,2026-02-21,Mobile,7,0,18-25,Female,Chennai,Tamil Nadu,Free,Bigg Boss All-Stars Hindi,Show,Reality,Hindi,60
E15617,U1597,C143,pause,2026-01-21,Mobile,24,0,36-45,Female,Mumbai,Maharashtra,VIP,Roadies Quest,Show,Reality,Hindi,45
E15618,U1331,C153,pause,2026-01-06,Mobile,21,0,26-35,Female,Mumbai,Maharashtra,VIP,India at 2030: Space Ambitions,Show,News,English,50
E15619,U1622,C120,complete,2026-01-17,Mobile,44,1,18-25,Female,Mumbai,Maharashtra,Premium,Succession Politics India,Series,Drama,Hindi,45
E15620,U1034,C154,complete,2026-01-24,Mobile,34,1,26-35,Male,Hyderabad,Telangana,Free,Elections Ground Pulse,News,News,Hindi,35
E15621,U1694,C134,pause,2026-01-12,Mobile,28,0,18-25,Female,Delhi,Delhi,Premium,Night Hunter Squad,Movie,Action,English,130
E15622,U1030,C138,pause,2026-01-16,Smart TV,33,0,18-25,Male,Chennai,Tamil Nadu,Free,Bigg Boss Tamil Season 8,Show,Reality,Tamil,60
E15623,U1022,C158,pause,2026-02-25,Mobile,15,0,18-25,Female,Bengaluru,Karnataka,Free,State Express News Tamil,News,News,Tamil,30
E15624,U1021,C138,pause,2026-02-23,Mobile,19,0,18-25,Female,Pune,Maharashtra,Free,Bigg Boss Tamil Season 8,Show,Reality,Tamil,60
E15625,U1181,C140,complete,2026-01-01,Tablet,47,1,26-35,Male,Pune,Maharashtra,Free,Dance India Dance Championship,Show,Reality,Hindi,50
E15626,U1730,C101,complete,2026-01-27,Web,41,1,18-25,Female,Pune,Maharashtra,VIP,IND vs AUS T20 Cup Highlights,Sports,Sports,Hindi,45
E15627,U1181,C115,complete,2026-01-19,Smart TV,39,1,26-35,Male,Pune,Maharashtra,Free,Bengal Courtroom Secrets,Series,Drama,Bengali,40
E15628,U1557,C126,complete,2026-01-19,Mobile,28,1,46+,Female,Kolkata,West Bengal,Premium,Telugu Comedy Superstars,Show,Comedy,Telugu,30
E15629,U1744,C127,pause,2026-01-29,Smart TV,12,0,26-35,Male,Mumbai,Maharashtra,Premium,Pune Pun Factory,Show,Comedy,Marathi,30
E15630,U1320,C103,complete,2026-01-22,Mobile,56,1,26-35,Male,Mumbai,Maharashtra,VIP,Premier League Weekly Showdown,Sports,Sports,English,60
E15631,U1560,C104,complete,2026-02-20,Mobile,49,1,26-35,Male,Kolkata,West Bengal,Free,IND vs ENG Test Day 3 Highlights,Sports,Sports,English,50
E15632,U1615,C115,complete,2026-01-08,Smart TV,38,1,18-25,Female,Kolkata,West Bengal,VIP,Bengal Courtroom Secrets,Series,Drama,Bengali,40
E15633,U1280,C114,complete,2026-01-02,Mobile,42,1,36-45,Female,Patna,Bihar,Free,Telugu Royal Heritage,Series,Drama,Telugu,45
E15634,U1334,C143,pause,2026-02-13,Web,10,0,36-45,Male,Bengaluru,Karnataka,VIP,Roadies Quest,Show,Reality,Hindi,45
E15635,U1201,C153,pause,2026-01-13,Mobile,21,0,18-25,Female,Pune,Maharashtra,Premium,India at 2030: Space Ambitions,Show,News,English,50
E15636,U1620,C142,complete,2026-01-15,Mobile,44,1,26-35,Female,Delhi,Delhi,Premium,Master Chef Kitchen Wars,Show,Reality,Hindi,45
E15637,U1589,C106,pause,2026-01-24,Mobile,16,0,18-25,Male,Lucknow,Uttar Pradesh,Free,WPL T20 Blockbuster Match,Sports,Sports,Hindi,60
E15638,U1227,C116,complete,2026-01-25,Mobile,116,1,18-25,Female,Pune,Maharashtra,VIP,Kolkata Love Diary,Movie,Drama,Bengali,125
E15639,U1450,C112,play,2026-01-17,Smart TV,28,0,18-25,Female,Ahmedabad,Gujarat,Free,City of Dreams: The Succession,Series,Drama,Hindi,50
E15640,U1521,C103,complete,2026-02-19,Smart TV,57,1,18-25,Male,Kolkata,West Bengal,Free,Premier League Weekly Showdown,Sports,Sports,English,60
E15641,U1043,C104,complete,2026-01-09,Smart TV,47,1,26-35,Male,Delhi,Delhi,Free,IND vs ENG Test Day 3 Highlights,Sports,Sports,English,50
E15642,U1197,C139,pause,2026-02-15,Smart TV,48,0,18-25,Male,Bengaluru,Karnataka,VIP,Bigg Boss Telugu Live,Show,Reality,Telugu,60
E15643,U1108,C129,complete,2026-02-15,Smart TV,148,1,18-25,Female,Ahmedabad,Gujarat,VIP,Tiger Underground Strike,Movie,Action,Hindi,155
E15644,U1648,C148,play,2026-01-02,Mobile,10,0,18-25,Female,Mumbai,Maharashtra,Free,Doraemon Magic Gadgets,Series,Kids,Hindi,20
E15645,U1672,C129,complete,2026-02-04,Mobile,151,1,26-35,Male,Delhi,Delhi,VIP,Tiger Underground Strike,Movie,Action,Hindi,155
E15646,U1182,C118,play,2026-02-05,Web,8,0,26-35,Female,Bengaluru,Karnataka,Premium,Kerala Waterfront Mystery,Series,Drama,Malayalam,48
E15647,U1562,C141,complete,2026-02-18,Mobile,54,1,26-35,Male,Kochi,Kerala,Free,Shark Pitch India S4,Show,Reality,Hindi,55
E15648,U1172,C117,pause,2026-02-06,Smart TV,10,0,18-25,Male,Delhi,Delhi,Premium,Ghar Ek Mandir Classic,Show,Drama,Marathi,24
E15649,U1357,C108,complete,2026-01-10,Mobile,55,1,18-25,Female,Hyderabad,Telangana,Free,ISL Football Clash of Titans,Sports,Sports,Bengali,60
E15650,U1266,C128,complete,2026-02-24,Web,108,1,18-25,Female,Delhi,Delhi,VIP,College Boys Chaos,Movie,Comedy,Hindi,115
E15651,U1409,C120,play,2026-01-26,Mobile,13,0,18-25,Male,Bengaluru,Karnataka,Free,Succession Politics India,Series,Drama,Hindi,45
E15652,U1570,C136,complete,2026-01-24,Mobile,110,1,18-25,Female,Mumbai,Maharashtra,VIP,Speed Street Heist,Movie,Action,English,120
E15653,U1113,C143,pause,2026-01-29,Mobile,18,0,18-25,Male,Mumbai,Maharashtra,Free,Roadies Quest,Show,Reality,Hindi,45
E15654,U1331,C129,pause,2026-02-18,Web,62,0,26-35,Female,Mumbai,Maharashtra,VIP,Tiger Underground Strike,Movie,Action,Hindi,155
E15655,U1647,C113,pause,2026-02-20,Mobile,70,0,26-35,Female,Ahmedabad,Gujarat,Free,Kaithi Revenge Chronicles,Movie,Drama,Tamil,140
E15656,U1146,C146,pause,2026-02-12,Smart TV,62,0,18-25,Female,Mumbai,Maharashtra,Free,Motu Patlu Space Adventure,Movie,Kids,Hindi,75
E15657,U1225,C111,play,2026-01-18,Mobile,11,0,18-25,Male,Patna,Bihar,VIP,Yeh Rishta: Family Bonds,Show,Drama,Hindi,22
E15658,U1021,C141,pause,2026-01-24,Web,35,0,18-25,Female,Pune,Maharashtra,Free,Shark Pitch India S4,Show,Reality,Hindi,55
E15659,U1747,C139,complete,2026-01-17,Smart TV,59,1,26-35,Female,Delhi,Delhi,VIP,Bigg Boss Telugu Live,Show,Reality,Telugu,60
E15660,U1466,C102,pause,2026-01-30,Web,41,0,36-45,Male,Ahmedabad,Gujarat,Free,IPL Mega Auction Live Replay,Sports,Sports,Hindi,90
E15661,U1613,C105,play,2026-01-18,Mobile,22,0,18-25,Male,Pune,Maharashtra,Free,Pro Kabaddi League Finals,Sports,Sports,Tamil,70
E15662,U1701,C127,play,2026-01-25,Mobile,13,0,18-25,Male,Mumbai,Maharashtra,Free,Pune Pun Factory,Show,Comedy,Marathi,30
E15663,U1706,C151,complete,2026-02-14,Smart TV,29,1,36-45,Female,Delhi,Delhi,Free,Daily Headlines 360,News,News,Hindi,30
E15664,U1196,C107,pause,2026-01-22,Smart TV,5,0,26-35,Female,Bengaluru,Karnataka,Free,Champions Trophy Pre-Show,Sports,Sports,Telugu,40
E15665,U1712,C140,complete,2026-01-31,Smart TV,49,1,26-35,Female,Mumbai,Maharashtra,Premium,Dance India Dance Championship,Show,Reality,Hindi,50
E15666,U1089,C132,complete,2026-01-21,Smart TV,39,1,26-35,Male,Bengaluru,Karnataka,Free,Commando Force Mumbai,Series,Action,Hindi,42
E15667,U1512,C145,play,2026-02-23,Mobile,30,0,26-35,Female,Mumbai,Maharashtra,VIP,Chhota Bheem Himalayan Tour,Movie,Kids,Hindi,85
E15668,U1702,C106,pause,2026-01-27,Web,34,0,18-25,Female,Chennai,Tamil Nadu,VIP,WPL T20 Blockbuster Match,Sports,Sports,Hindi,60
E15669,U1696,C142,pause,2026-02-13,Mobile,7,0,26-35,Female,Delhi,Delhi,Free,Master Chef Kitchen Wars,Show,Reality,Hindi,45
E15670,U1663,C111,play,2026-01-19,Mobile,8,0,26-35,Female,Delhi,Delhi,VIP,Yeh Rishta: Family Bonds,Show,Drama,Hindi,22
E15671,U1135,C116,play,2026-01-28,Mobile,61,0,26-35,Female,Mumbai,Maharashtra,Free,Kolkata Love Diary,Movie,Drama,Bengali,125
E15672,U1270,C122,complete,2026-01-09,Web,20,1,18-25,Male,Delhi,Delhi,VIP,Taarak Laugh Fest Episodes,Show,Comedy,Hindi,22
E15673,U1204,C104,complete,2026-01-08,Tablet,45,1,26-35,Female,Hyderabad,Telangana,Premium,IND vs ENG Test Day 3 Highlights,Sports,Sports,English,50
E15674,U1296,C152,complete,2026-02-13,Mobile,24,1,46+,Female,Kolkata,West Bengal,VIP,Global Tech & Economy Report,News,News,English,25
E15675,U1357,C107,complete,2026-02-08,Smart TV,36,1,18-25,Female,Hyderabad,Telangana,Free,Champions Trophy Pre-Show,Sports,Sports,Telugu,40
E15676,U1049,C119,complete,2026-01-10,Mobile,52,1,26-35,Female,Mumbai,Maharashtra,Free,The Crown Dynasty Legacy,Series,Drama,English,55
E15677,U1144,C122,play,2026-02-17,Mobile,3,0,26-35,Male,Bengaluru,Karnataka,Free,Taarak Laugh Fest Episodes,Show,Comedy,Hindi,22
E15678,U1227,C138,complete,2026-01-20,Mobile,58,1,18-25,Female,Pune,Maharashtra,VIP,Bigg Boss Tamil Season 8,Show,Reality,Tamil,60
E15679,U1161,C142,play,2026-02-09,Mobile,7,0,26-35,Male,Pune,Maharashtra,Premium,Master Chef Kitchen Wars,Show,Reality,Hindi,45
E15680,U1207,C127,complete,2026-01-23,Mobile,28,1,26-35,Male,Pune,Maharashtra,Premium,Pune Pun Factory,Show,Comedy,Marathi,30
E15681,U1680,C131,pause,2026-02-27,Mobile,58,0,26-35,Male,Jaipur,Rajasthan,VIP,Devara Storm Rising,Movie,Action,Telugu,160
E15682,U1190,C110,complete,2026-02-08,Tablet,23,1,18-25,Male,Mumbai,Maharashtra,Premium,Anupama: New Beginnings,Show,Drama,Hindi,25
E15683,U1679,C111,pause,2026-01-10,Web,3,0,46+,Female,Lucknow,Uttar Pradesh,VIP,Yeh Rishta: Family Bonds,Show,Drama,Hindi,22
E15684,U1017,C107,pause,2026-01-24,Mobile,18,0,36-45,Male,Hyderabad,Telangana,Free,Champions Trophy Pre-Show,Sports,Sports,Telugu,40
E15685,U1457,C117,pause,2026-02-06,Mobile,8,0,36-45,Male,Pune,Maharashtra,VIP,Ghar Ek Mandir Classic,Show,Drama,Marathi,24
E15686,U1710,C112,pause,2026-02-25,Mobile,21,0,26-35,Female,Delhi,Delhi,Premium,City of Dreams: The Succession,Series,Drama,Hindi,50
E15687,U1513,C145,complete,2026-01-25,Mobile,80,1,26-35,Male,Hyderabad,Telangana,VIP,Chhota Bheem Himalayan Tour,Movie,Kids,Hindi,85
E15688,U1169,C137,pause,2026-02-17,Mobile,23,0,36-45,Female,Kolkata,West Bengal,Free,Bigg Boss All-Stars Hindi,Show,Reality,Hindi,60
E15689,U1171,C142,pause,2026-02-20,Smart TV,20,0,46+,Female,Delhi,Delhi,Free,Master Chef Kitchen Wars,Show,Reality,Hindi,45
E15690,U1051,C120,complete,2026-01-03,Mobile,41,1,26-35,Female,Chennai,Tamil Nadu,Free,Succession Politics India,Series,Drama,Hindi,45
E15691,U1711,C114,pause,2026-02-25,Mobile,17,0,18-25,Male,Bengaluru,Karnataka,VIP,Telugu Royal Heritage,Series,Drama,Telugu,45
E15692,U1634,C132,pause,2026-01-26,Smart TV,12,0,26-35,Female,Pune,Maharashtra,Premium,Commando Force Mumbai,Series,Action,Hindi,42
E15693,U1713,C137,complete,2026-02-16,Smart TV,59,1,36-45,Female,Hyderabad,Telangana,Free,Bigg Boss All-Stars Hindi,Show,Reality,Hindi,60
E15694,U1386,C134,complete,2026-02-21,Smart TV,124,1,46+,Female,Kolkata,West Bengal,Free,Night Hunter Squad,Movie,Action,English,130
E15695,U1117,C125,complete,2026-01-17,Mobile,37,1,18-25,Male,Delhi,Delhi,Premium,Chennai Roast Arena,Show,Comedy,Tamil,40
E15696,U1378,C126,complete,2026-01-29,Web,27,1,26-35,Male,Chennai,Tamil Nadu,VIP,Telugu Comedy Superstars,Show,Comedy,Telugu,30
E15697,U1286,C144,play,2026-01-25,Smart TV,33,0,26-35,Female,Delhi,Delhi,VIP,Koffee Spotlight Lounge,Show,Reality,English,45
E15698,U1231,C143,pause,2026-02-02,Mobile,14,0,26-35,Male,Mumbai,Maharashtra,Free,Roadies Quest,Show,Reality,Hindi,45
E15699,U1030,C101,complete,2026-01-30,Mobile,44,1,18-25,Male,Chennai,Tamil Nadu,Free,IND vs AUS T20 Cup Highlights,Sports,Sports,Hindi,45
E15700,U1609,C128,play,2026-01-16,Mobile,25,0,18-25,Female,Ahmedabad,Gujarat,VIP,College Boys Chaos,Movie,Comedy,Hindi,115
E15701,U1345,C159,complete,2026-01-07,Mobile,23,1,26-35,Male,Pune,Maharashtra,VIP,Bengal Morning Bulletin,News,News,Bengali,25
E15702,U1215,C117,complete,2026-01-14,Web,21,1,46+,Male,Hyderabad,Telangana,VIP,Ghar Ek Mandir Classic,Show,Drama,Marathi,24
E15703,U1281,C147,complete,2026-01-21,Smart TV,18,1,18-25,Male,Bengaluru,Karnataka,Free,Little Singham Rescue Mission,Series,Kids,Hindi,20
E15704,U1386,C116,complete,2026-02-22,Mobile,123,1,46+,Female,Kolkata,West Bengal,Free,Kolkata Love Diary,Movie,Drama,Bengali,125
E15705,U1151,C103,play,2026-01-30,Mobile,6,0,26-35,Male,Mumbai,Maharashtra,Free,Premier League Weekly Showdown,Sports,Sports,English,60
E15706,U1201,C107,complete,2026-01-02,Web,37,1,18-25,Female,Pune,Maharashtra,Premium,Champions Trophy Pre-Show,Sports,Sports,Telugu,40
E15707,U1604,C160,play,2026-02-24,Mobile,12,0,18-25,Male,Bengaluru,Karnataka,Free,Maharashtra Maha News,News,News,Marathi,30
E15708,U1728,C108,pause,2026-01-03,Mobile,19,0,26-35,Male,Jaipur,Rajasthan,Free,ISL Football Clash of Titans,Sports,Sports,Bengali,60
E15709,U1054,C145,pause,2026-01-27,Mobile,46,0,26-35,Male,Hyderabad,Telangana,VIP,Chhota Bheem Himalayan Tour,Movie,Kids,Hindi,85
E15710,U1108,C142,play,2026-02-16,Tablet,9,0,18-25,Female,Ahmedabad,Gujarat,VIP,Master Chef Kitchen Wars,Show,Reality,Hindi,45
E15711,U1514,C110,complete,2026-01-25,Tablet,23,1,26-35,Male,Kolkata,West Bengal,Premium,Anupama: New Beginnings,Show,Drama,Hindi,25
E15712,U1250,C143,play,2026-01-21,Smart TV,6,0,26-35,Female,Mumbai,Maharashtra,Free,Roadies Quest,Show,Reality,Hindi,45
E15713,U1644,C157,complete,2026-02-23,Mobile,38,1,36-45,Female,Kochi,Kerala,VIP,Startup Founders Blueprint,Show,News,English,40
E15714,U1203,C122,play,2026-01-03,Mobile,11,0,18-25,Female,Delhi,Delhi,Free,Taarak Laugh Fest Episodes,Show,Comedy,Hindi,22
E15715,U1716,C114,complete,2026-01-05,Mobile,41,1,18-25,Female,Jaipur,Rajasthan,Premium,Telugu Royal Heritage,Series,Drama,Telugu,45
E15716,U1541,C129,play,2026-02-10,Mobile,81,0,26-35,Female,Delhi,Delhi,VIP,Tiger Underground Strike,Movie,Action,Hindi,155
E15717,U1305,C142,play,2026-02-14,Mobile,21,0,18-25,Other,Bengaluru,Karnataka,Free,Master Chef Kitchen Wars,Show,Reality,Hindi,45
E15718,U1652,C141,complete,2026-01-28,Tablet,52,1,26-35,Female,Jaipur,Rajasthan,VIP,Shark Pitch India S4,Show,Reality,Hindi,55
E15719,U1314,C143,pause,2026-01-21,Mobile,23,0,26-35,Female,Bengaluru,Karnataka,Premium,Roadies Quest,Show,Reality,Hindi,45
E15720,U1358,C101,complete,2026-01-17,Mobile,42,1,26-35,Male,Kochi,Kerala,VIP,IND vs AUS T20 Cup Highlights,Sports,Sports,Hindi,45
E15721,U1573,C117,pause,2026-01-08,Web,11,0,26-35,Female,Hyderabad,Telangana,Free,Ghar Ek Mandir Classic,Show,Drama,Marathi,24
E15722,U1592,C139,complete,2026-02-03,Mobile,54,1,26-35,Female,Kolkata,West Bengal,Free,Bigg Boss Telugu Live,Show,Reality,Telugu,60
E15723,U1110,C140,complete,2026-02-22,Mobile,47,1,26-35,Male,Hyderabad,Telangana,VIP,Dance India Dance Championship,Show,Reality,Hindi,50
E15724,U1596,C117,pause,2026-02-12,Mobile,13,0,26-35,Female,Bengaluru,Karnataka,Free,Ghar Ek Mandir Classic,Show,Drama,Marathi,24
E15725,U1594,C114,complete,2026-02-01,Web,41,1,18-25,Female,Delhi,Delhi,Free,Telugu Royal Heritage,Series,Drama,Telugu,45
E15726,U1560,C117,play,2026-01-06,Tablet,6,0,26-35,Male,Kolkata,West Bengal,Free,Ghar Ek Mandir Classic,Show,Drama,Marathi,24
E15727,U1678,C147,complete,2026-01-17,Mobile,19,1,26-35,Female,Ahmedabad,Gujarat,Premium,Little Singham Rescue Mission,Series,Kids,Hindi,20
E15728,U1581,C139,pause,2026-01-23,Mobile,20,0,46+,Male,Ahmedabad,Gujarat,VIP,Bigg Boss Telugu Live,Show,Reality,Telugu,60
E15729,U1639,C103,complete,2026-02-12,Web,58,1,18-25,Male,Chennai,Tamil Nadu,VIP,Premier League Weekly Showdown,Sports,Sports,English,60
E15730,U1312,C140,play,2026-01-29,Mobile,25,0,26-35,Female,Chennai,Tamil Nadu,VIP,Dance India Dance Championship,Show,Reality,Hindi,50
E15731,U1026,C106,pause,2026-01-10,Mobile,24,0,36-45,Male,Mumbai,Maharashtra,VIP,WPL T20 Blockbuster Match,Sports,Sports,Hindi,60
E15732,U1662,C150,complete,2026-01-29,Mobile,20,1,18-25,Female,Mumbai,Maharashtra,VIP,Super Bheem Galactic Battle,Series,Kids,Telugu,22
E15733,U1499,C102,pause,2026-01-31,Mobile,16,0,26-35,Male,Mumbai,Maharashtra,Free,IPL Mega Auction Live Replay,Sports,Sports,Hindi,90
E15734,U1105,C150,pause,2026-01-07,Smart TV,10,0,26-35,Female,Bengaluru,Karnataka,Free,Super Bheem Galactic Battle,Series,Kids,Telugu,22
E15735,U1521,C113,pause,2026-02-20,Mobile,16,0,18-25,Male,Kolkata,West Bengal,Free,Kaithi Revenge Chronicles,Movie,Drama,Tamil,140
E15736,U1376,C101,play,2026-02-15,Smart TV,16,0,26-35,Male,Jaipur,Rajasthan,Free,IND vs AUS T20 Cup Highlights,Sports,Sports,Hindi,45
E15737,U1562,C145,pause,2026-02-02,Mobile,26,0,26-35,Male,Kochi,Kerala,Free,Chhota Bheem Himalayan Tour,Movie,Kids,Hindi,85
E15738,U1211,C116,complete,2026-02-28,Mobile,120,1,26-35,Female,Bengaluru,Karnataka,Premium,Kolkata Love Diary,Movie,Drama,Bengali,125
E15739,U1366,C141,pause,2026-01-11,Mobile,23,0,46+,Male,Jaipur,Rajasthan,VIP,Shark Pitch India S4,Show,Reality,Hindi,55
E15740,U1602,C107,complete,2026-01-17,Smart TV,39,1,26-35,Female,Mumbai,Maharashtra,Premium,Champions Trophy Pre-Show,Sports,Sports,Telugu,40
E15741,U1144,C153,complete,2026-01-29,Smart TV,46,1,26-35,Male,Bengaluru,Karnataka,Free,India at 2030: Space Ambitions,Show,News,English,50
E15742,U1712,C139,complete,2026-02-23,Smart TV,55,1,26-35,Female,Mumbai,Maharashtra,Premium,Bigg Boss Telugu Live,Show,Reality,Telugu,60
E15743,U1355,C156,complete,2026-02-06,Smart TV,42,1,46+,Male,Lucknow,Uttar Pradesh,Free,Cricket Icons: The Untold Story,Show,News,Hindi,45
E15744,U1067,C136,play,2026-02-14,Mobile,57,0,18-25,Female,Jaipur,Rajasthan,VIP,Speed Street Heist,Movie,Action,English,120
E15745,U1356,C145,play,2026-01-02,Mobile,29,0,18-25,Male,Hyderabad,Telangana,VIP,Chhota Bheem Himalayan Tour,Movie,Kids,Hindi,85
E15746,U1060,C135,pause,2026-01-14,Mobile,69,0,26-35,Other,Hyderabad,Telangana,Free,Fighter Wing Alpha,Movie,Action,Hindi,145
E15747,U1312,C138,pause,2026-02-12,Web,10,0,26-35,Female,Chennai,Tamil Nadu,VIP,Bigg Boss Tamil Season 8,Show,Reality,Tamil,60
E15748,U1023,C103,play,2026-01-26,Mobile,26,0,36-45,Male,Kolkata,West Bengal,VIP,Premier League Weekly Showdown,Sports,Sports,English,60
E15749,U1549,C121,complete,2026-01-23,Mobile,32,1,18-25,Female,Kochi,Kerala,VIP,The Great Indian Comedy Lab,Show,Comedy,Hindi,35
E15750,U1671,C132,complete,2026-02-18,Mobile,41,1,18-25,Male,Delhi,Delhi,VIP,Commando Force Mumbai,Series,Action,Hindi,42
E15751,U1050,C137,play,2026-02-04,Mobile,31,0,26-35,Female,Kolkata,West Bengal,Free,Bigg Boss All-Stars Hindi,Show,Reality,Hindi,60
E15752,U1649,C149,complete,2026-01-09,Smart TV,19,1,36-45,Female,Bengaluru,Karnataka,Premium,Shinchan Laugh Club,Series,Kids,Tamil,20
E15753,U1592,C109,pause,2026-01-04,Web,9,0,26-35,Female,Kolkata,West Bengal,Free,Special Ops: Desert Falcon,Series,Drama,Hindi,45
E15754,U1466,C107,complete,2026-02-28,Web,39,1,36-45,Male,Ahmedabad,Gujarat,Free,Champions Trophy Pre-Show,Sports,Sports,Telugu,40
E15755,U1012,C131,pause,2026-01-14,Mobile,76,0,18-25,Male,Hyderabad,Telangana,VIP,Devara Storm Rising,Movie,Action,Telugu,160
E15756,U1621,C147,play,2026-02-28,Web,2,0,18-25,Male,Bengaluru,Karnataka,VIP,Little Singham Rescue Mission,Series,Kids,Hindi,20
E15757,U1138,C146,pause,2026-01-28,Web,50,0,18-25,Male,Kolkata,West Bengal,Free,Motu Patlu Space Adventure,Movie,Kids,Hindi,75
E15758,U1296,C126,pause,2026-02-15,Mobile,16,0,46+,Female,Kolkata,West Bengal,VIP,Telugu Comedy Superstars,Show,Comedy,Telugu,30
E15759,U1571,C141,complete,2026-01-28,Mobile,49,1,36-45,Female,Hyderabad,Telangana,Free,Shark Pitch India S4,Show,Reality,Hindi,55
E15760,U1038,C137,play,2026-02-08,Mobile,17,0,18-25,Male,Chennai,Tamil Nadu,VIP,Bigg Boss All-Stars Hindi,Show,Reality,Hindi,60
E15761,U1535,C153,complete,2026-02-25,Mobile,46,1,18-25,Male,Delhi,Delhi,Premium,India at 2030: Space Ambitions,Show,News,English,50
E15762,U1640,C110,pause,2026-02-09,Mobile,5,0,18-25,Other,Delhi,Delhi,Premium,Anupama: New Beginnings,Show,Drama,Hindi,25
E15763,U1732,C133,pause,2026-01-31,Web,27,0,36-45,Male,Pune,Maharashtra,VIP,Rudra: The Edge of Darkness,Series,Action,Hindi,48
E15764,U1011,C123,complete,2026-01-28,Mobile,24,1,18-25,Male,Delhi,Delhi,VIP,Sarabhai Classic Revival,Series,Comedy,Hindi,25
E15765,U1190,C105,pause,2026-02-10,Mobile,32,0,18-25,Male,Mumbai,Maharashtra,Premium,Pro Kabaddi League Finals,Sports,Sports,Tamil,70
E15766,U1600,C146,pause,2026-02-01,Mobile,40,0,46+,Female,Bengaluru,Karnataka,Free,Motu Patlu Space Adventure,Movie,Kids,Hindi,75
E15767,U1244,C122,complete,2026-01-19,Web,19,1,26-35,Female,Bengaluru,Karnataka,Premium,Taarak Laugh Fest Episodes,Show,Comedy,Hindi,22
E15768,U1122,C113,play,2026-01-29,Mobile,46,0,46+,Male,Hyderabad,Telangana,Premium,Kaithi Revenge Chronicles,Movie,Drama,Tamil,140
E15769,U1113,C113,pause,2026-01-05,Mobile,20,0,18-25,Male,Mumbai,Maharashtra,Free,Kaithi Revenge Chronicles,Movie,Drama,Tamil,140
E15770,U1236,C116,complete,2026-01-30,Mobile,114,1,26-35,Male,Delhi,Delhi,VIP,Kolkata Love Diary,Movie,Drama,Bengali,125
E15771,U1052,C141,complete,2026-02-19,Smart TV,53,1,18-25,Male,Hyderabad,Telangana,VIP,Shark Pitch India S4,Show,Reality,Hindi,55
E15772,U1259,C137,play,2026-02-26,Mobile,23,0,18-25,Male,Lucknow,Uttar Pradesh,VIP,Bigg Boss All-Stars Hindi,Show,Reality,Hindi,60
E15773,U1401,C111,complete,2026-01-19,Mobile,20,1,36-45,Male,Hyderabad,Telangana,VIP,Yeh Rishta: Family Bonds,Show,Drama,Hindi,22
E15774,U1067,C101,pause,2026-01-03,Smart TV,21,0,18-25,Female,Jaipur,Rajasthan,VIP,IND vs AUS T20 Cup Highlights,Sports,Sports,Hindi,45
E15775,U1732,C138,complete,2026-02-28,Mobile,57,1,36-45,Male,Pune,Maharashtra,VIP,Bigg Boss Tamil Season 8,Show,Reality,Tamil,60
E15776,U1632,C108,complete,2026-01-10,Smart TV,58,1,18-25,Male,Chennai,Tamil Nadu,Free,ISL Football Clash of Titans,Sports,Sports,Bengali,60
E15777,U1594,C117,pause,2026-01-30,Smart TV,7,0,18-25,Female,Delhi,Delhi,Free,Ghar Ek Mandir Classic,Show,Drama,Marathi,24
E15778,U1632,C108,complete,2026-02-24,Smart TV,56,1,18-25,Male,Chennai,Tamil Nadu,Free,ISL Football Clash of Titans,Sports,Sports,Bengali,60
E15779,U1141,C102,complete,2026-02-21,Tablet,82,1,36-45,Male,Bengaluru,Karnataka,Free,IPL Mega Auction Live Replay,Sports,Sports,Hindi,90
E15780,U1028,C103,pause,2026-02-09,Mobile,8,0,46+,Female,Lucknow,Uttar Pradesh,VIP,Premier League Weekly Showdown,Sports,Sports,English,60
E15781,U1637,C131,complete,2026-01-05,Mobile,159,1,18-25,Female,Delhi,Delhi,Premium,Devara Storm Rising,Movie,Action,Telugu,160
E15782,U1431,C146,complete,2026-01-20,Mobile,68,1,26-35,Female,Bengaluru,Karnataka,Free,Motu Patlu Space Adventure,Movie,Kids,Hindi,75
E15783,U1144,C119,complete,2026-02-27,Smart TV,53,1,26-35,Male,Bengaluru,Karnataka,Free,The Crown Dynasty Legacy,Series,Drama,English,55
E15784,U1560,C113,play,2026-02-05,Tablet,39,0,26-35,Male,Kolkata,West Bengal,Free,Kaithi Revenge Chronicles,Movie,Drama,Tamil,140
E15785,U1577,C116,complete,2026-02-28,Smart TV,124,1,46+,Male,Ahmedabad,Gujarat,Premium,Kolkata Love Diary,Movie,Drama,Bengali,125
E15786,U1217,C137,pause,2026-02-05,Smart TV,11,0,18-25,Male,Patna,Bihar,Free,Bigg Boss All-Stars Hindi,Show,Reality,Hindi,60
E15787,U1441,C144,complete,2026-01-03,Smart TV,43,1,46+,Female,Chennai,Tamil Nadu,VIP,Koffee Spotlight Lounge,Show,Reality,English,45
E15788,U1087,C101,pause,2026-02-03,Mobile,8,0,26-35,Female,Hyderabad,Telangana,Free,IND vs AUS T20 Cup Highlights,Sports,Sports,Hindi,45
E15789,U1400,C139,pause,2026-01-02,Mobile,4,0,18-25,Female,Lucknow,Uttar Pradesh,Free,Bigg Boss Telugu Live,Show,Reality,Telugu,60
E15790,U1463,C137,complete,2026-02-19,Mobile,54,1,26-35,Female,Bengaluru,Karnataka,Free,Bigg Boss All-Stars Hindi,Show,Reality,Hindi,60
E15791,U1230,C140,pause,2026-01-30,Mobile,13,0,18-25,Male,Mumbai,Maharashtra,Free,Dance India Dance Championship,Show,Reality,Hindi,50
E15792,U1024,C124,complete,2026-01-21,Mobile,59,1,36-45,Female,Bengaluru,Karnataka,Free,Standup Special: Bangalore Humor,Show,Comedy,English,65
E15793,U1362,C124,pause,2026-01-14,Mobile,18,0,18-25,Male,Chennai,Tamil Nadu,Free,Standup Special: Bangalore Humor,Show,Comedy,English,65
E15794,U1725,C123,play,2026-01-10,Mobile,11,0,26-35,Female,Bengaluru,Karnataka,VIP,Sarabhai Classic Revival,Series,Comedy,Hindi,25
E15795,U1139,C145,play,2026-02-07,Mobile,10,0,26-35,Female,Delhi,Delhi,Free,Chhota Bheem Himalayan Tour,Movie,Kids,Hindi,85
E15796,U1412,C112,pause,2026-02-14,Mobile,15,0,18-25,Male,Mumbai,Maharashtra,Premium,City of Dreams: The Succession,Series,Drama,Hindi,50
E15797,U1694,C105,play,2026-02-23,Mobile,27,0,18-25,Female,Delhi,Delhi,Premium,Pro Kabaddi League Finals,Sports,Sports,Tamil,70
E15798,U1678,C143,pause,2026-02-11,Mobile,25,0,26-35,Female,Ahmedabad,Gujarat,Premium,Roadies Quest,Show,Reality,Hindi,45
E15799,U1495,C145,pause,2026-02-26,Mobile,7,0,18-25,Female,Jaipur,Rajasthan,Premium,Chhota Bheem Himalayan Tour,Movie,Kids,Hindi,85
E15800,U1676,C143,play,2026-02-01,Mobile,4,0,18-25,Male,Mumbai,Maharashtra,VIP,Roadies Quest,Show,Reality,Hindi,45
E15801,U1445,C113,complete,2026-01-18,Web,133,1,46+,Female,Pune,Maharashtra,Free,Kaithi Revenge Chronicles,Movie,Drama,Tamil,140
E15802,U1286,C124,pause,2026-01-09,Mobile,7,0,26-35,Female,Delhi,Delhi,VIP,Standup Special: Bangalore Humor,Show,Comedy,English,65
E15803,U1108,C112,pause,2026-01-01,Smart TV,22,0,18-25,Female,Ahmedabad,Gujarat,VIP,City of Dreams: The Succession,Series,Drama,Hindi,50
E15804,U1149,C102,complete,2026-01-01,Mobile,86,1,46+,Male,Hyderabad,Telangana,Free,IPL Mega Auction Live Replay,Sports,Sports,Hindi,90
E15805,U1466,C148,pause,2026-01-30,Mobile,4,0,36-45,Male,Ahmedabad,Gujarat,Free,Doraemon Magic Gadgets,Series,Kids,Hindi,20
E15806,U1421,C102,pause,2026-01-13,Web,55,0,36-45,Female,Chennai,Tamil Nadu,Free,IPL Mega Auction Live Replay,Sports,Sports,Hindi,90
E15807,U1182,C147,complete,2026-02-28,Mobile,19,1,26-35,Female,Bengaluru,Karnataka,Premium,Little Singham Rescue Mission,Series,Kids,Hindi,20
E15808,U1559,C105,complete,2026-02-02,Mobile,63,1,18-25,Male,Chennai,Tamil Nadu,Free,Pro Kabaddi League Finals,Sports,Sports,Tamil,70
E15809,U1525,C119,pause,2026-02-10,Mobile,12,0,18-25,Female,Jaipur,Rajasthan,Free,The Crown Dynasty Legacy,Series,Drama,English,55
E15810,U1460,C129,complete,2026-02-03,Smart TV,149,1,26-35,Male,Mumbai,Maharashtra,Free,Tiger Underground Strike,Movie,Action,Hindi,155
E15811,U1379,C127,complete,2026-03-01,Web,28,1,18-25,Female,Bengaluru,Karnataka,VIP,Pune Pun Factory,Show,Comedy,Marathi,30
E15812,U1729,C140,pause,2026-02-17,Smart TV,21,0,18-25,Other,Jaipur,Rajasthan,Premium,Dance India Dance Championship,Show,Reality,Hindi,50
E15813,U1664,C125,complete,2026-01-22,Mobile,39,1,36-45,Male,Delhi,Delhi,Premium,Chennai Roast Arena,Show,Comedy,Tamil,40
E15814,U1594,C113,play,2026-01-13,Mobile,27,0,18-25,Female,Delhi,Delhi,Free,Kaithi Revenge Chronicles,Movie,Drama,Tamil,140
E15815,U1544,C112,play,2026-01-25,Mobile,24,0,36-45,Male,Delhi,Delhi,Premium,City of Dreams: The Succession,Series,Drama,Hindi,50
E15816,U1739,C111,complete,2026-01-16,Smart TV,21,1,26-35,Male,Kolkata,West Bengal,Free,Yeh Rishta: Family Bonds,Show,Drama,Hindi,22
E15817,U1135,C104,complete,2026-02-21,Tablet,46,1,26-35,Female,Mumbai,Maharashtra,Free,IND vs ENG Test Day 3 Highlights,Sports,Sports,English,50
E15818,U1023,C133,complete,2026-02-03,Smart TV,43,1,36-45,Male,Kolkata,West Bengal,VIP,Rudra: The Edge of Darkness,Series,Action,Hindi,48
E15819,U1229,C101,pause,2026-02-27,Web,23,0,18-25,Female,Mumbai,Maharashtra,Free,IND vs AUS T20 Cup Highlights,Sports,Sports,Hindi,45
E15820,U1010,C105,complete,2026-01-09,Mobile,69,1,18-25,Female,Pune,Maharashtra,Premium,Pro Kabaddi League Finals,Sports,Sports,Tamil,70
E15821,U1078,C131,pause,2026-01-09,Mobile,80,0,18-25,Male,Hyderabad,Telangana,Premium,Devara Storm Rising,Movie,Action,Telugu,160
E15822,U1234,C115,complete,2026-02-20,Web,37,1,46+,Male,Bengaluru,Karnataka,Free,Bengal Courtroom Secrets,Series,Drama,Bengali,40
E15823,U1320,C120,complete,2026-01-30,Smart TV,40,1,26-35,Male,Mumbai,Maharashtra,VIP,Succession Politics India,Series,Drama,Hindi,45
E15824,U1111,C158,play,2026-01-07,Mobile,2,0,18-25,Male,Mumbai,Maharashtra,VIP,State Express News Tamil,News,News,Tamil,30
E15825,U1233,C140,play,2026-01-15,Mobile,14,0,26-35,Female,Hyderabad,Telangana,Free,Dance India Dance Championship,Show,Reality,Hindi,50
E15826,U1425,C135,play,2026-02-23,Mobile,56,0,18-25,Male,Bengaluru,Karnataka,VIP,Fighter Wing Alpha,Movie,Action,Hindi,145
E15827,U1408,C139,complete,2026-02-26,Mobile,56,1,36-45,Male,Chennai,Tamil Nadu,Free,Bigg Boss Telugu Live,Show,Reality,Telugu,60
E15828,U1179,C133,complete,2026-01-28,Smart TV,45,1,18-25,Female,Bengaluru,Karnataka,VIP,Rudra: The Edge of Darkness,Series,Action,Hindi,48
E15829,U1740,C103,complete,2026-02-05,Mobile,55,1,26-35,Female,Mumbai,Maharashtra,Premium,Premier League Weekly Showdown,Sports,Sports,English,60
E15830,U1031,C148,pause,2026-02-19,Mobile,2,0,26-35,Male,Pune,Maharashtra,VIP,Doraemon Magic Gadgets,Series,Kids,Hindi,20
E15831,U1441,C118,pause,2026-01-04,Mobile,3,0,46+,Female,Chennai,Tamil Nadu,VIP,Kerala Waterfront Mystery,Series,Drama,Malayalam,48
E15832,U1555,C106,pause,2026-01-03,Mobile,30,0,26-35,Female,Jaipur,Rajasthan,VIP,WPL T20 Blockbuster Match,Sports,Sports,Hindi,60
E15833,U1444,C119,play,2026-01-01,Mobile,19,0,46+,Female,Bengaluru,Karnataka,VIP,The Crown Dynasty Legacy,Series,Drama,English,55
E15834,U1028,C104,pause,2026-01-22,Mobile,18,0,46+,Female,Lucknow,Uttar Pradesh,VIP,IND vs ENG Test Day 3 Highlights,Sports,Sports,English,50
E15835,U1706,C150,complete,2026-02-03,Mobile,20,1,36-45,Female,Delhi,Delhi,Free,Super Bheem Galactic Battle,Series,Kids,Telugu,22
E15836,U1658,C143,pause,2026-02-18,Mobile,14,0,18-25,Female,Mumbai,Maharashtra,VIP,Roadies Quest,Show,Reality,Hindi,45
E15837,U1495,C106,play,2026-01-09,Web,16,0,18-25,Female,Jaipur,Rajasthan,Premium,WPL T20 Blockbuster Match,Sports,Sports,Hindi,60
E15838,U1255,C135,play,2026-01-13,Smart TV,65,0,18-25,Male,Hyderabad,Telangana,VIP,Fighter Wing Alpha,Movie,Action,Hindi,145
E15839,U1035,C140,complete,2026-01-24,Mobile,49,1,26-35,Male,Delhi,Delhi,Free,Dance India Dance Championship,Show,Reality,Hindi,50
E15840,U1621,C147,complete,2026-01-04,Smart TV,19,1,18-25,Male,Bengaluru,Karnataka,VIP,Little Singham Rescue Mission,Series,Kids,Hindi,20
E15841,U1471,C135,play,2026-01-06,Mobile,74,0,46+,Male,Lucknow,Uttar Pradesh,VIP,Fighter Wing Alpha,Movie,Action,Hindi,145
E15842,U1146,C148,complete,2026-01-02,Mobile,18,1,18-25,Female,Mumbai,Maharashtra,Free,Doraemon Magic Gadgets,Series,Kids,Hindi,20
E15843,U1306,C107,pause,2026-01-20,Tablet,27,0,18-25,Female,Delhi,Delhi,Free,Champions Trophy Pre-Show,Sports,Sports,Telugu,40
E15844,U1628,C133,complete,2026-01-28,Smart TV,43,1,36-45,Male,Mumbai,Maharashtra,VIP,Rudra: The Edge of Darkness,Series,Action,Hindi,48
E15845,U1512,C148,complete,2026-02-01,Mobile,18,1,26-35,Female,Mumbai,Maharashtra,VIP,Doraemon Magic Gadgets,Series,Kids,Hindi,20
E15846,U1672,C135,complete,2026-01-11,Mobile,136,1,26-35,Male,Delhi,Delhi,VIP,Fighter Wing Alpha,Movie,Action,Hindi,145
E15847,U1386,C137,complete,2026-02-27,Web,59,1,46+,Female,Kolkata,West Bengal,Free,Bigg Boss All-Stars Hindi,Show,Reality,Hindi,60
E15848,U1713,C126,pause,2026-03-01,Mobile,11,0,36-45,Female,Hyderabad,Telangana,Free,Telugu Comedy Superstars,Show,Comedy,Telugu,30
E15849,U1234,C150,complete,2026-01-23,Mobile,19,1,46+,Male,Bengaluru,Karnataka,Free,Super Bheem Galactic Battle,Series,Kids,Telugu,22
E15850,U1669,C106,play,2026-02-18,Smart TV,41,0,26-35,Female,Delhi,Delhi,Free,WPL T20 Blockbuster Match,Sports,Sports,Hindi,60
E15851,U1158,C141,pause,2026-02-28,Mobile,11,0,26-35,Female,Lucknow,Uttar Pradesh,VIP,Shark Pitch India S4,Show,Reality,Hindi,55
E15852,U1504,C132,play,2026-01-19,Tablet,17,0,36-45,Male,Delhi,Delhi,VIP,Commando Force Mumbai,Series,Action,Hindi,42
E15853,U1488,C112,play,2026-01-23,Mobile,7,0,18-25,Male,Hyderabad,Telangana,Free,City of Dreams: The Succession,Series,Drama,Hindi,50
E15854,U1516,C125,play,2026-02-26,Web,20,0,26-35,Female,Bengaluru,Karnataka,Free,Chennai Roast Arena,Show,Comedy,Tamil,40
E15855,U1541,C112,complete,2026-01-17,Web,47,1,26-35,Female,Delhi,Delhi,VIP,City of Dreams: The Succession,Series,Drama,Hindi,50
E15856,U1480,C139,play,2026-02-20,Smart TV,28,0,36-45,Female,Mumbai,Maharashtra,Premium,Bigg Boss Telugu Live,Show,Reality,Telugu,60
E15857,U1560,C124,complete,2026-01-01,Smart TV,62,1,26-35,Male,Kolkata,West Bengal,Free,Standup Special: Bangalore Humor,Show,Comedy,English,65
E15858,U1309,C132,pause,2026-01-29,Smart TV,5,0,36-45,Female,Kolkata,West Bengal,VIP,Commando Force Mumbai,Series,Action,Hindi,42
E15859,U1426,C112,pause,2026-01-25,Mobile,18,0,26-35,Female,Kolkata,West Bengal,Free,City of Dreams: The Succession,Series,Drama,Hindi,50
E15860,U1480,C105,complete,2026-01-23,Mobile,65,1,36-45,Female,Mumbai,Maharashtra,Premium,Pro Kabaddi League Finals,Sports,Sports,Tamil,70
E15861,U1719,C122,pause,2026-02-03,Smart TV,16,0,26-35,Female,Patna,Bihar,Premium,Taarak Laugh Fest Episodes,Show,Comedy,Hindi,22
E15862,U1448,C101,complete,2026-01-06,Smart TV,43,1,18-25,Male,Bengaluru,Karnataka,VIP,IND vs AUS T20 Cup Highlights,Sports,Sports,Hindi,45
E15863,U1276,C143,complete,2026-01-23,Mobile,41,1,18-25,Female,Mumbai,Maharashtra,Premium,Roadies Quest,Show,Reality,Hindi,45
E15864,U1673,C115,complete,2026-01-19,Mobile,39,1,26-35,Male,Pune,Maharashtra,VIP,Bengal Courtroom Secrets,Series,Drama,Bengali,40
E15865,U1142,C111,pause,2026-01-02,Mobile,9,0,26-35,Male,Kochi,Kerala,VIP,Yeh Rishta: Family Bonds,Show,Drama,Hindi,22
E15866,U1312,C134,pause,2026-01-19,Mobile,48,0,26-35,Female,Chennai,Tamil Nadu,VIP,Night Hunter Squad,Movie,Action,English,130
E15867,U1168,C150,play,2026-02-09,Mobile,11,0,36-45,Male,Mumbai,Maharashtra,VIP,Super Bheem Galactic Battle,Series,Kids,Telugu,22
E15868,U1013,C122,pause,2026-01-05,Tablet,3,0,26-35,Female,Mumbai,Maharashtra,VIP,Taarak Laugh Fest Episodes,Show,Comedy,Hindi,22
E15869,U1482,C141,complete,2026-02-12,Mobile,50,1,18-25,Male,Mumbai,Maharashtra,Free,Shark Pitch India S4,Show,Reality,Hindi,55
E15870,U1386,C113,pause,2026-02-19,Mobile,49,0,46+,Female,Kolkata,West Bengal,Free,Kaithi Revenge Chronicles,Movie,Drama,Tamil,140
E15871,U1355,C156,complete,2026-01-29,Mobile,44,1,46+,Male,Lucknow,Uttar Pradesh,Free,Cricket Icons: The Untold Story,Show,News,Hindi,45
E15872,U1015,C116,complete,2026-01-09,Smart TV,117,1,26-35,Female,Pune,Maharashtra,Free,Kolkata Love Diary,Movie,Drama,Bengali,125
E15873,U1292,C108,complete,2026-02-12,Mobile,55,1,36-45,Male,Chennai,Tamil Nadu,VIP,ISL Football Clash of Titans,Sports,Sports,Bengali,60
E15874,U1662,C144,pause,2026-02-19,Mobile,13,0,18-25,Female,Mumbai,Maharashtra,VIP,Koffee Spotlight Lounge,Show,Reality,English,45
E15875,U1376,C125,pause,2026-02-20,Mobile,12,0,26-35,Male,Jaipur,Rajasthan,Free,Chennai Roast Arena,Show,Comedy,Tamil,40
E15876,U1562,C133,play,2026-01-11,Mobile,15,0,26-35,Male,Kochi,Kerala,Free,Rudra: The Edge of Darkness,Series,Action,Hindi,48
E15877,U1537,C134,pause,2026-02-06,Smart TV,95,0,18-25,Female,Hyderabad,Telangana,Free,Night Hunter Squad,Movie,Action,English,130
E15878,U1609,C141,complete,2026-02-13,Mobile,50,1,18-25,Female,Ahmedabad,Gujarat,VIP,Shark Pitch India S4,Show,Reality,Hindi,55
E15879,U1610,C127,play,2026-02-26,Mobile,7,0,18-25,Other,Bengaluru,Karnataka,Premium,Pune Pun Factory,Show,Comedy,Marathi,30
E15880,U1432,C126,complete,2026-01-07,Mobile,28,1,36-45,Male,Ahmedabad,Gujarat,Free,Telugu Comedy Superstars,Show,Comedy,Telugu,30
E15881,U1317,C149,pause,2026-03-01,Mobile,7,0,36-45,Male,Kolkata,West Bengal,VIP,Shinchan Laugh Club,Series,Kids,Tamil,20
E15882,U1211,C143,pause,2026-02-11,Mobile,14,0,26-35,Female,Bengaluru,Karnataka,Premium,Roadies Quest,Show,Reality,Hindi,45
E15883,U1247,C108,complete,2026-02-06,Tablet,57,1,18-25,Male,Ahmedabad,Gujarat,Free,ISL Football Clash of Titans,Sports,Sports,Bengali,60
E15884,U1705,C109,complete,2026-02-01,Smart TV,41,1,26-35,Female,Delhi,Delhi,Free,Special Ops: Desert Falcon,Series,Drama,Hindi,45
E15885,U1244,C117,play,2026-01-25,Mobile,10,0,26-35,Female,Bengaluru,Karnataka,Premium,Ghar Ek Mandir Classic,Show,Drama,Marathi,24
E15886,U1275,C102,complete,2026-01-03,Mobile,81,1,26-35,Male,Mumbai,Maharashtra,VIP,IPL Mega Auction Live Replay,Sports,Sports,Hindi,90
E15887,U1117,C126,play,2026-02-22,Mobile,10,0,18-25,Male,Delhi,Delhi,Premium,Telugu Comedy Superstars,Show,Comedy,Telugu,30
E15888,U1396,C148,complete,2026-01-23,Web,19,1,18-25,Male,Delhi,Delhi,VIP,Doraemon Magic Gadgets,Series,Kids,Hindi,20
E15889,U1082,C105,play,2026-02-20,Mobile,28,0,18-25,Male,Chennai,Tamil Nadu,Premium,Pro Kabaddi League Finals,Sports,Sports,Tamil,70
E15890,U1320,C104,complete,2026-02-01,Smart TV,46,1,26-35,Male,Mumbai,Maharashtra,VIP,IND vs ENG Test Day 3 Highlights,Sports,Sports,English,50
E15891,U1631,C117,complete,2026-02-10,Smart TV,22,1,26-35,Male,Hyderabad,Telangana,VIP,Ghar Ek Mandir Classic,Show,Drama,Marathi,24
E15892,U1438,C142,pause,2026-02-23,Mobile,25,0,18-25,Male,Hyderabad,Telangana,VIP,Master Chef Kitchen Wars,Show,Reality,Hindi,45
E15893,U1600,C140,pause,2026-01-13,Mobile,20,0,46+,Female,Bengaluru,Karnataka,Free,Dance India Dance Championship,Show,Reality,Hindi,50
E15894,U1059,C139,pause,2026-02-01,Mobile,27,0,18-25,Male,Bengaluru,Karnataka,VIP,Bigg Boss Telugu Live,Show,Reality,Telugu,60
E15895,U1091,C134,complete,2026-01-07,Mobile,119,1,26-35,Female,Delhi,Delhi,Premium,Night Hunter Squad,Movie,Action,English,130
E15896,U1230,C134,play,2026-02-07,Mobile,62,0,18-25,Male,Mumbai,Maharashtra,Free,Night Hunter Squad,Movie,Action,English,130
E15897,U1540,C116,play,2026-02-18,Mobile,45,0,18-25,Male,Kolkata,West Bengal,VIP,Kolkata Love Diary,Movie,Drama,Bengali,125
E15898,U1496,C107,complete,2026-02-06,Mobile,37,1,26-35,Female,Mumbai,Maharashtra,Free,Champions Trophy Pre-Show,Sports,Sports,Telugu,40
E15899,U1710,C137,pause,2026-01-23,Mobile,33,0,26-35,Female,Delhi,Delhi,Premium,Bigg Boss All-Stars Hindi,Show,Reality,Hindi,60
E15900,U1342,C149,complete,2026-02-11,Smart TV,18,1,26-35,Male,Delhi,Delhi,Free,Shinchan Laugh Club,Series,Kids,Tamil,20
E15901,U1339,C113,pause,2026-01-08,Mobile,35,0,18-25,Female,Chennai,Tamil Nadu,Free,Kaithi Revenge Chronicles,Movie,Drama,Tamil,140
E15902,U1597,C151,play,2026-01-31,Mobile,9,0,36-45,Female,Mumbai,Maharashtra,VIP,Daily Headlines 360,News,News,Hindi,30
E15903,U1270,C104,play,2026-01-05,Mobile,14,0,18-25,Male,Delhi,Delhi,VIP,IND vs ENG Test Day 3 Highlights,Sports,Sports,English,50
E15904,U1467,C141,play,2026-02-16,Smart TV,38,0,18-25,Male,Bengaluru,Karnataka,Free,Shark Pitch India S4,Show,Reality,Hindi,55
E15905,U1248,C137,pause,2026-01-12,Mobile,27,0,18-25,Male,Bengaluru,Karnataka,VIP,Bigg Boss All-Stars Hindi,Show,Reality,Hindi,60
E15906,U1297,C116,pause,2026-02-11,Mobile,38,0,26-35,Male,Pune,Maharashtra,VIP,Kolkata Love Diary,Movie,Drama,Bengali,125
E15907,U1637,C143,play,2026-02-07,Mobile,23,0,18-25,Female,Delhi,Delhi,Premium,Roadies Quest,Show,Reality,Hindi,45
E15908,U1487,C122,pause,2026-01-21,Mobile,5,0,18-25,Other,Chennai,Tamil Nadu,Free,Taarak Laugh Fest Episodes,Show,Comedy,Hindi,22
E15909,U1465,C141,complete,2026-02-09,Web,50,1,26-35,Female,Mumbai,Maharashtra,Premium,Shark Pitch India S4,Show,Reality,Hindi,55
E15910,U1593,C146,play,2026-02-10,Mobile,10,0,26-35,Female,Kolkata,West Bengal,Free,Motu Patlu Space Adventure,Movie,Kids,Hindi,75
E15911,U1015,C119,pause,2026-02-23,Mobile,27,0,26-35,Female,Pune,Maharashtra,Free,The Crown Dynasty Legacy,Series,Drama,English,55
E15912,U1676,C108,complete,2026-02-26,Web,55,1,18-25,Male,Mumbai,Maharashtra,VIP,ISL Football Clash of Titans,Sports,Sports,Bengali,60
E15913,U1662,C106,pause,2026-02-27,Smart TV,38,0,18-25,Female,Mumbai,Maharashtra,VIP,WPL T20 Blockbuster Match,Sports,Sports,Hindi,60
E15914,U1628,C106,pause,2026-01-23,Mobile,28,0,36-45,Male,Mumbai,Maharashtra,VIP,WPL T20 Blockbuster Match,Sports,Sports,Hindi,60
E15915,U1655,C122,complete,2026-01-26,Web,20,1,18-25,Other,Kochi,Kerala,Free,Taarak Laugh Fest Episodes,Show,Comedy,Hindi,22
E15916,U1457,C108,complete,2026-01-04,Web,55,1,36-45,Male,Pune,Maharashtra,VIP,ISL Football Clash of Titans,Sports,Sports,Bengali,60
E15917,U1194,C105,complete,2026-01-31,Smart TV,68,1,18-25,Female,Bengaluru,Karnataka,VIP,Pro Kabaddi League Finals,Sports,Sports,Tamil,70
E15918,U1339,C119,pause,2026-01-03,Mobile,31,0,18-25,Female,Chennai,Tamil Nadu,Free,The Crown Dynasty Legacy,Series,Drama,English,55
E15919,U1431,C132,pause,2026-01-05,Smart TV,13,0,26-35,Female,Bengaluru,Karnataka,Free,Commando Force Mumbai,Series,Action,Hindi,42
E15920,U1652,C106,play,2026-02-01,Web,6,0,26-35,Female,Jaipur,Rajasthan,VIP,WPL T20 Blockbuster Match,Sports,Sports,Hindi,60
E15921,U1412,C113,play,2026-01-10,Mobile,48,0,18-25,Male,Mumbai,Maharashtra,Premium,Kaithi Revenge Chronicles,Movie,Drama,Tamil,140
E15922,U1183,C108,pause,2026-02-13,Mobile,20,0,36-45,Other,Chennai,Tamil Nadu,Free,ISL Football Clash of Titans,Sports,Sports,Bengali,60
E15923,U1329,C107,play,2026-01-01,Tablet,8,0,26-35,Female,Mumbai,Maharashtra,Free,Champions Trophy Pre-Show,Sports,Sports,Telugu,40
E15924,U1661,C152,complete,2026-01-17,Smart TV,24,1,26-35,Male,Mumbai,Maharashtra,Free,Global Tech & Economy Report,News,News,English,25
E15925,U1372,C114,complete,2026-01-13,Tablet,44,1,26-35,Female,Ahmedabad,Gujarat,VIP,Telugu Royal Heritage,Series,Drama,Telugu,45
E15926,U1642,C141,complete,2026-02-12,Mobile,50,1,26-35,Female,Kolkata,West Bengal,Premium,Shark Pitch India S4,Show,Reality,Hindi,55
E15927,U1058,C143,pause,2026-01-02,Mobile,15,0,18-25,Male,Lucknow,Uttar Pradesh,Premium,Roadies Quest,Show,Reality,Hindi,45
E15928,U1407,C147,complete,2026-01-20,Mobile,19,1,46+,Male,Patna,Bihar,VIP,Little Singham Rescue Mission,Series,Kids,Hindi,20
E15929,U1702,C133,pause,2026-01-06,Web,7,0,18-25,Female,Chennai,Tamil Nadu,VIP,Rudra: The Edge of Darkness,Series,Action,Hindi,48
E15930,U1318,C114,play,2026-01-14,Smart TV,10,0,26-35,Female,Mumbai,Maharashtra,Free,Telugu Royal Heritage,Series,Drama,Telugu,45
E15931,U1504,C116,pause,2026-02-20,Smart TV,57,0,36-45,Male,Delhi,Delhi,VIP,Kolkata Love Diary,Movie,Drama,Bengali,125
E15932,U1153,C145,complete,2026-02-16,Web,77,1,18-25,Male,Delhi,Delhi,Premium,Chhota Bheem Himalayan Tour,Movie,Kids,Hindi,85
E15933,U1049,C109,play,2026-02-08,Web,4,0,26-35,Female,Mumbai,Maharashtra,Free,Special Ops: Desert Falcon,Series,Drama,Hindi,45
E15934,U1029,C119,pause,2026-02-21,Mobile,5,0,18-25,Female,Jaipur,Rajasthan,Premium,The Crown Dynasty Legacy,Series,Drama,English,55
E15935,U1415,C114,complete,2026-01-10,Smart TV,41,1,26-35,Female,Mumbai,Maharashtra,Free,Telugu Royal Heritage,Series,Drama,Telugu,45
E15936,U1376,C128,pause,2026-02-13,Mobile,45,0,26-35,Male,Jaipur,Rajasthan,Free,College Boys Chaos,Movie,Comedy,Hindi,115
E15937,U1111,C141,complete,2026-02-24,Mobile,52,1,18-25,Male,Mumbai,Maharashtra,VIP,Shark Pitch India S4,Show,Reality,Hindi,55
E15938,U1744,C154,complete,2026-01-05,Mobile,34,1,26-35,Male,Mumbai,Maharashtra,Premium,Elections Ground Pulse,News,News,Hindi,35
E15939,U1673,C142,complete,2026-01-28,Mobile,44,1,26-35,Male,Pune,Maharashtra,VIP,Master Chef Kitchen Wars,Show,Reality,Hindi,45
E15940,U1660,C117,play,2026-01-18,Mobile,10,0,18-25,Male,Mumbai,Maharashtra,Free,Ghar Ek Mandir Classic,Show,Drama,Marathi,24
E15941,U1112,C101,pause,2026-02-17,Web,18,0,46+,Female,Hyderabad,Telangana,Free,IND vs AUS T20 Cup Highlights,Sports,Sports,Hindi,45
E15942,U1393,C157,complete,2026-01-17,Smart TV,38,1,26-35,Male,Chennai,Tamil Nadu,VIP,Startup Founders Blueprint,Show,News,English,40
E15943,U1469,C122,complete,2026-02-14,Smart TV,21,1,26-35,Male,Mumbai,Maharashtra,VIP,Taarak Laugh Fest Episodes,Show,Comedy,Hindi,22
E15944,U1366,C112,complete,2026-01-24,Mobile,45,1,46+,Male,Jaipur,Rajasthan,VIP,City of Dreams: The Succession,Series,Drama,Hindi,50
E15945,U1040,C140,complete,2026-02-05,Web,46,1,18-25,Female,Bengaluru,Karnataka,Free,Dance India Dance Championship,Show,Reality,Hindi,50
E15946,U1461,C107,complete,2026-03-01,Mobile,37,1,26-35,Male,Chennai,Tamil Nadu,Premium,Champions Trophy Pre-Show,Sports,Sports,Telugu,40
E15947,U1356,C111,play,2026-02-25,Tablet,10,0,18-25,Male,Hyderabad,Telangana,VIP,Yeh Rishta: Family Bonds,Show,Drama,Hindi,22
E15948,U1383,C108,complete,2026-01-06,Tablet,57,1,26-35,Female,Bengaluru,Karnataka,Premium,ISL Football Clash of Titans,Sports,Sports,Bengali,60
E15949,U1006,C144,complete,2026-02-09,Web,41,1,18-25,Male,Pune,Maharashtra,Free,Koffee Spotlight Lounge,Show,Reality,English,45
E15950,U1632,C158,pause,2026-02-04,Mobile,12,0,18-25,Male,Chennai,Tamil Nadu,Free,State Express News Tamil,News,News,Tamil,30
E15951,U1243,C113,complete,2026-02-09,Smart TV,128,1,26-35,Male,Mumbai,Maharashtra,Free,Kaithi Revenge Chronicles,Movie,Drama,Tamil,140
E15952,U1504,C116,complete,2026-02-04,Mobile,115,1,36-45,Male,Delhi,Delhi,VIP,Kolkata Love Diary,Movie,Drama,Bengali,125
E15953,U1595,C104,complete,2026-02-11,Mobile,45,1,46+,Female,Chennai,Tamil Nadu,VIP,IND vs ENG Test Day 3 Highlights,Sports,Sports,English,50
E15954,U1647,C122,pause,2026-01-07,Smart TV,13,0,26-35,Female,Ahmedabad,Gujarat,Free,Taarak Laugh Fest Episodes,Show,Comedy,Hindi,22
E15955,U1146,C127,pause,2026-02-27,Web,17,0,18-25,Female,Mumbai,Maharashtra,Free,Pune Pun Factory,Show,Comedy,Marathi,30
E15956,U1701,C122,pause,2026-01-30,Mobile,8,0,18-25,Male,Mumbai,Maharashtra,Free,Taarak Laugh Fest Episodes,Show,Comedy,Hindi,22
E15957,U1236,C106,pause,2026-01-16,Mobile,26,0,26-35,Male,Delhi,Delhi,VIP,WPL T20 Blockbuster Match,Sports,Sports,Hindi,60
E15958,U1178,C106,complete,2026-01-31,Smart TV,58,1,26-35,Female,Chennai,Tamil Nadu,VIP,WPL T20 Blockbuster Match,Sports,Sports,Hindi,60
E15959,U1597,C145,pause,2026-02-26,Mobile,30,0,36-45,Female,Mumbai,Maharashtra,VIP,Chhota Bheem Himalayan Tour,Movie,Kids,Hindi,85
E15960,U1153,C101,complete,2026-02-19,Mobile,43,1,18-25,Male,Delhi,Delhi,Premium,IND vs AUS T20 Cup Highlights,Sports,Sports,Hindi,45
E15961,U1241,C125,complete,2026-02-09,Tablet,38,1,18-25,Male,Delhi,Delhi,Premium,Chennai Roast Arena,Show,Comedy,Tamil,40
E15962,U1673,C102,pause,2026-02-17,Web,35,0,26-35,Male,Pune,Maharashtra,VIP,IPL Mega Auction Live Replay,Sports,Sports,Hindi,90
E15963,U1261,C120,complete,2026-01-29,Mobile,43,1,18-25,Female,Delhi,Delhi,VIP,Succession Politics India,Series,Drama,Hindi,45
E15964,U1015,C119,pause,2026-01-30,Smart TV,20,0,26-35,Female,Pune,Maharashtra,Free,The Crown Dynasty Legacy,Series,Drama,English,55
E15965,U1553,C117,complete,2026-02-22,Mobile,22,1,18-25,Male,Hyderabad,Telangana,VIP,Ghar Ek Mandir Classic,Show,Drama,Marathi,24
E15966,U1514,C119,play,2026-01-30,Smart TV,33,0,26-35,Male,Kolkata,West Bengal,Premium,The Crown Dynasty Legacy,Series,Drama,English,55
E15967,U1283,C101,complete,2026-01-29,Mobile,41,1,18-25,Female,Pune,Maharashtra,VIP,IND vs AUS T20 Cup Highlights,Sports,Sports,Hindi,45
E15968,U1566,C159,complete,2026-02-27,Mobile,22,1,18-25,Female,Kolkata,West Bengal,Free,Bengal Morning Bulletin,News,News,Bengali,25
E15969,U1662,C151,play,2026-02-04,Mobile,13,0,18-25,Female,Mumbai,Maharashtra,VIP,Daily Headlines 360,News,News,Hindi,30
E15970,U1386,C135,pause,2026-02-07,Mobile,28,0,46+,Female,Kolkata,West Bengal,Free,Fighter Wing Alpha,Movie,Action,Hindi,145
E15971,U1445,C122,play,2026-01-16,Mobile,9,0,46+,Female,Pune,Maharashtra,Free,Taarak Laugh Fest Episodes,Show,Comedy,Hindi,22
E15972,U1382,C126,pause,2026-01-10,Smart TV,5,0,26-35,Female,Hyderabad,Telangana,Free,Telugu Comedy Superstars,Show,Comedy,Telugu,30
E15973,U1501,C140,play,2026-01-29,Tablet,17,0,26-35,Female,Hyderabad,Telangana,VIP,Dance India Dance Championship,Show,Reality,Hindi,50
E15974,U1525,C116,pause,2026-02-21,Mobile,59,0,18-25,Female,Jaipur,Rajasthan,Free,Kolkata Love Diary,Movie,Drama,Bengali,125
E15975,U1212,C105,pause,2026-01-01,Smart TV,15,0,18-25,Female,Mumbai,Maharashtra,VIP,Pro Kabaddi League Finals,Sports,Sports,Tamil,70
E15976,U1412,C144,complete,2026-01-17,Mobile,42,1,18-25,Male,Mumbai,Maharashtra,Premium,Koffee Spotlight Lounge,Show,Reality,English,45
E15977,U1514,C141,pause,2026-02-03,Mobile,24,0,26-35,Male,Kolkata,West Bengal,Premium,Shark Pitch India S4,Show,Reality,Hindi,55
E15978,U1035,C103,play,2026-02-06,Smart TV,8,0,26-35,Male,Delhi,Delhi,Free,Premier League Weekly Showdown,Sports,Sports,English,60
E15979,U1449,C134,complete,2026-01-25,Smart TV,117,1,18-25,Male,Hyderabad,Telangana,Premium,Night Hunter Squad,Movie,Action,English,130
E15980,U1503,C126,complete,2026-01-25,Mobile,27,1,46+,Male,Kolkata,West Bengal,VIP,Telugu Comedy Superstars,Show,Comedy,Telugu,30
E15981,U1101,C129,complete,2026-01-12,Tablet,144,1,26-35,Male,Delhi,Delhi,VIP,Tiger Underground Strike,Movie,Action,Hindi,155
E15982,U1367,C116,pause,2026-02-11,Mobile,56,0,46+,Male,Kochi,Kerala,Free,Kolkata Love Diary,Movie,Drama,Bengali,125
E15983,U1130,C101,complete,2026-02-18,Mobile,44,1,18-25,Male,Kolkata,West Bengal,VIP,IND vs AUS T20 Cup Highlights,Sports,Sports,Hindi,45
E15984,U1312,C107,pause,2026-01-09,Smart TV,15,0,26-35,Female,Chennai,Tamil Nadu,VIP,Champions Trophy Pre-Show,Sports,Sports,Telugu,40
E15985,U1148,C106,play,2026-02-13,Mobile,24,0,26-35,Female,Delhi,Delhi,VIP,WPL T20 Blockbuster Match,Sports,Sports,Hindi,60
E15986,U1724,C127,play,2026-02-03,Mobile,16,0,18-25,Male,Bengaluru,Karnataka,VIP,Pune Pun Factory,Show,Comedy,Marathi,30
E15987,U1043,C145,complete,2026-01-12,Mobile,81,1,26-35,Male,Delhi,Delhi,Free,Chhota Bheem Himalayan Tour,Movie,Kids,Hindi,85
E15988,U1688,C108,complete,2026-02-02,Mobile,59,1,18-25,Female,Hyderabad,Telangana,Premium,ISL Football Clash of Titans,Sports,Sports,Bengali,60
E15989,U1019,C133,play,2026-01-18,Tablet,13,0,18-25,Female,Jaipur,Rajasthan,Free,Rudra: The Edge of Darkness,Series,Action,Hindi,48
E15990,U1145,C142,complete,2026-01-28,Mobile,41,1,18-25,Female,Mumbai,Maharashtra,Free,Master Chef Kitchen Wars,Show,Reality,Hindi,45
E15991,U1648,C137,play,2026-02-20,Mobile,17,0,18-25,Female,Mumbai,Maharashtra,Free,Bigg Boss All-Stars Hindi,Show,Reality,Hindi,60
E15992,U1712,C140,pause,2026-02-21,Mobile,21,0,26-35,Female,Mumbai,Maharashtra,Premium,Dance India Dance Championship,Show,Reality,Hindi,50
E15993,U1225,C124,complete,2026-01-31,Mobile,63,1,18-25,Male,Patna,Bihar,VIP,Standup Special: Bangalore Humor,Show,Comedy,English,65
E15994,U1432,C123,complete,2026-01-17,Tablet,24,1,36-45,Male,Ahmedabad,Gujarat,Free,Sarabhai Classic Revival,Series,Comedy,Hindi,25
E15995,U1119,C127,pause,2026-02-17,Smart TV,4,0,26-35,Male,Bengaluru,Karnataka,VIP,Pune Pun Factory,Show,Comedy,Marathi,30
E15996,U1359,C121,pause,2026-01-08,Smart TV,21,0,36-45,Male,Bengaluru,Karnataka,VIP,The Great Indian Comedy Lab,Show,Comedy,Hindi,35
E15997,U1110,C117,complete,2026-01-14,Smart TV,22,1,26-35,Male,Hyderabad,Telangana,VIP,Ghar Ek Mandir Classic,Show,Drama,Marathi,24
E15998,U1035,C136,complete,2026-01-29,Mobile,114,1,26-35,Male,Delhi,Delhi,Free,Speed Street Heist,Movie,Action,English,120
E15999,U1594,C101,complete,2026-02-24,Mobile,41,1,18-25,Female,Delhi,Delhi,Free,IND vs AUS T20 Cup Highlights,Sports,Sports,Hindi,45
E16000,U1233,C127,complete,2026-02-21,Mobile,27,1,26-35,Female,Hyderabad,Telangana,Free,Pune Pun Factory,Show,Comedy,Marathi,30
E16001,U1114,C118,complete,2026-01-09,Mobile,45,1,26-35,Male,Jaipur,Rajasthan,Free,Kerala Waterfront Mystery,Series,Drama,Malayalam,48
E16002,U1653,C106,pause,2026-01-23,Mobile,21,0,18-25,Female,Mumbai,Maharashtra,Free,WPL T20 Blockbuster Match,Sports,Sports,Hindi,60
E16003,U1157,C150,pause,2026-02-23,Mobile,2,0,26-35,Female,Lucknow,Uttar Pradesh,Free,Super Bheem Galactic Battle,Series,Kids,Telugu,22
E16004,U1123,C114,pause,2026-02-11,Mobile,7,0,18-25,Female,Ahmedabad,Gujarat,VIP,Telugu Royal Heritage,Series,Drama,Telugu,45
E16005,U1012,C108,complete,2026-02-06,Mobile,54,1,18-25,Male,Hyderabad,Telangana,VIP,ISL Football Clash of Titans,Sports,Sports,Bengali,60
E16006,U1498,C128,pause,2026-02-28,Web,31,0,36-45,Male,Lucknow,Uttar Pradesh,VIP,College Boys Chaos,Movie,Comedy,Hindi,115
E16007,U1571,C117,pause,2026-03-01,Mobile,4,0,36-45,Female,Hyderabad,Telangana,Free,Ghar Ek Mandir Classic,Show,Drama,Marathi,24
E16008,U1356,C106,complete,2026-01-24,Mobile,58,1,18-25,Male,Hyderabad,Telangana,VIP,WPL T20 Blockbuster Match,Sports,Sports,Hindi,60
E16009,U1030,C137,complete,2026-02-27,Tablet,58,1,18-25,Male,Chennai,Tamil Nadu,Free,Bigg Boss All-Stars Hindi,Show,Reality,Hindi,60
E16010,U1143,C136,complete,2026-01-24,Web,119,1,46+,Female,Kolkata,West Bengal,Free,Speed Street Heist,Movie,Action,English,120
E16011,U1017,C153,complete,2026-01-05,Smart TV,46,1,36-45,Male,Hyderabad,Telangana,Free,India at 2030: Space Ambitions,Show,News,English,50
E16012,U1022,C143,complete,2026-01-16,Smart TV,41,1,18-25,Female,Bengaluru,Karnataka,Free,Roadies Quest,Show,Reality,Hindi,45
E16013,U1022,C146,pause,2026-01-15,Smart TV,61,0,18-25,Female,Bengaluru,Karnataka,Free,Motu Patlu Space Adventure,Movie,Kids,Hindi,75
E16014,U1502,C102,complete,2026-03-01,Mobile,88,1,18-25,Female,Delhi,Delhi,Free,IPL Mega Auction Live Replay,Sports,Sports,Hindi,90
E16015,U1444,C151,complete,2026-01-20,Smart TV,27,1,46+,Female,Bengaluru,Karnataka,VIP,Daily Headlines 360,News,News,Hindi,30
E16016,U1061,C143,pause,2026-01-16,Mobile,12,0,26-35,Female,Mumbai,Maharashtra,Premium,Roadies Quest,Show,Reality,Hindi,45
E16017,U1429,C108,play,2026-01-31,Mobile,20,0,26-35,Male,Mumbai,Maharashtra,Free,ISL Football Clash of Titans,Sports,Sports,Bengali,60
E16018,U1203,C108,complete,2026-02-14,Mobile,57,1,18-25,Female,Delhi,Delhi,Free,ISL Football Clash of Titans,Sports,Sports,Bengali,60
E16019,U1007,C141,complete,2026-02-01,Mobile,53,1,18-25,Female,Hyderabad,Telangana,Premium,Shark Pitch India S4,Show,Reality,Hindi,55
E16020,U1275,C104,pause,2026-01-24,Mobile,20,0,26-35,Male,Mumbai,Maharashtra,VIP,IND vs ENG Test Day 3 Highlights,Sports,Sports,English,50
E16021,U1003,C142,play,2026-01-24,Mobile,20,0,18-25,Male,Chennai,Tamil Nadu,Free,Master Chef Kitchen Wars,Show,Reality,Hindi,45
E16022,U1655,C116,pause,2026-02-17,Smart TV,101,0,18-25,Other,Kochi,Kerala,Free,Kolkata Love Diary,Movie,Drama,Bengali,125
E16023,U1212,C106,complete,2026-02-08,Mobile,57,1,18-25,Female,Mumbai,Maharashtra,VIP,WPL T20 Blockbuster Match,Sports,Sports,Hindi,60
E16024,U1014,C108,complete,2026-02-08,Mobile,56,1,26-35,Male,Lucknow,Uttar Pradesh,VIP,ISL Football Clash of Titans,Sports,Sports,Bengali,60
E16025,U1396,C150,pause,2026-02-01,Mobile,11,0,18-25,Male,Delhi,Delhi,VIP,Super Bheem Galactic Battle,Series,Kids,Telugu,22
E16026,U1581,C102,complete,2026-02-07,Tablet,89,1,46+,Male,Ahmedabad,Gujarat,VIP,IPL Mega Auction Live Replay,Sports,Sports,Hindi,90
E16027,U1696,C117,pause,2026-01-26,Web,7,0,26-35,Female,Delhi,Delhi,Free,Ghar Ek Mandir Classic,Show,Drama,Marathi,24
E16028,U1061,C117,complete,2026-02-02,Mobile,23,1,26-35,Female,Mumbai,Maharashtra,Premium,Ghar Ek Mandir Classic,Show,Drama,Marathi,24
E16029,U1471,C112,pause,2026-02-26,Mobile,14,0,46+,Male,Lucknow,Uttar Pradesh,VIP,City of Dreams: The Succession,Series,Drama,Hindi,50
E16030,U1563,C133,pause,2026-01-10,Web,26,0,46+,Female,Delhi,Delhi,Premium,Rudra: The Edge of Darkness,Series,Action,Hindi,48
E16031,U1672,C110,play,2026-02-23,Tablet,10,0,26-35,Male,Delhi,Delhi,VIP,Anupama: New Beginnings,Show,Drama,Hindi,25
E16032,U1157,C140,complete,2026-01-19,Mobile,46,1,26-35,Female,Lucknow,Uttar Pradesh,Free,Dance India Dance Championship,Show,Reality,Hindi,50
E16033,U1059,C112,pause,2026-02-13,Mobile,25,0,18-25,Male,Bengaluru,Karnataka,VIP,City of Dreams: The Succession,Series,Drama,Hindi,50
E16034,U1679,C150,complete,2026-01-19,Web,19,1,46+,Female,Lucknow,Uttar Pradesh,VIP,Super Bheem Galactic Battle,Series,Kids,Telugu,22
E16035,U1277,C116,pause,2026-02-09,Mobile,12,0,18-25,Female,Bengaluru,Karnataka,VIP,Kolkata Love Diary,Movie,Drama,Bengali,125
E16036,U1676,C157,complete,2026-01-21,Smart TV,37,1,18-25,Male,Mumbai,Maharashtra,VIP,Startup Founders Blueprint,Show,News,English,40
E16037,U1323,C149,complete,2026-01-17,Mobile,18,1,18-25,Female,Delhi,Delhi,Premium,Shinchan Laugh Club,Series,Kids,Tamil,20
E16038,U1141,C132,pause,2026-01-11,Mobile,3,0,36-45,Male,Bengaluru,Karnataka,Free,Commando Force Mumbai,Series,Action,Hindi,42
E16039,U1188,C103,complete,2026-01-20,Mobile,56,1,26-35,Female,Hyderabad,Telangana,Premium,Premier League Weekly Showdown,Sports,Sports,English,60
E16040,U1337,C106,complete,2026-02-01,Mobile,55,1,46+,Male,Delhi,Delhi,VIP,WPL T20 Blockbuster Match,Sports,Sports,Hindi,60
E16041,U1037,C119,play,2026-01-13,Mobile,13,0,18-25,Female,Ahmedabad,Gujarat,Free,The Crown Dynasty Legacy,Series,Drama,English,55
E16042,U1504,C103,complete,2026-01-12,Mobile,56,1,36-45,Male,Delhi,Delhi,VIP,Premier League Weekly Showdown,Sports,Sports,English,60
E16043,U1415,C148,pause,2026-01-03,Mobile,6,0,26-35,Female,Mumbai,Maharashtra,Free,Doraemon Magic Gadgets,Series,Kids,Hindi,20
E16044,U1064,C110,pause,2026-02-05,Tablet,8,0,26-35,Female,Ahmedabad,Gujarat,Free,Anupama: New Beginnings,Show,Drama,Hindi,25
E16045,U1114,C105,complete,2026-02-09,Mobile,68,1,26-35,Male,Jaipur,Rajasthan,Free,Pro Kabaddi League Finals,Sports,Sports,Tamil,70
E16046,U1562,C131,complete,2026-02-18,Web,158,1,26-35,Male,Kochi,Kerala,Free,Devara Storm Rising,Movie,Action,Telugu,160
E16047,U1672,C127,complete,2026-01-23,Web,28,1,26-35,Male,Delhi,Delhi,VIP,Pune Pun Factory,Show,Comedy,Marathi,30
E16048,U1331,C104,pause,2026-01-18,Web,32,0,26-35,Female,Mumbai,Maharashtra,VIP,IND vs ENG Test Day 3 Highlights,Sports,Sports,English,50
E16049,U1551,C143,complete,2026-02-22,Tablet,42,1,18-25,Male,Hyderabad,Telangana,VIP,Roadies Quest,Show,Reality,Hindi,45
E16050,U1271,C107,pause,2026-02-13,Web,25,0,36-45,Male,Kochi,Kerala,VIP,Champions Trophy Pre-Show,Sports,Sports,Telugu,40
E16051,U1051,C144,complete,2026-02-23,Web,44,1,26-35,Female,Chennai,Tamil Nadu,Free,Koffee Spotlight Lounge,Show,Reality,English,45
E16052,U1723,C129,pause,2026-02-26,Mobile,13,0,26-35,Female,Lucknow,Uttar Pradesh,Premium,Tiger Underground Strike,Movie,Action,Hindi,155
E16053,U1117,C119,play,2026-01-07,Mobile,21,0,18-25,Male,Delhi,Delhi,Premium,The Crown Dynasty Legacy,Series,Drama,English,55
E16054,U1178,C126,complete,2026-01-01,Web,28,1,26-35,Female,Chennai,Tamil Nadu,VIP,Telugu Comedy Superstars,Show,Comedy,Telugu,30
E16055,U1175,C151,pause,2026-02-06,Smart TV,20,0,18-25,Female,Bengaluru,Karnataka,Premium,Daily Headlines 360,News,News,Hindi,30
E16056,U1079,C139,pause,2026-02-19,Mobile,28,0,46+,Male,Kochi,Kerala,Free,Bigg Boss Telugu Live,Show,Reality,Telugu,60
E16057,U1264,C126,pause,2026-02-25,Mobile,17,0,26-35,Male,Mumbai,Maharashtra,Free,Telugu Comedy Superstars,Show,Comedy,Telugu,30
E16058,U1254,C101,complete,2026-02-12,Mobile,40,1,18-25,Male,Lucknow,Uttar Pradesh,VIP,IND vs AUS T20 Cup Highlights,Sports,Sports,Hindi,45
E16059,U1412,C142,pause,2026-01-28,Mobile,10,0,18-25,Male,Mumbai,Maharashtra,Premium,Master Chef Kitchen Wars,Show,Reality,Hindi,45
E16060,U1482,C121,complete,2026-01-05,Mobile,33,1,18-25,Male,Mumbai,Maharashtra,Free,The Great Indian Comedy Lab,Show,Comedy,Hindi,35
E16061,U1442,C133,complete,2026-02-26,Smart TV,47,1,18-25,Male,Mumbai,Maharashtra,VIP,Rudra: The Edge of Darkness,Series,Action,Hindi,48
E16062,U1067,C121,play,2026-01-20,Smart TV,11,0,18-25,Female,Jaipur,Rajasthan,VIP,The Great Indian Comedy Lab,Show,Comedy,Hindi,35
E16063,U1263,C137,play,2026-02-26,Mobile,33,0,26-35,Male,Delhi,Delhi,Free,Bigg Boss All-Stars Hindi,Show,Reality,Hindi,60
E16064,U1229,C124,complete,2026-01-20,Smart TV,62,1,18-25,Female,Mumbai,Maharashtra,Free,Standup Special: Bangalore Humor,Show,Comedy,English,65
E16065,U1174,C140,complete,2026-01-27,Web,49,1,18-25,Female,Bengaluru,Karnataka,VIP,Dance India Dance Championship,Show,Reality,Hindi,50
E16066,U1376,C131,complete,2026-01-25,Smart TV,146,1,26-35,Male,Jaipur,Rajasthan,Free,Devara Storm Rising,Movie,Action,Telugu,160
E16067,U1122,C118,pause,2026-01-15,Mobile,7,0,46+,Male,Hyderabad,Telangana,Premium,Kerala Waterfront Mystery,Series,Drama,Malayalam,48
E16068,U1373,C102,play,2026-01-03,Smart TV,15,0,18-25,Female,Bengaluru,Karnataka,VIP,IPL Mega Auction Live Replay,Sports,Sports,Hindi,90
E16069,U1241,C118,play,2026-01-05,Mobile,6,0,18-25,Male,Delhi,Delhi,Premium,Kerala Waterfront Mystery,Series,Drama,Malayalam,48
E16070,U1523,C113,play,2026-01-10,Mobile,47,0,26-35,Female,Delhi,Delhi,Free,Kaithi Revenge Chronicles,Movie,Drama,Tamil,140
E16071,U1711,C140,pause,2026-02-17,Mobile,17,0,18-25,Male,Bengaluru,Karnataka,VIP,Dance India Dance Championship,Show,Reality,Hindi,50
E16072,U1329,C150,pause,2026-01-01,Web,9,0,26-35,Female,Mumbai,Maharashtra,Free,Super Bheem Galactic Battle,Series,Kids,Telugu,22
E16073,U1111,C111,complete,2026-01-17,Web,20,1,18-25,Male,Mumbai,Maharashtra,VIP,Yeh Rishta: Family Bonds,Show,Drama,Hindi,22
E16074,U1554,C108,complete,2026-01-05,Mobile,55,1,26-35,Female,Jaipur,Rajasthan,Free,ISL Football Clash of Titans,Sports,Sports,Bengali,60
E16075,U1400,C110,complete,2026-01-31,Mobile,24,1,18-25,Female,Lucknow,Uttar Pradesh,Free,Anupama: New Beginnings,Show,Drama,Hindi,25
E16076,U1545,C141,complete,2026-01-07,Smart TV,50,1,26-35,Other,Pune,Maharashtra,Free,Shark Pitch India S4,Show,Reality,Hindi,55
E16077,U1561,C112,pause,2026-01-30,Mobile,4,0,26-35,Female,Mumbai,Maharashtra,Premium,City of Dreams: The Succession,Series,Drama,Hindi,50
E16078,U1409,C145,pause,2026-01-21,Smart TV,29,0,18-25,Male,Bengaluru,Karnataka,Free,Chhota Bheem Himalayan Tour,Movie,Kids,Hindi,85
E16079,U1699,C141,complete,2026-01-13,Mobile,54,1,18-25,Female,Bengaluru,Karnataka,VIP,Shark Pitch India S4,Show,Reality,Hindi,55
E16080,U1040,C104,pause,2026-01-15,Mobile,18,0,18-25,Female,Bengaluru,Karnataka,Free,IND vs ENG Test Day 3 Highlights,Sports,Sports,English,50
E16081,U1360,C138,pause,2026-01-15,Mobile,20,0,26-35,Male,Delhi,Delhi,VIP,Bigg Boss Tamil Season 8,Show,Reality,Tamil,60
E16082,U1418,C102,play,2026-02-26,Mobile,28,0,18-25,Female,Bengaluru,Karnataka,VIP,IPL Mega Auction Live Replay,Sports,Sports,Hindi,90
E16083,U1068,C116,play,2026-02-20,Mobile,70,0,18-25,Female,Bengaluru,Karnataka,Free,Kolkata Love Diary,Movie,Drama,Bengali,125
E16084,U1707,C146,play,2026-01-19,Mobile,34,0,26-35,Male,Bengaluru,Karnataka,Free,Motu Patlu Space Adventure,Movie,Kids,Hindi,75
E16085,U1211,C118,complete,2026-01-28,Smart TV,46,1,26-35,Female,Bengaluru,Karnataka,Premium,Kerala Waterfront Mystery,Series,Drama,Malayalam,48
E16086,U1041,C108,complete,2026-02-04,Smart TV,59,1,26-35,Female,Patna,Bihar,Free,ISL Football Clash of Titans,Sports,Sports,Bengali,60
E16087,U1347,C139,complete,2026-01-13,Mobile,55,1,26-35,Female,Ahmedabad,Gujarat,Free,Bigg Boss Telugu Live,Show,Reality,Telugu,60
E16088,U1527,C125,pause,2026-01-13,Mobile,18,0,36-45,Female,Pune,Maharashtra,VIP,Chennai Roast Arena,Show,Comedy,Tamil,40
E16089,U1394,C160,complete,2026-02-19,Mobile,27,1,46+,Female,Kochi,Kerala,Premium,Maharashtra Maha News,News,News,Marathi,30
E16090,U1676,C125,complete,2026-01-06,Smart TV,36,1,18-25,Male,Mumbai,Maharashtra,VIP,Chennai Roast Arena,Show,Comedy,Tamil,40
E16091,U1302,C123,complete,2026-02-05,Mobile,23,1,18-25,Male,Mumbai,Maharashtra,Free,Sarabhai Classic Revival,Series,Comedy,Hindi,25
E16092,U1528,C118,complete,2026-02-16,Web,44,1,18-25,Male,Delhi,Delhi,Premium,Kerala Waterfront Mystery,Series,Drama,Malayalam,48
E16093,U1361,C105,play,2026-01-07,Smart TV,49,0,36-45,Male,Patna,Bihar,Free,Pro Kabaddi League Finals,Sports,Sports,Tamil,70
E16094,U1426,C116,play,2026-02-04,Web,25,0,26-35,Female,Kolkata,West Bengal,Free,Kolkata Love Diary,Movie,Drama,Bengali,125
E16095,U1178,C150,complete,2026-01-04,Mobile,19,1,26-35,Female,Chennai,Tamil Nadu,VIP,Super Bheem Galactic Battle,Series,Kids,Telugu,22
E16096,U1496,C110,pause,2026-01-26,Mobile,7,0,26-35,Female,Mumbai,Maharashtra,Free,Anupama: New Beginnings,Show,Drama,Hindi,25
E16097,U1010,C124,pause,2026-02-14,Mobile,20,0,18-25,Female,Pune,Maharashtra,Premium,Standup Special: Bangalore Humor,Show,Comedy,English,65
E16098,U1523,C126,complete,2026-02-07,Mobile,27,1,26-35,Female,Delhi,Delhi,Free,Telugu Comedy Superstars,Show,Comedy,Telugu,30
E16099,U1058,C122,pause,2026-02-10,Mobile,9,0,18-25,Male,Lucknow,Uttar Pradesh,Premium,Taarak Laugh Fest Episodes,Show,Comedy,Hindi,22
E16100,U1153,C133,play,2026-01-04,Mobile,9,0,18-25,Male,Delhi,Delhi,Premium,Rudra: The Edge of Darkness,Series,Action,Hindi,48
E16101,U1589,C146,pause,2026-02-03,Tablet,45,0,18-25,Male,Lucknow,Uttar Pradesh,Free,Motu Patlu Space Adventure,Movie,Kids,Hindi,75
E16102,U1064,C119,play,2026-02-07,Mobile,11,0,26-35,Female,Ahmedabad,Gujarat,Free,The Crown Dynasty Legacy,Series,Drama,English,55
E16103,U1391,C106,pause,2026-01-20,Web,6,0,46+,Other,Pune,Maharashtra,VIP,WPL T20 Blockbuster Match,Sports,Sports,Hindi,60
E16104,U1615,C118,complete,2026-02-26,Web,45,1,18-25,Female,Kolkata,West Bengal,VIP,Kerala Waterfront Mystery,Series,Drama,Malayalam,48
E16105,U1511,C140,complete,2026-02-14,Smart TV,45,1,26-35,Male,Kochi,Kerala,VIP,Dance India Dance Championship,Show,Reality,Hindi,50
E16106,U1295,C127,pause,2026-01-06,Mobile,8,0,18-25,Male,Bengaluru,Karnataka,VIP,Pune Pun Factory,Show,Comedy,Marathi,30
E16107,U1203,C158,pause,2026-01-29,Web,20,0,18-25,Female,Delhi,Delhi,Free,State Express News Tamil,News,News,Tamil,30
E16108,U1068,C158,complete,2026-02-18,Web,28,1,18-25,Female,Bengaluru,Karnataka,Free,State Express News Tamil,News,News,Tamil,30
E16109,U1318,C112,pause,2026-01-29,Mobile,13,0,26-35,Female,Mumbai,Maharashtra,Free,City of Dreams: The Succession,Series,Drama,Hindi,50
E16110,U1414,C157,complete,2026-02-21,Mobile,39,1,18-25,Male,Hyderabad,Telangana,VIP,Startup Founders Blueprint,Show,News,English,40
E16111,U1603,C141,play,2026-01-13,Mobile,23,0,46+,Male,Bengaluru,Karnataka,Free,Shark Pitch India S4,Show,Reality,Hindi,55
E16112,U1463,C133,complete,2026-02-05,Mobile,44,1,26-35,Female,Bengaluru,Karnataka,Free,Rudra: The Edge of Darkness,Series,Action,Hindi,48
E16113,U1432,C129,play,2026-02-07,Mobile,34,0,36-45,Male,Ahmedabad,Gujarat,Free,Tiger Underground Strike,Movie,Action,Hindi,155
E16114,U1418,C133,complete,2026-01-16,Tablet,47,1,18-25,Female,Bengaluru,Karnataka,VIP,Rudra: The Edge of Darkness,Series,Action,Hindi,48
E16115,U1512,C122,complete,2026-02-27,Web,21,1,26-35,Female,Mumbai,Maharashtra,VIP,Taarak Laugh Fest Episodes,Show,Comedy,Hindi,22
E16116,U1650,C111,pause,2026-02-03,Mobile,7,0,26-35,Male,Delhi,Delhi,Premium,Yeh Rishta: Family Bonds,Show,Drama,Hindi,22
E16117,U1276,C105,pause,2026-02-04,Smart TV,34,0,18-25,Female,Mumbai,Maharashtra,Premium,Pro Kabaddi League Finals,Sports,Sports,Tamil,70
E16118,U1726,C150,pause,2026-02-26,Mobile,6,0,36-45,Male,Ahmedabad,Gujarat,VIP,Super Bheem Galactic Battle,Series,Kids,Telugu,22
E16119,U1430,C106,pause,2026-01-18,Smart TV,23,0,46+,Female,Bengaluru,Karnataka,Premium,WPL T20 Blockbuster Match,Sports,Sports,Hindi,60
E16120,U1192,C101,pause,2026-01-08,Mobile,14,0,18-25,Male,Mumbai,Maharashtra,Free,IND vs AUS T20 Cup Highlights,Sports,Sports,Hindi,45
E16121,U1742,C142,complete,2026-02-05,Mobile,44,1,18-25,Male,Mumbai,Maharashtra,VIP,Master Chef Kitchen Wars,Show,Reality,Hindi,45
E16122,U1416,C103,complete,2026-01-15,Mobile,54,1,18-25,Female,Lucknow,Uttar Pradesh,Premium,Premier League Weekly Showdown,Sports,Sports,English,60
E16123,U1333,C118,play,2026-02-02,Smart TV,5,0,36-45,Female,Bengaluru,Karnataka,Free,Kerala Waterfront Mystery,Series,Drama,Malayalam,48
E16124,U1744,C138,complete,2026-02-10,Mobile,55,1,26-35,Male,Mumbai,Maharashtra,Premium,Bigg Boss Tamil Season 8,Show,Reality,Tamil,60
E16125,U1108,C131,pause,2026-01-21,Web,63,0,18-25,Female,Ahmedabad,Gujarat,VIP,Devara Storm Rising,Movie,Action,Telugu,160
E16126,U1647,C101,pause,2026-02-28,Mobile,17,0,26-35,Female,Ahmedabad,Gujarat,Free,IND vs AUS T20 Cup Highlights,Sports,Sports,Hindi,45
E16127,U1736,C144,play,2026-02-13,Web,9,0,26-35,Female,Delhi,Delhi,VIP,Koffee Spotlight Lounge,Show,Reality,English,45
E16128,U1051,C105,complete,2026-01-24,Mobile,66,1,26-35,Female,Chennai,Tamil Nadu,Free,Pro Kabaddi League Finals,Sports,Sports,Tamil,70
E16129,U1445,C107,complete,2026-01-24,Web,39,1,46+,Female,Pune,Maharashtra,Free,Champions Trophy Pre-Show,Sports,Sports,Telugu,40
E16130,U1340,C116,pause,2026-01-05,Mobile,22,0,18-25,Male,Kolkata,West Bengal,Premium,Kolkata Love Diary,Movie,Drama,Bengali,125
E16131,U1726,C136,play,2026-01-26,Smart TV,80,0,36-45,Male,Ahmedabad,Gujarat,VIP,Speed Street Heist,Movie,Action,English,120
E16132,U1038,C146,complete,2026-02-10,Tablet,71,1,18-25,Male,Chennai,Tamil Nadu,VIP,Motu Patlu Space Adventure,Movie,Kids,Hindi,75
E16133,U1579,C143,pause,2026-01-28,Mobile,3,0,36-45,Female,Delhi,Delhi,Free,Roadies Quest,Show,Reality,Hindi,45
E16134,U1698,C142,pause,2026-01-22,Mobile,18,0,36-45,Female,Ahmedabad,Gujarat,VIP,Master Chef Kitchen Wars,Show,Reality,Hindi,45
E16135,U1134,C103,complete,2026-01-19,Mobile,58,1,26-35,Female,Delhi,Delhi,VIP,Premier League Weekly Showdown,Sports,Sports,English,60
E16136,U1216,C116,pause,2026-01-14,Smart TV,22,0,36-45,Female,Delhi,Delhi,Free,Kolkata Love Diary,Movie,Drama,Bengali,125
E16137,U1159,C136,complete,2026-01-29,Web,115,1,26-35,Female,Jaipur,Rajasthan,VIP,Speed Street Heist,Movie,Action,English,120
E16138,U1244,C114,complete,2026-01-25,Smart TV,44,1,26-35,Female,Bengaluru,Karnataka,Premium,Telugu Royal Heritage,Series,Drama,Telugu,45
E16139,U1425,C111,complete,2026-01-16,Tablet,20,1,18-25,Male,Bengaluru,Karnataka,VIP,Yeh Rishta: Family Bonds,Show,Drama,Hindi,22
E16140,U1660,C127,complete,2026-01-28,Web,29,1,18-25,Male,Mumbai,Maharashtra,Free,Pune Pun Factory,Show,Comedy,Marathi,30
E16141,U1445,C116,play,2026-02-13,Mobile,63,0,46+,Female,Pune,Maharashtra,Free,Kolkata Love Diary,Movie,Drama,Bengali,125
E16142,U1076,C121,pause,2026-01-02,Mobile,7,0,18-25,Female,Jaipur,Rajasthan,Free,The Great Indian Comedy Lab,Show,Comedy,Hindi,35
E16143,U1133,C158,pause,2026-02-21,Web,7,0,18-25,Male,Lucknow,Uttar Pradesh,Free,State Express News Tamil,News,News,Tamil,30
E16144,U1563,C105,complete,2026-01-04,Smart TV,66,1,46+,Female,Delhi,Delhi,Premium,Pro Kabaddi League Finals,Sports,Sports,Tamil,70
E16145,U1654,C106,pause,2026-02-14,Smart TV,45,0,18-25,Male,Mumbai,Maharashtra,VIP,WPL T20 Blockbuster Match,Sports,Sports,Hindi,60
E16146,U1215,C108,pause,2026-02-24,Web,8,0,46+,Male,Hyderabad,Telangana,VIP,ISL Football Clash of Titans,Sports,Sports,Bengali,60
E16147,U1544,C114,pause,2026-01-12,Mobile,4,0,36-45,Male,Delhi,Delhi,Premium,Telugu Royal Heritage,Series,Drama,Telugu,45
E16148,U1256,C117,play,2026-01-04,Web,9,0,26-35,Male,Hyderabad,Telangana,Free,Ghar Ek Mandir Classic,Show,Drama,Marathi,24
E16149,U1289,C108,pause,2026-02-14,Mobile,20,0,46+,Female,Mumbai,Maharashtra,VIP,ISL Football Clash of Titans,Sports,Sports,Bengali,60
E16150,U1049,C135,pause,2026-02-01,Mobile,31,0,26-35,Female,Mumbai,Maharashtra,Free,Fighter Wing Alpha,Movie,Action,Hindi,145
E16151,U1345,C153,play,2026-02-11,Tablet,31,0,26-35,Male,Pune,Maharashtra,VIP,India at 2030: Space Ambitions,Show,News,English,50
E16152,U1140,C105,complete,2026-01-31,Tablet,67,1,18-25,Female,Pune,Maharashtra,VIP,Pro Kabaddi League Finals,Sports,Sports,Tamil,70
E16153,U1149,C103,complete,2026-02-07,Mobile,58,1,46+,Male,Hyderabad,Telangana,Free,Premier League Weekly Showdown,Sports,Sports,English,60
E16154,U1738,C141,play,2026-03-01,Mobile,13,0,36-45,Male,Delhi,Delhi,VIP,Shark Pitch India S4,Show,Reality,Hindi,55
E16155,U1112,C137,complete,2026-02-05,Web,55,1,46+,Female,Hyderabad,Telangana,Free,Bigg Boss All-Stars Hindi,Show,Reality,Hindi,60
E16156,U1697,C126,pause,2026-01-08,Mobile,8,0,18-25,Male,Lucknow,Uttar Pradesh,Free,Telugu Comedy Superstars,Show,Comedy,Telugu,30
E16157,U1166,C117,play,2026-02-08,Mobile,8,0,36-45,Male,Mumbai,Maharashtra,Free,Ghar Ek Mandir Classic,Show,Drama,Marathi,24
E16158,U1743,C117,pause,2026-02-06,Web,8,0,18-25,Female,Delhi,Delhi,VIP,Ghar Ek Mandir Classic,Show,Drama,Marathi,24
E16159,U1686,C158,pause,2026-02-17,Mobile,5,0,26-35,Female,Chennai,Tamil Nadu,Premium,State Express News Tamil,News,News,Tamil,30
E16160,U1553,C132,pause,2026-01-18,Smart TV,29,0,18-25,Male,Hyderabad,Telangana,VIP,Commando Force Mumbai,Series,Action,Hindi,42
E16161,U1127,C102,complete,2026-01-10,Mobile,84,1,26-35,Male,Kolkata,West Bengal,Premium,IPL Mega Auction Live Replay,Sports,Sports,Hindi,90
E16162,U1365,C118,complete,2026-02-11,Mobile,45,1,18-25,Female,Delhi,Delhi,VIP,Kerala Waterfront Mystery,Series,Drama,Malayalam,48
E16163,U1112,C122,play,2026-01-16,Web,14,0,46+,Female,Hyderabad,Telangana,Free,Taarak Laugh Fest Episodes,Show,Comedy,Hindi,22
E16164,U1463,C150,complete,2026-01-11,Mobile,20,1,26-35,Female,Bengaluru,Karnataka,Free,Super Bheem Galactic Battle,Series,Kids,Telugu,22
E16165,U1738,C151,complete,2026-02-08,Mobile,28,1,36-45,Male,Delhi,Delhi,VIP,Daily Headlines 360,News,News,Hindi,30
E16166,U1462,C105,pause,2026-01-31,Web,33,0,18-25,Female,Kochi,Kerala,VIP,Pro Kabaddi League Finals,Sports,Sports,Tamil,70
E16167,U1349,C146,complete,2026-02-11,Mobile,68,1,36-45,Female,Hyderabad,Telangana,VIP,Motu Patlu Space Adventure,Movie,Kids,Hindi,75
E16168,U1512,C108,pause,2026-01-29,Web,40,0,26-35,Female,Mumbai,Maharashtra,VIP,ISL Football Clash of Titans,Sports,Sports,Bengali,60
E16169,U1632,C150,play,2026-02-21,Tablet,13,0,18-25,Male,Chennai,Tamil Nadu,Free,Super Bheem Galactic Battle,Series,Kids,Telugu,22
E16170,U1298,C110,complete,2026-02-03,Smart TV,23,1,18-25,Female,Chennai,Tamil Nadu,Free,Anupama: New Beginnings,Show,Drama,Hindi,25
E16171,U1303,C118,pause,2026-01-26,Smart TV,35,0,18-25,Male,Lucknow,Uttar Pradesh,Free,Kerala Waterfront Mystery,Series,Drama,Malayalam,48
E16172,U1678,C141,complete,2026-01-08,Smart TV,53,1,26-35,Female,Ahmedabad,Gujarat,Premium,Shark Pitch India S4,Show,Reality,Hindi,55
E16173,U1169,C151,play,2026-02-09,Mobile,4,0,36-45,Female,Kolkata,West Bengal,Free,Daily Headlines 360,News,News,Hindi,30
E16174,U1391,C113,complete,2026-02-22,Smart TV,131,1,46+,Other,Pune,Maharashtra,VIP,Kaithi Revenge Chronicles,Movie,Drama,Tamil,140
E16175,U1203,C123,complete,2026-01-18,Mobile,23,1,18-25,Female,Delhi,Delhi,Free,Sarabhai Classic Revival,Series,Comedy,Hindi,25
E16176,U1722,C141,pause,2026-01-09,Web,26,0,36-45,Male,Mumbai,Maharashtra,Free,Shark Pitch India S4,Show,Reality,Hindi,55
E16177,U1069,C121,play,2026-02-14,Mobile,14,0,36-45,Female,Ahmedabad,Gujarat,Premium,The Great Indian Comedy Lab,Show,Comedy,Hindi,35
E16178,U1119,C126,complete,2026-02-04,Mobile,28,1,26-35,Male,Bengaluru,Karnataka,VIP,Telugu Comedy Superstars,Show,Comedy,Telugu,30
E16179,U1006,C101,complete,2026-01-16,Smart TV,40,1,18-25,Male,Pune,Maharashtra,Free,IND vs AUS T20 Cup Highlights,Sports,Sports,Hindi,45
E16180,U1647,C114,pause,2026-02-08,Mobile,15,0,26-35,Female,Ahmedabad,Gujarat,Free,Telugu Royal Heritage,Series,Drama,Telugu,45
E16181,U1023,C150,play,2026-01-21,Smart TV,5,0,36-45,Male,Kolkata,West Bengal,VIP,Super Bheem Galactic Battle,Series,Kids,Telugu,22
E16182,U1091,C112,pause,2026-01-30,Web,8,0,26-35,Female,Delhi,Delhi,Premium,City of Dreams: The Succession,Series,Drama,Hindi,50
E16183,U1242,C136,complete,2026-01-27,Smart TV,113,1,46+,Male,Ahmedabad,Gujarat,Free,Speed Street Heist,Movie,Action,English,120
E16184,U1729,C104,complete,2026-02-16,Web,49,1,18-25,Other,Jaipur,Rajasthan,Premium,IND vs ENG Test Day 3 Highlights,Sports,Sports,English,50
E16185,U1714,C129,play,2026-01-28,Web,34,0,18-25,Male,Patna,Bihar,VIP,Tiger Underground Strike,Movie,Action,Hindi,155
E16186,U1702,C131,complete,2026-01-17,Web,152,1,18-25,Female,Chennai,Tamil Nadu,VIP,Devara Storm Rising,Movie,Action,Telugu,160
E16187,U1600,C120,complete,2026-02-15,Tablet,44,1,46+,Female,Bengaluru,Karnataka,Free,Succession Politics India,Series,Drama,Hindi,45
E16188,U1507,C107,pause,2026-02-16,Smart TV,25,0,26-35,Male,Kolkata,West Bengal,Premium,Champions Trophy Pre-Show,Sports,Sports,Telugu,40
E16189,U1312,C103,play,2026-02-26,Mobile,6,0,26-35,Female,Chennai,Tamil Nadu,VIP,Premier League Weekly Showdown,Sports,Sports,English,60
E16190,U1744,C145,complete,2026-01-09,Smart TV,79,1,26-35,Male,Mumbai,Maharashtra,Premium,Chhota Bheem Himalayan Tour,Movie,Kids,Hindi,85
E16191,U1146,C132,pause,2026-02-17,Mobile,22,0,18-25,Female,Mumbai,Maharashtra,Free,Commando Force Mumbai,Series,Action,Hindi,42
E16192,U1040,C142,complete,2026-01-18,Web,43,1,18-25,Female,Bengaluru,Karnataka,Free,Master Chef Kitchen Wars,Show,Reality,Hindi,45
E16193,U1560,C118,complete,2026-01-04,Smart TV,44,1,26-35,Male,Kolkata,West Bengal,Free,Kerala Waterfront Mystery,Series,Drama,Malayalam,48
E16194,U1049,C130,play,2026-02-27,Web,31,0,26-35,Female,Mumbai,Maharashtra,Free,Vikram: Shadow Commander,Movie,Action,Tamil,165
E16195,U1455,C146,pause,2026-02-22,Smart TV,62,0,26-35,Male,Delhi,Delhi,Free,Motu Patlu Space Adventure,Movie,Kids,Hindi,75
E16196,U1485,C142,pause,2026-02-04,Mobile,21,0,18-25,Male,Ahmedabad,Gujarat,Free,Master Chef Kitchen Wars,Show,Reality,Hindi,45
E16197,U1507,C119,complete,2026-02-02,Smart TV,53,1,26-35,Male,Kolkata,West Bengal,Premium,The Crown Dynasty Legacy,Series,Drama,English,55
E16198,U1055,C139,play,2026-02-20,Smart TV,19,0,18-25,Female,Delhi,Delhi,Free,Bigg Boss Telugu Live,Show,Reality,Telugu,60
E16199,U1248,C103,complete,2026-02-13,Smart TV,54,1,18-25,Male,Bengaluru,Karnataka,VIP,Premier League Weekly Showdown,Sports,Sports,English,60
E16200,U1199,C104,complete,2026-02-26,Web,46,1,36-45,Male,Bengaluru,Karnataka,Free,IND vs ENG Test Day 3 Highlights,Sports,Sports,English,50
E16201,U1407,C156,complete,2026-03-01,Smart TV,42,1,46+,Male,Patna,Bihar,VIP,Cricket Icons: The Untold Story,Show,News,Hindi,45
E16202,U1234,C111,complete,2026-02-09,Smart TV,19,1,46+,Male,Bengaluru,Karnataka,Free,Yeh Rishta: Family Bonds,Show,Drama,Hindi,22
E16203,U1015,C132,complete,2026-02-16,Mobile,41,1,26-35,Female,Pune,Maharashtra,Free,Commando Force Mumbai,Series,Action,Hindi,42
E16204,U1264,C130,play,2026-01-15,Mobile,39,0,26-35,Male,Mumbai,Maharashtra,Free,Vikram: Shadow Commander,Movie,Action,Tamil,165
E16205,U1080,C126,complete,2026-02-20,Mobile,29,1,18-25,Female,Bengaluru,Karnataka,VIP,Telugu Comedy Superstars,Show,Comedy,Telugu,30
E16206,U1178,C146,complete,2026-01-17,Smart TV,72,1,26-35,Female,Chennai,Tamil Nadu,VIP,Motu Patlu Space Adventure,Movie,Kids,Hindi,75
E16207,U1512,C103,pause,2026-02-06,Tablet,34,0,26-35,Female,Mumbai,Maharashtra,VIP,Premier League Weekly Showdown,Sports,Sports,English,60
E16208,U1270,C149,play,2026-01-22,Tablet,5,0,18-25,Male,Delhi,Delhi,VIP,Shinchan Laugh Club,Series,Kids,Tamil,20
E16209,U1522,C129,complete,2026-02-16,Web,143,1,26-35,Female,Mumbai,Maharashtra,Premium,Tiger Underground Strike,Movie,Action,Hindi,155
E16210,U1579,C108,pause,2026-02-27,Mobile,31,0,36-45,Female,Delhi,Delhi,Free,ISL Football Clash of Titans,Sports,Sports,Bengali,60
E16211,U1247,C116,play,2026-01-25,Smart TV,100,0,18-25,Male,Ahmedabad,Gujarat,Free,Kolkata Love Diary,Movie,Drama,Bengali,125
E16212,U1620,C146,pause,2026-03-01,Mobile,20,0,26-35,Female,Delhi,Delhi,Premium,Motu Patlu Space Adventure,Movie,Kids,Hindi,75
E16213,U1338,C136,pause,2026-02-19,Web,53,0,26-35,Male,Delhi,Delhi,Free,Speed Street Heist,Movie,Action,English,120
E16214,U1213,C103,complete,2026-02-02,Smart TV,59,1,18-25,Female,Delhi,Delhi,Free,Premier League Weekly Showdown,Sports,Sports,English,60
E16215,U1386,C139,play,2026-02-24,Mobile,10,0,46+,Female,Kolkata,West Bengal,Free,Bigg Boss Telugu Live,Show,Reality,Telugu,60
E16216,U1011,C143,complete,2026-02-02,Mobile,44,1,18-25,Male,Delhi,Delhi,VIP,Roadies Quest,Show,Reality,Hindi,45
E16217,U1169,C120,pause,2026-01-28,Mobile,5,0,36-45,Female,Kolkata,West Bengal,Free,Succession Politics India,Series,Drama,Hindi,45
E16218,U1615,C132,pause,2026-02-20,Smart TV,20,0,18-25,Female,Kolkata,West Bengal,VIP,Commando Force Mumbai,Series,Action,Hindi,42
E16219,U1480,C138,pause,2026-02-12,Web,17,0,36-45,Female,Mumbai,Maharashtra,Premium,Bigg Boss Tamil Season 8,Show,Reality,Tamil,60
E16220,U1236,C139,complete,2026-01-11,Smart TV,55,1,26-35,Male,Delhi,Delhi,VIP,Bigg Boss Telugu Live,Show,Reality,Telugu,60
E16221,U1340,C151,complete,2026-01-29,Web,28,1,18-25,Male,Kolkata,West Bengal,Premium,Daily Headlines 360,News,News,Hindi,30
E16222,U1621,C102,pause,2026-01-22,Smart TV,54,0,18-25,Male,Bengaluru,Karnataka,VIP,IPL Mega Auction Live Replay,Sports,Sports,Hindi,90
E16223,U1671,C134,complete,2026-02-07,Mobile,127,1,18-25,Male,Delhi,Delhi,VIP,Night Hunter Squad,Movie,Action,English,130
E16224,U1683,C145,complete,2026-01-26,Tablet,76,1,36-45,Male,Bengaluru,Karnataka,Premium,Chhota Bheem Himalayan Tour,Movie,Kids,Hindi,85
E16225,U1623,C149,pause,2026-01-10,Mobile,3,0,26-35,Female,Delhi,Delhi,VIP,Shinchan Laugh Club,Series,Kids,Tamil,20
E16226,U1222,C141,pause,2026-02-10,Web,5,0,18-25,Other,Bengaluru,Karnataka,Premium,Shark Pitch India S4,Show,Reality,Hindi,55
E16227,U1067,C122,pause,2026-01-05,Web,11,0,18-25,Female,Jaipur,Rajasthan,VIP,Taarak Laugh Fest Episodes,Show,Comedy,Hindi,22
E16228,U1123,C139,complete,2026-02-13,Smart TV,55,1,18-25,Female,Ahmedabad,Gujarat,VIP,Bigg Boss Telugu Live,Show,Reality,Telugu,60
E16229,U1725,C103,pause,2026-01-28,Mobile,12,0,26-35,Female,Bengaluru,Karnataka,VIP,Premier League Weekly Showdown,Sports,Sports,English,60
E16230,U1053,C133,complete,2026-01-31,Tablet,45,1,26-35,Female,Chennai,Tamil Nadu,VIP,Rudra: The Edge of Darkness,Series,Action,Hindi,48
E16231,U1041,C102,complete,2026-01-22,Smart TV,82,1,26-35,Female,Patna,Bihar,Free,IPL Mega Auction Live Replay,Sports,Sports,Hindi,90
E16232,U1319,C105,complete,2026-02-13,Smart TV,64,1,36-45,Male,Pune,Maharashtra,VIP,Pro Kabaddi League Finals,Sports,Sports,Tamil,70
E16233,U1678,C139,pause,2026-02-10,Mobile,6,0,26-35,Female,Ahmedabad,Gujarat,Premium,Bigg Boss Telugu Live,Show,Reality,Telugu,60
E16234,U1654,C108,complete,2026-01-03,Mobile,57,1,18-25,Male,Mumbai,Maharashtra,VIP,ISL Football Clash of Titans,Sports,Sports,Bengali,60
E16235,U1038,C153,pause,2026-02-14,Mobile,13,0,18-25,Male,Chennai,Tamil Nadu,VIP,India at 2030: Space Ambitions,Show,News,English,50
E16236,U1192,C153,complete,2026-02-05,Mobile,46,1,18-25,Male,Mumbai,Maharashtra,Free,India at 2030: Space Ambitions,Show,News,English,50
E16237,U1647,C109,complete,2026-01-20,Mobile,41,1,26-35,Female,Ahmedabad,Gujarat,Free,Special Ops: Desert Falcon,Series,Drama,Hindi,45
E16238,U1289,C138,complete,2026-01-04,Tablet,54,1,46+,Female,Mumbai,Maharashtra,VIP,Bigg Boss Tamil Season 8,Show,Reality,Tamil,60
E16239,U1597,C103,pause,2026-02-04,Mobile,19,0,36-45,Female,Mumbai,Maharashtra,VIP,Premier League Weekly Showdown,Sports,Sports,English,60
E16240,U1671,C106,pause,2026-02-21,Mobile,5,0,18-25,Male,Delhi,Delhi,VIP,WPL T20 Blockbuster Match,Sports,Sports,Hindi,60
E16241,U1461,C124,pause,2026-01-03,Mobile,35,0,26-35,Male,Chennai,Tamil Nadu,Premium,Standup Special: Bangalore Humor,Show,Comedy,English,65
E16242,U1554,C134,pause,2026-02-10,Mobile,60,0,26-35,Female,Jaipur,Rajasthan,Free,Night Hunter Squad,Movie,Action,English,130
E16243,U1659,C119,pause,2026-02-07,Mobile,16,0,26-35,Male,Mumbai,Maharashtra,Free,The Crown Dynasty Legacy,Series,Drama,English,55
E16244,U1014,C109,complete,2026-02-16,Smart TV,42,1,26-35,Male,Lucknow,Uttar Pradesh,VIP,Special Ops: Desert Falcon,Series,Drama,Hindi,45
E16245,U1236,C130,complete,2026-02-08,Smart TV,156,1,26-35,Male,Delhi,Delhi,VIP,Vikram: Shadow Commander,Movie,Action,Tamil,165
E16246,U1731,C143,pause,2026-02-23,Mobile,17,0,46+,Male,Mumbai,Maharashtra,VIP,Roadies Quest,Show,Reality,Hindi,45
E16247,U1469,C138,play,2026-01-21,Web,24,0,26-35,Male,Mumbai,Maharashtra,VIP,Bigg Boss Tamil Season 8,Show,Reality,Tamil,60
E16248,U1111,C140,complete,2026-01-13,Mobile,49,1,18-25,Male,Mumbai,Maharashtra,VIP,Dance India Dance Championship,Show,Reality,Hindi,50
E16249,U1191,C108,play,2026-02-24,Mobile,9,0,26-35,Female,Bengaluru,Karnataka,VIP,ISL Football Clash of Titans,Sports,Sports,Bengali,60
E16250,U1021,C101,pause,2026-01-23,Mobile,11,0,18-25,Female,Pune,Maharashtra,Free,IND vs AUS T20 Cup Highlights,Sports,Sports,Hindi,45
E16251,U1141,C137,pause,2026-01-28,Smart TV,41,0,36-45,Male,Bengaluru,Karnataka,Free,Bigg Boss All-Stars Hindi,Show,Reality,Hindi,60
E16252,U1146,C105,play,2026-02-10,Mobile,34,0,18-25,Female,Mumbai,Maharashtra,Free,Pro Kabaddi League Finals,Sports,Sports,Tamil,70
E16253,U1141,C107,play,2026-01-12,Web,5,0,36-45,Male,Bengaluru,Karnataka,Free,Champions Trophy Pre-Show,Sports,Sports,Telugu,40
E16254,U1738,C154,play,2026-02-20,Smart TV,18,0,36-45,Male,Delhi,Delhi,VIP,Elections Ground Pulse,News,News,Hindi,35
E16255,U1710,C149,play,2026-01-01,Smart TV,14,0,26-35,Female,Delhi,Delhi,Premium,Shinchan Laugh Club,Series,Kids,Tamil,20
E16256,U1406,C136,pause,2026-01-24,Smart TV,20,0,18-25,Male,Delhi,Delhi,VIP,Speed Street Heist,Movie,Action,English,120
E16257,U1380,C113,complete,2026-01-21,Smart TV,131,1,26-35,Female,Kolkata,West Bengal,VIP,Kaithi Revenge Chronicles,Movie,Drama,Tamil,140
E16258,U1519,C140,complete,2026-01-29,Web,45,1,26-35,Male,Bengaluru,Karnataka,VIP,Dance India Dance Championship,Show,Reality,Hindi,50
E16259,U1069,C118,play,2026-02-24,Mobile,25,0,36-45,Female,Ahmedabad,Gujarat,Premium,Kerala Waterfront Mystery,Series,Drama,Malayalam,48
E16260,U1504,C120,pause,2026-01-06,Mobile,8,0,36-45,Male,Delhi,Delhi,VIP,Succession Politics India,Series,Drama,Hindi,45
E16261,U1250,C150,pause,2026-01-29,Mobile,6,0,26-35,Female,Mumbai,Maharashtra,Free,Super Bheem Galactic Battle,Series,Kids,Telugu,22
E16262,U1581,C151,pause,2026-02-17,Mobile,8,0,46+,Male,Ahmedabad,Gujarat,VIP,Daily Headlines 360,News,News,Hindi,30
E16263,U1628,C104,complete,2026-02-23,Mobile,49,1,36-45,Male,Mumbai,Maharashtra,VIP,IND vs ENG Test Day 3 Highlights,Sports,Sports,English,50
E16264,U1230,C127,pause,2026-01-12,Mobile,6,0,18-25,Male,Mumbai,Maharashtra,Free,Pune Pun Factory,Show,Comedy,Marathi,30
E16265,U1236,C120,play,2026-02-15,Mobile,16,0,26-35,Male,Delhi,Delhi,VIP,Succession Politics India,Series,Drama,Hindi,45
E16266,U1366,C139,complete,2026-02-10,Smart TV,54,1,46+,Male,Jaipur,Rajasthan,VIP,Bigg Boss Telugu Live,Show,Reality,Telugu,60
E16267,U1677,C102,play,2026-02-17,Smart TV,53,0,18-25,Female,Pune,Maharashtra,Free,IPL Mega Auction Live Replay,Sports,Sports,Hindi,90
E16268,U1625,C104,complete,2026-02-15,Smart TV,48,1,18-25,Female,Bengaluru,Karnataka,VIP,IND vs ENG Test Day 3 Highlights,Sports,Sports,English,50
E16269,U1492,C103,pause,2026-02-19,Mobile,6,0,18-25,Male,Bengaluru,Karnataka,VIP,Premier League Weekly Showdown,Sports,Sports,English,60
E16270,U1065,C131,pause,2026-01-04,Mobile,71,0,36-45,Male,Delhi,Delhi,Free,Devara Storm Rising,Movie,Action,Telugu,160
E16271,U1495,C123,complete,2026-01-05,Mobile,23,1,18-25,Female,Jaipur,Rajasthan,Premium,Sarabhai Classic Revival,Series,Comedy,Hindi,25
E16272,U1538,C116,play,2026-02-10,Tablet,69,0,26-35,Female,Chennai,Tamil Nadu,Free,Kolkata Love Diary,Movie,Drama,Bengali,125
E16273,U1647,C109,pause,2026-02-18,Smart TV,8,0,26-35,Female,Ahmedabad,Gujarat,Free,Special Ops: Desert Falcon,Series,Drama,Hindi,45
E16274,U1743,C142,pause,2026-02-05,Smart TV,30,0,18-25,Female,Delhi,Delhi,VIP,Master Chef Kitchen Wars,Show,Reality,Hindi,45
E16275,U1558,C124,pause,2026-02-23,Mobile,18,0,26-35,Male,Bengaluru,Karnataka,Free,Standup Special: Bangalore Humor,Show,Comedy,English,65
E16276,U1597,C107,play,2026-02-10,Tablet,5,0,36-45,Female,Mumbai,Maharashtra,VIP,Champions Trophy Pre-Show,Sports,Sports,Telugu,40
E16277,U1396,C111,pause,2026-01-28,Mobile,3,0,18-25,Male,Delhi,Delhi,VIP,Yeh Rishta: Family Bonds,Show,Drama,Hindi,22
E16278,U1400,C136,play,2026-02-28,Web,54,0,18-25,Female,Lucknow,Uttar Pradesh,Free,Speed Street Heist,Movie,Action,English,120
E16279,U1178,C123,pause,2026-01-25,Mobile,3,0,26-35,Female,Chennai,Tamil Nadu,VIP,Sarabhai Classic Revival,Series,Comedy,Hindi,25
E16280,U1099,C141,complete,2026-01-27,Mobile,49,1,46+,Female,Hyderabad,Telangana,VIP,Shark Pitch India S4,Show,Reality,Hindi,55
E16281,U1212,C113,complete,2026-01-16,Smart TV,131,1,18-25,Female,Mumbai,Maharashtra,VIP,Kaithi Revenge Chronicles,Movie,Drama,Tamil,140
E16282,U1554,C125,pause,2026-01-22,Mobile,15,0,26-35,Female,Jaipur,Rajasthan,Free,Chennai Roast Arena,Show,Comedy,Tamil,40
E16283,U1068,C135,pause,2026-02-03,Smart TV,76,0,18-25,Female,Bengaluru,Karnataka,Free,Fighter Wing Alpha,Movie,Action,Hindi,145
E16284,U1597,C116,play,2026-01-12,Mobile,23,0,36-45,Female,Mumbai,Maharashtra,VIP,Kolkata Love Diary,Movie,Drama,Bengali,125
E16285,U1253,C104,pause,2026-01-26,Smart TV,26,0,26-35,Male,Bengaluru,Karnataka,Free,IND vs ENG Test Day 3 Highlights,Sports,Sports,English,50
E16286,U1154,C101,play,2026-01-17,Smart TV,37,0,26-35,Female,Pune,Maharashtra,VIP,IND vs AUS T20 Cup Highlights,Sports,Sports,Hindi,45
E16287,U1693,C121,complete,2026-01-20,Mobile,34,1,18-25,Female,Lucknow,Uttar Pradesh,Premium,The Great Indian Comedy Lab,Show,Comedy,Hindi,35
E16288,U1302,C131,complete,2026-01-27,Mobile,156,1,18-25,Male,Mumbai,Maharashtra,Free,Devara Storm Rising,Movie,Action,Telugu,160
E16289,U1449,C103,play,2026-01-10,Mobile,12,0,18-25,Male,Hyderabad,Telangana,Premium,Premier League Weekly Showdown,Sports,Sports,English,60
E16290,U1472,C112,play,2026-01-01,Mobile,21,0,18-25,Female,Pune,Maharashtra,Free,City of Dreams: The Succession,Series,Drama,Hindi,50
E16291,U1469,C115,complete,2026-02-03,Web,37,1,26-35,Male,Mumbai,Maharashtra,VIP,Bengal Courtroom Secrets,Series,Drama,Bengali,40
E16292,U1715,C123,pause,2026-02-04,Mobile,8,0,18-25,Female,Kochi,Kerala,VIP,Sarabhai Classic Revival,Series,Comedy,Hindi,25
E16293,U1506,C105,complete,2026-01-16,Mobile,66,1,36-45,Male,Kolkata,West Bengal,Premium,Pro Kabaddi League Finals,Sports,Sports,Tamil,70
E16294,U1135,C131,pause,2026-01-17,Mobile,82,0,26-35,Female,Mumbai,Maharashtra,Free,Devara Storm Rising,Movie,Action,Telugu,160
E16295,U1276,C112,pause,2026-01-01,Tablet,22,0,18-25,Female,Mumbai,Maharashtra,Premium,City of Dreams: The Succession,Series,Drama,Hindi,50
E16296,U1505,C145,complete,2026-02-14,Web,80,1,18-25,Female,Hyderabad,Telangana,VIP,Chhota Bheem Himalayan Tour,Movie,Kids,Hindi,85
E16297,U1627,C113,complete,2026-02-19,Mobile,127,1,18-25,Female,Pune,Maharashtra,Free,Kaithi Revenge Chronicles,Movie,Drama,Tamil,140
E16298,U1441,C104,complete,2026-02-25,Smart TV,48,1,46+,Female,Chennai,Tamil Nadu,VIP,IND vs ENG Test Day 3 Highlights,Sports,Sports,English,50
E16299,U1153,C133,complete,2026-02-06,Smart TV,44,1,18-25,Male,Delhi,Delhi,Premium,Rudra: The Edge of Darkness,Series,Action,Hindi,48
E16300,U1383,C134,complete,2026-02-05,Web,120,1,26-35,Female,Bengaluru,Karnataka,Premium,Night Hunter Squad,Movie,Action,English,130
E16301,U1740,C137,complete,2026-01-09,Smart TV,56,1,26-35,Female,Mumbai,Maharashtra,Premium,Bigg Boss All-Stars Hindi,Show,Reality,Hindi,60
E16302,U1671,C157,pause,2026-01-22,Smart TV,15,0,18-25,Male,Delhi,Delhi,VIP,Startup Founders Blueprint,Show,News,English,40
E16303,U1135,C143,pause,2026-02-01,Mobile,18,0,26-35,Female,Mumbai,Maharashtra,Free,Roadies Quest,Show,Reality,Hindi,45
E16304,U1432,C152,pause,2026-02-21,Mobile,10,0,36-45,Male,Ahmedabad,Gujarat,Free,Global Tech & Economy Report,News,News,English,25
E16305,U1725,C139,complete,2026-01-03,Smart TV,57,1,26-35,Female,Bengaluru,Karnataka,VIP,Bigg Boss Telugu Live,Show,Reality,Telugu,60
E16306,U1651,C110,pause,2026-01-19,Mobile,6,0,46+,Female,Kochi,Kerala,VIP,Anupama: New Beginnings,Show,Drama,Hindi,25
E16307,U1021,C136,play,2026-02-10,Mobile,28,0,18-25,Female,Pune,Maharashtra,Free,Speed Street Heist,Movie,Action,English,120
E16308,U1236,C120,complete,2026-02-05,Mobile,41,1,26-35,Male,Delhi,Delhi,VIP,Succession Politics India,Series,Drama,Hindi,45
E16309,U1665,C113,pause,2026-01-24,Mobile,80,0,18-25,Female,Mumbai,Maharashtra,Free,Kaithi Revenge Chronicles,Movie,Drama,Tamil,140
E16310,U1441,C101,pause,2026-01-01,Web,24,0,46+,Female,Chennai,Tamil Nadu,VIP,IND vs AUS T20 Cup Highlights,Sports,Sports,Hindi,45
E16311,U1536,C101,complete,2026-02-04,Mobile,42,1,18-25,Male,Mumbai,Maharashtra,Free,IND vs AUS T20 Cup Highlights,Sports,Sports,Hindi,45
E16312,U1725,C144,play,2026-02-10,Smart TV,31,0,26-35,Female,Bengaluru,Karnataka,VIP,Koffee Spotlight Lounge,Show,Reality,English,45
E16313,U1106,C148,complete,2026-02-24,Tablet,18,1,18-25,Female,Lucknow,Uttar Pradesh,Free,Doraemon Magic Gadgets,Series,Kids,Hindi,20
E16314,U1413,C147,pause,2026-02-15,Mobile,10,0,18-25,Male,Delhi,Delhi,Free,Little Singham Rescue Mission,Series,Kids,Hindi,20
E16315,U1447,C117,complete,2026-01-05,Smart TV,22,1,36-45,Male,Kolkata,West Bengal,Premium,Ghar Ek Mandir Classic,Show,Drama,Marathi,24
E16316,U1263,C157,pause,2026-02-23,Mobile,14,0,26-35,Male,Delhi,Delhi,Free,Startup Founders Blueprint,Show,News,English,40
E16317,U1591,C146,complete,2026-02-23,Mobile,72,1,18-25,Male,Mumbai,Maharashtra,VIP,Motu Patlu Space Adventure,Movie,Kids,Hindi,75
E16318,U1621,C130,pause,2026-01-22,Web,79,0,18-25,Male,Bengaluru,Karnataka,VIP,Vikram: Shadow Commander,Movie,Action,Tamil,165
E16319,U1409,C143,complete,2026-01-13,Mobile,44,1,18-25,Male,Bengaluru,Karnataka,Free,Roadies Quest,Show,Reality,Hindi,45
E16320,U1426,C140,pause,2026-01-21,Smart TV,29,0,26-35,Female,Kolkata,West Bengal,Free,Dance India Dance Championship,Show,Reality,Hindi,50
E16321,U1267,C104,play,2026-01-24,Smart TV,33,0,18-25,Female,Kolkata,West Bengal,Free,IND vs ENG Test Day 3 Highlights,Sports,Sports,English,50
E16322,U1276,C125,pause,2026-01-15,Mobile,6,0,18-25,Female,Mumbai,Maharashtra,Premium,Chennai Roast Arena,Show,Comedy,Tamil,40
E16323,U1190,C134,pause,2026-02-12,Smart TV,24,0,18-25,Male,Mumbai,Maharashtra,Premium,Night Hunter Squad,Movie,Action,English,130
E16324,U1454,C115,pause,2026-02-10,Tablet,13,0,18-25,Other,Bengaluru,Karnataka,Free,Bengal Courtroom Secrets,Series,Drama,Bengali,40
E16325,U1102,C118,pause,2026-02-20,Mobile,19,0,36-45,Male,Delhi,Delhi,Free,Kerala Waterfront Mystery,Series,Drama,Malayalam,48
E16326,U1663,C144,complete,2026-02-06,Web,42,1,26-35,Female,Delhi,Delhi,VIP,Koffee Spotlight Lounge,Show,Reality,English,45
E16327,U1243,C134,complete,2026-02-28,Smart TV,124,1,26-35,Male,Mumbai,Maharashtra,Free,Night Hunter Squad,Movie,Action,English,130
E16328,U1386,C135,complete,2026-03-01,Smart TV,142,1,46+,Female,Kolkata,West Bengal,Free,Fighter Wing Alpha,Movie,Action,Hindi,145
E16329,U1412,C141,complete,2026-02-10,Smart TV,50,1,18-25,Male,Mumbai,Maharashtra,Premium,Shark Pitch India S4,Show,Reality,Hindi,55
E16330,U1111,C111,complete,2026-01-18,Smart TV,21,1,18-25,Male,Mumbai,Maharashtra,VIP,Yeh Rishta: Family Bonds,Show,Drama,Hindi,22
E16331,U1445,C102,pause,2026-02-19,Mobile,25,0,46+,Female,Pune,Maharashtra,Free,IPL Mega Auction Live Replay,Sports,Sports,Hindi,90
E16332,U1391,C118,pause,2026-01-12,Smart TV,40,0,46+,Other,Pune,Maharashtra,VIP,Kerala Waterfront Mystery,Series,Drama,Malayalam,48
E16333,U1742,C142,play,2026-01-06,Smart TV,16,0,18-25,Male,Mumbai,Maharashtra,VIP,Master Chef Kitchen Wars,Show,Reality,Hindi,45
E16334,U1432,C123,play,2026-01-29,Web,11,0,36-45,Male,Ahmedabad,Gujarat,Free,Sarabhai Classic Revival,Series,Comedy,Hindi,25
E16335,U1238,C106,complete,2026-02-22,Web,56,1,26-35,Male,Kolkata,West Bengal,Premium,WPL T20 Blockbuster Match,Sports,Sports,Hindi,60
E16336,U1679,C139,complete,2026-02-14,Web,54,1,46+,Female,Lucknow,Uttar Pradesh,VIP,Bigg Boss Telugu Live,Show,Reality,Telugu,60
E16337,U1416,C119,complete,2026-02-14,Smart TV,50,1,18-25,Female,Lucknow,Uttar Pradesh,Premium,The Crown Dynasty Legacy,Series,Drama,English,55
E16338,U1499,C104,complete,2026-02-15,Smart TV,45,1,26-35,Male,Mumbai,Maharashtra,Free,IND vs ENG Test Day 3 Highlights,Sports,Sports,English,50
E16339,U1127,C132,complete,2026-01-03,Tablet,39,1,26-35,Male,Kolkata,West Bengal,Premium,Commando Force Mumbai,Series,Action,Hindi,42
E16340,U1003,C156,play,2026-01-29,Mobile,4,0,18-25,Male,Chennai,Tamil Nadu,Free,Cricket Icons: The Untold Story,Show,News,Hindi,45
E16341,U1678,C113,complete,2026-01-24,Mobile,134,1,26-35,Female,Ahmedabad,Gujarat,Premium,Kaithi Revenge Chronicles,Movie,Drama,Tamil,140
E16342,U1610,C122,complete,2026-01-31,Mobile,20,1,18-25,Other,Bengaluru,Karnataka,Premium,Taarak Laugh Fest Episodes,Show,Comedy,Hindi,22
E16343,U1366,C121,play,2026-01-14,Mobile,3,0,46+,Male,Jaipur,Rajasthan,VIP,The Great Indian Comedy Lab,Show,Comedy,Hindi,35
E16344,U1249,C105,complete,2026-02-24,Mobile,67,1,36-45,Female,Hyderabad,Telangana,Free,Pro Kabaddi League Finals,Sports,Sports,Tamil,70
E16345,U1594,C103,pause,2026-01-20,Smart TV,17,0,18-25,Female,Delhi,Delhi,Free,Premier League Weekly Showdown,Sports,Sports,English,60
E16346,U1471,C135,pause,2026-02-13,Mobile,75,0,46+,Male,Lucknow,Uttar Pradesh,VIP,Fighter Wing Alpha,Movie,Action,Hindi,145
E16347,U1105,C107,pause,2026-01-16,Mobile,12,0,26-35,Female,Bengaluru,Karnataka,Free,Champions Trophy Pre-Show,Sports,Sports,Telugu,40
E16348,U1148,C140,pause,2026-02-02,Mobile,20,0,26-35,Female,Delhi,Delhi,VIP,Dance India Dance Championship,Show,Reality,Hindi,50
E16349,U1640,C116,complete,2026-01-09,Tablet,116,1,18-25,Other,Delhi,Delhi,Premium,Kolkata Love Diary,Movie,Drama,Bengali,125
E16350,U1247,C118,pause,2026-01-28,Mobile,16,0,18-25,Male,Ahmedabad,Gujarat,Free,Kerala Waterfront Mystery,Series,Drama,Malayalam,48
E16351,U1579,C111,pause,2026-02-25,Tablet,4,0,36-45,Female,Delhi,Delhi,Free,Yeh Rishta: Family Bonds,Show,Drama,Hindi,22
E16352,U1726,C122,complete,2026-01-23,Mobile,20,1,36-45,Male,Ahmedabad,Gujarat,VIP,Taarak Laugh Fest Episodes,Show,Comedy,Hindi,22
E16353,U1188,C133,complete,2026-02-09,Mobile,44,1,26-35,Female,Hyderabad,Telangana,Premium,Rudra: The Edge of Darkness,Series,Action,Hindi,48
E16354,U1386,C105,pause,2026-01-01,Mobile,23,0,46+,Female,Kolkata,West Bengal,Free,Pro Kabaddi League Finals,Sports,Sports,Tamil,70
E16355,U1212,C105,complete,2026-02-17,Smart TV,65,1,18-25,Female,Mumbai,Maharashtra,VIP,Pro Kabaddi League Finals,Sports,Sports,Tamil,70
E16356,U1293,C139,pause,2026-02-24,Mobile,32,0,18-25,Male,Pune,Maharashtra,Free,Bigg Boss Telugu Live,Show,Reality,Telugu,60
E16357,U1041,C104,complete,2026-01-29,Mobile,47,1,26-35,Female,Patna,Bihar,Free,IND vs ENG Test Day 3 Highlights,Sports,Sports,English,50
E16358,U1644,C116,complete,2026-01-12,Smart TV,115,1,36-45,Female,Kochi,Kerala,VIP,Kolkata Love Diary,Movie,Drama,Bengali,125
E16359,U1437,C151,complete,2026-01-10,Smart TV,29,1,26-35,Female,Jaipur,Rajasthan,Free,Daily Headlines 360,News,News,Hindi,30
E16360,U1213,C131,play,2026-01-06,Smart TV,123,0,18-25,Female,Delhi,Delhi,Free,Devara Storm Rising,Movie,Action,Telugu,160
E16361,U1394,C144,complete,2026-01-30,Smart TV,43,1,46+,Female,Kochi,Kerala,Premium,Koffee Spotlight Lounge,Show,Reality,English,45
E16362,U1218,C142,play,2026-02-25,Mobile,15,0,36-45,Male,Bengaluru,Karnataka,VIP,Master Chef Kitchen Wars,Show,Reality,Hindi,45
E16363,U1450,C114,complete,2026-02-13,Mobile,41,1,18-25,Female,Ahmedabad,Gujarat,Free,Telugu Royal Heritage,Series,Drama,Telugu,45
E16364,U1313,C140,pause,2026-02-19,Mobile,9,0,26-35,Female,Delhi,Delhi,Free,Dance India Dance Championship,Show,Reality,Hindi,50
E16365,U1365,C136,pause,2026-01-26,Mobile,52,0,18-25,Female,Delhi,Delhi,VIP,Speed Street Heist,Movie,Action,English,120
E16366,U1477,C104,pause,2026-02-16,Web,28,0,26-35,Male,Kochi,Kerala,Premium,IND vs ENG Test Day 3 Highlights,Sports,Sports,English,50
E16367,U1234,C135,complete,2026-01-27,Mobile,141,1,46+,Male,Bengaluru,Karnataka,Free,Fighter Wing Alpha,Movie,Action,Hindi,145
E16368,U1479,C106,play,2026-02-10,Mobile,29,0,26-35,Male,Lucknow,Uttar Pradesh,VIP,WPL T20 Blockbuster Match,Sports,Sports,Hindi,60
E16369,U1596,C144,complete,2026-01-02,Mobile,44,1,26-35,Female,Bengaluru,Karnataka,Free,Koffee Spotlight Lounge,Show,Reality,English,45
E16370,U1281,C136,complete,2026-02-21,Mobile,118,1,18-25,Male,Bengaluru,Karnataka,Free,Speed Street Heist,Movie,Action,English,120
E16371,U1402,C150,play,2026-01-29,Web,8,0,18-25,Female,Jaipur,Rajasthan,Free,Super Bheem Galactic Battle,Series,Kids,Telugu,22
E16372,U1322,C114,pause,2026-01-06,Smart TV,26,0,46+,Male,Patna,Bihar,VIP,Telugu Royal Heritage,Series,Drama,Telugu,45
E16373,U1157,C123,pause,2026-02-14,Mobile,3,0,26-35,Female,Lucknow,Uttar Pradesh,Free,Sarabhai Classic Revival,Series,Comedy,Hindi,25
E16374,U1169,C129,complete,2026-02-17,Mobile,143,1,36-45,Female,Kolkata,West Bengal,Free,Tiger Underground Strike,Movie,Action,Hindi,155
E16375,U1743,C114,complete,2026-02-14,Smart TV,44,1,18-25,Female,Delhi,Delhi,VIP,Telugu Royal Heritage,Series,Drama,Telugu,45
E16376,U1391,C155,complete,2026-01-05,Mobile,51,1,46+,Other,Pune,Maharashtra,VIP,Wildlife Wonders: Western Ghats,Show,News,English,52
E16377,U1690,C139,play,2026-01-22,Tablet,24,0,36-45,Female,Delhi,Delhi,VIP,Bigg Boss Telugu Live,Show,Reality,Telugu,60
E16378,U1067,C140,complete,2026-01-09,Smart TV,47,1,18-25,Female,Jaipur,Rajasthan,VIP,Dance India Dance Championship,Show,Reality,Hindi,50
E16379,U1376,C102,play,2026-01-09,Mobile,35,0,26-35,Male,Jaipur,Rajasthan,Free,IPL Mega Auction Live Replay,Sports,Sports,Hindi,90
E16380,U1400,C103,complete,2026-02-01,Tablet,57,1,18-25,Female,Lucknow,Uttar Pradesh,Free,Premier League Weekly Showdown,Sports,Sports,English,60
E16381,U1295,C142,complete,2026-01-01,Mobile,43,1,18-25,Male,Bengaluru,Karnataka,VIP,Master Chef Kitchen Wars,Show,Reality,Hindi,45
E16382,U1123,C160,complete,2026-01-16,Web,29,1,18-25,Female,Ahmedabad,Gujarat,VIP,Maharashtra Maha News,News,News,Marathi,30
E16383,U1553,C118,play,2026-02-12,Mobile,8,0,18-25,Male,Hyderabad,Telangana,VIP,Kerala Waterfront Mystery,Series,Drama,Malayalam,48
E16384,U1706,C102,complete,2026-02-16,Mobile,84,1,36-45,Female,Delhi,Delhi,Free,IPL Mega Auction Live Replay,Sports,Sports,Hindi,90
E16385,U1663,C111,play,2026-01-07,Smart TV,17,0,26-35,Female,Delhi,Delhi,VIP,Yeh Rishta: Family Bonds,Show,Drama,Hindi,22
E16386,U1361,C133,pause,2026-02-17,Smart TV,18,0,36-45,Male,Patna,Bihar,Free,Rudra: The Edge of Darkness,Series,Action,Hindi,48
E16387,U1600,C113,play,2026-02-22,Mobile,55,0,46+,Female,Bengaluru,Karnataka,Free,Kaithi Revenge Chronicles,Movie,Drama,Tamil,140
E16388,U1552,C110,pause,2026-02-27,Mobile,12,0,18-25,Female,Ahmedabad,Gujarat,VIP,Anupama: New Beginnings,Show,Drama,Hindi,25
E16389,U1236,C138,play,2026-02-27,Mobile,11,0,26-35,Male,Delhi,Delhi,VIP,Bigg Boss Tamil Season 8,Show,Reality,Tamil,60
E16390,U1050,C105,complete,2026-02-11,Mobile,64,1,26-35,Female,Kolkata,West Bengal,Free,Pro Kabaddi League Finals,Sports,Sports,Tamil,70
E16391,U1401,C131,pause,2026-02-02,Mobile,25,0,36-45,Male,Hyderabad,Telangana,VIP,Devara Storm Rising,Movie,Action,Telugu,160
E16392,U1374,C139,play,2026-01-15,Mobile,34,0,26-35,Male,Mumbai,Maharashtra,VIP,Bigg Boss Telugu Live,Show,Reality,Telugu,60
E16393,U1250,C153,pause,2026-02-19,Mobile,18,0,26-35,Female,Mumbai,Maharashtra,Free,India at 2030: Space Ambitions,Show,News,English,50
E16394,U1105,C110,pause,2026-01-25,Mobile,7,0,26-35,Female,Bengaluru,Karnataka,Free,Anupama: New Beginnings,Show,Drama,Hindi,25
E16395,U1441,C102,play,2026-02-22,Web,34,0,46+,Female,Chennai,Tamil Nadu,VIP,IPL Mega Auction Live Replay,Sports,Sports,Hindi,90
E16396,U1652,C108,play,2026-01-26,Mobile,33,0,26-35,Female,Jaipur,Rajasthan,VIP,ISL Football Clash of Titans,Sports,Sports,Bengali,60
E16397,U1473,C101,complete,2026-02-26,Smart TV,41,1,18-25,Female,Bengaluru,Karnataka,Free,IND vs AUS T20 Cup Highlights,Sports,Sports,Hindi,45
E16398,U1680,C101,complete,2026-02-13,Mobile,41,1,26-35,Male,Jaipur,Rajasthan,VIP,IND vs AUS T20 Cup Highlights,Sports,Sports,Hindi,45
E16399,U1633,C115,play,2026-01-03,Mobile,15,0,18-25,Male,Hyderabad,Telangana,VIP,Bengal Courtroom Secrets,Series,Drama,Bengali,40
E16400,U1491,C114,play,2026-02-15,Web,17,0,18-25,Male,Delhi,Delhi,Free,Telugu Royal Heritage,Series,Drama,Telugu,45
E16401,U1544,C106,complete,2026-01-02,Mobile,55,1,36-45,Male,Delhi,Delhi,Premium,WPL T20 Blockbuster Match,Sports,Sports,Hindi,60
E16402,U1038,C109,complete,2026-01-28,Mobile,40,1,18-25,Male,Chennai,Tamil Nadu,VIP,Special Ops: Desert Falcon,Series,Drama,Hindi,45
E16403,U1643,C121,play,2026-01-22,Web,8,0,26-35,Male,Chennai,Tamil Nadu,Free,The Great Indian Comedy Lab,Show,Comedy,Hindi,35
E16404,U1448,C139,complete,2026-02-15,Smart TV,55,1,18-25,Male,Bengaluru,Karnataka,VIP,Bigg Boss Telugu Live,Show,Reality,Telugu,60
E16405,U1101,C102,play,2026-01-14,Web,13,0,26-35,Male,Delhi,Delhi,VIP,IPL Mega Auction Live Replay,Sports,Sports,Hindi,90
E16406,U1109,C118,pause,2026-02-19,Web,7,0,26-35,Female,Delhi,Delhi,Free,Kerala Waterfront Mystery,Series,Drama,Malayalam,48
E16407,U1091,C112,complete,2026-02-08,Mobile,46,1,26-35,Female,Delhi,Delhi,Premium,City of Dreams: The Succession,Series,Drama,Hindi,50
E16408,U1108,C112,complete,2026-02-14,Mobile,45,1,18-25,Female,Ahmedabad,Gujarat,VIP,City of Dreams: The Succession,Series,Drama,Hindi,50
E16409,U1034,C101,pause,2026-02-12,Mobile,24,0,26-35,Male,Hyderabad,Telangana,Free,IND vs AUS T20 Cup Highlights,Sports,Sports,Hindi,45
E16410,U1511,C111,complete,2026-02-01,Mobile,21,1,26-35,Male,Kochi,Kerala,VIP,Yeh Rishta: Family Bonds,Show,Drama,Hindi,22
E16411,U1430,C137,complete,2026-01-21,Mobile,54,1,46+,Female,Bengaluru,Karnataka,Premium,Bigg Boss All-Stars Hindi,Show,Reality,Hindi,60
E16412,U1726,C105,pause,2026-02-17,Web,13,0,36-45,Male,Ahmedabad,Gujarat,VIP,Pro Kabaddi League Finals,Sports,Sports,Tamil,70
E16413,U1535,C111,play,2026-02-04,Smart TV,7,0,18-25,Male,Delhi,Delhi,Premium,Yeh Rishta: Family Bonds,Show,Drama,Hindi,22
E16414,U1570,C147,complete,2026-01-24,Smart TV,19,1,18-25,Female,Mumbai,Maharashtra,VIP,Little Singham Rescue Mission,Series,Kids,Hindi,20
E16415,U1149,C103,pause,2026-02-08,Mobile,4,0,46+,Male,Hyderabad,Telangana,Free,Premier League Weekly Showdown,Sports,Sports,English,60
E16416,U1033,C110,complete,2026-01-13,Web,22,1,26-35,Male,Chennai,Tamil Nadu,VIP,Anupama: New Beginnings,Show,Drama,Hindi,25
E16417,U1681,C138,pause,2026-02-01,Mobile,26,0,26-35,Male,Chennai,Tamil Nadu,Premium,Bigg Boss Tamil Season 8,Show,Reality,Tamil,60
E16418,U1566,C148,complete,2026-01-21,Mobile,18,1,18-25,Female,Kolkata,West Bengal,Free,Doraemon Magic Gadgets,Series,Kids,Hindi,20
E16419,U1612,C135,pause,2026-02-16,Smart TV,109,0,26-35,Female,Bengaluru,Karnataka,VIP,Fighter Wing Alpha,Movie,Action,Hindi,145
E16420,U1561,C136,pause,2026-02-08,Mobile,13,0,26-35,Female,Mumbai,Maharashtra,Premium,Speed Street Heist,Movie,Action,English,120
E16421,U1111,C107,pause,2026-02-20,Mobile,7,0,18-25,Male,Mumbai,Maharashtra,VIP,Champions Trophy Pre-Show,Sports,Sports,Telugu,40
E16422,U1053,C124,complete,2026-01-22,Web,59,1,26-35,Female,Chennai,Tamil Nadu,VIP,Standup Special: Bangalore Humor,Show,Comedy,English,65
E16423,U1455,C101,play,2026-01-19,Mobile,20,0,26-35,Male,Delhi,Delhi,Free,IND vs AUS T20 Cup Highlights,Sports,Sports,Hindi,45
E16424,U1693,C142,pause,2026-01-05,Mobile,5,0,18-25,Female,Lucknow,Uttar Pradesh,Premium,Master Chef Kitchen Wars,Show,Reality,Hindi,45
E16425,U1117,C114,play,2026-01-25,Mobile,6,0,18-25,Male,Delhi,Delhi,Premium,Telugu Royal Heritage,Series,Drama,Telugu,45
E16426,U1338,C101,play,2026-02-27,Smart TV,12,0,26-35,Male,Delhi,Delhi,Free,IND vs AUS T20 Cup Highlights,Sports,Sports,Hindi,45
E16427,U1662,C133,play,2026-02-14,Mobile,7,0,18-25,Female,Mumbai,Maharashtra,VIP,Rudra: The Edge of Darkness,Series,Action,Hindi,48
E16428,U1128,C133,complete,2026-02-24,Mobile,47,1,26-35,Female,Pune,Maharashtra,VIP,Rudra: The Edge of Darkness,Series,Action,Hindi,48
E16429,U1255,C142,play,2026-01-29,Smart TV,12,0,18-25,Male,Hyderabad,Telangana,VIP,Master Chef Kitchen Wars,Show,Reality,Hindi,45
E16430,U1386,C152,play,2026-02-09,Mobile,11,0,46+,Female,Kolkata,West Bengal,Free,Global Tech & Economy Report,News,News,English,25
E16431,U1014,C109,pause,2026-01-24,Mobile,9,0,26-35,Male,Lucknow,Uttar Pradesh,VIP,Special Ops: Desert Falcon,Series,Drama,Hindi,45
E16432,U1432,C103,complete,2026-01-31,Smart TV,58,1,36-45,Male,Ahmedabad,Gujarat,Free,Premier League Weekly Showdown,Sports,Sports,English,60
E16433,U1087,C107,complete,2026-01-01,Smart TV,36,1,26-35,Female,Hyderabad,Telangana,Free,Champions Trophy Pre-Show,Sports,Sports,Telugu,40
E16434,U1426,C144,pause,2026-01-20,Mobile,21,0,26-35,Female,Kolkata,West Bengal,Free,Koffee Spotlight Lounge,Show,Reality,English,45
E16435,U1297,C121,play,2026-01-07,Mobile,8,0,26-35,Male,Pune,Maharashtra,VIP,The Great Indian Comedy Lab,Show,Comedy,Hindi,35
E16436,U1194,C110,pause,2026-02-10,Mobile,12,0,18-25,Female,Bengaluru,Karnataka,VIP,Anupama: New Beginnings,Show,Drama,Hindi,25
E16437,U1586,C129,complete,2026-02-25,Smart TV,152,1,18-25,Male,Mumbai,Maharashtra,Premium,Tiger Underground Strike,Movie,Action,Hindi,155
E16438,U1701,C101,pause,2026-02-21,Mobile,18,0,18-25,Male,Mumbai,Maharashtra,Free,IND vs AUS T20 Cup Highlights,Sports,Sports,Hindi,45
E16439,U1480,C137,complete,2026-02-12,Web,54,1,36-45,Female,Mumbai,Maharashtra,Premium,Bigg Boss All-Stars Hindi,Show,Reality,Hindi,60
E16440,U1038,C139,pause,2026-01-05,Mobile,9,0,18-25,Male,Chennai,Tamil Nadu,VIP,Bigg Boss Telugu Live,Show,Reality,Telugu,60
E16441,U1098,C134,play,2026-03-01,Mobile,43,0,18-25,Male,Chennai,Tamil Nadu,VIP,Night Hunter Squad,Movie,Action,English,130
E16442,U1432,C111,complete,2026-01-31,Mobile,20,1,36-45,Male,Ahmedabad,Gujarat,Free,Yeh Rishta: Family Bonds,Show,Drama,Hindi,22
E16443,U1022,C108,complete,2026-02-19,Web,55,1,18-25,Female,Bengaluru,Karnataka,Free,ISL Football Clash of Titans,Sports,Sports,Bengali,60
E16444,U1239,C108,complete,2026-02-24,Smart TV,55,1,36-45,Female,Ahmedabad,Gujarat,Free,ISL Football Clash of Titans,Sports,Sports,Bengali,60
E16445,U1554,C109,pause,2026-02-25,Tablet,13,0,26-35,Female,Jaipur,Rajasthan,Free,Special Ops: Desert Falcon,Series,Drama,Hindi,45
E16446,U1037,C134,pause,2026-01-23,Web,75,0,18-25,Female,Ahmedabad,Gujarat,Free,Night Hunter Squad,Movie,Action,English,130
E16447,U1102,C143,pause,2026-02-13,Mobile,4,0,36-45,Male,Delhi,Delhi,Free,Roadies Quest,Show,Reality,Hindi,45
E16448,U1636,C118,play,2026-01-24,Mobile,18,0,26-35,Male,Mumbai,Maharashtra,Free,Kerala Waterfront Mystery,Series,Drama,Malayalam,48
E16449,U1169,C156,pause,2026-02-17,Mobile,7,0,36-45,Female,Kolkata,West Bengal,Free,Cricket Icons: The Untold Story,Show,News,Hindi,45
E16450,U1649,C118,complete,2026-01-04,Smart TV,45,1,36-45,Female,Bengaluru,Karnataka,Premium,Kerala Waterfront Mystery,Series,Drama,Malayalam,48
E16451,U1331,C133,complete,2026-01-27,Smart TV,43,1,26-35,Female,Mumbai,Maharashtra,VIP,Rudra: The Edge of Darkness,Series,Action,Hindi,48
E16452,U1471,C144,pause,2026-01-06,Mobile,20,0,46+,Male,Lucknow,Uttar Pradesh,VIP,Koffee Spotlight Lounge,Show,Reality,English,45
E16453,U1558,C138,complete,2026-02-23,Smart TV,55,1,26-35,Male,Bengaluru,Karnataka,Free,Bigg Boss Tamil Season 8,Show,Reality,Tamil,60
E16454,U1725,C125,complete,2026-01-09,Mobile,38,1,26-35,Female,Bengaluru,Karnataka,VIP,Chennai Roast Arena,Show,Comedy,Tamil,40
E16455,U1068,C138,pause,2026-01-17,Mobile,24,0,18-25,Female,Bengaluru,Karnataka,Free,Bigg Boss Tamil Season 8,Show,Reality,Tamil,60
E16456,U1444,C142,pause,2026-01-13,Smart TV,7,0,46+,Female,Bengaluru,Karnataka,VIP,Master Chef Kitchen Wars,Show,Reality,Hindi,45
E16457,U1525,C138,pause,2026-02-06,Web,11,0,18-25,Female,Jaipur,Rajasthan,Free,Bigg Boss Tamil Season 8,Show,Reality,Tamil,60
E16458,U1455,C101,complete,2026-01-06,Tablet,44,1,26-35,Male,Delhi,Delhi,Free,IND vs AUS T20 Cup Highlights,Sports,Sports,Hindi,45
E16459,U1088,C103,pause,2026-01-02,Mobile,25,0,36-45,Male,Delhi,Delhi,VIP,Premier League Weekly Showdown,Sports,Sports,English,60
E16460,U1603,C116,complete,2026-02-02,Mobile,121,1,46+,Male,Bengaluru,Karnataka,Free,Kolkata Love Diary,Movie,Drama,Bengali,125
E16461,U1345,C113,complete,2026-02-21,Mobile,132,1,26-35,Male,Pune,Maharashtra,VIP,Kaithi Revenge Chronicles,Movie,Drama,Tamil,140
E16462,U1273,C105,pause,2026-01-26,Mobile,17,0,26-35,Other,Delhi,Delhi,Premium,Pro Kabaddi League Finals,Sports,Sports,Tamil,70
E16463,U1013,C115,complete,2026-01-04,Mobile,37,1,26-35,Female,Mumbai,Maharashtra,VIP,Bengal Courtroom Secrets,Series,Drama,Bengali,40
E16464,U1523,C103,play,2026-01-08,Smart TV,11,0,26-35,Female,Delhi,Delhi,Free,Premier League Weekly Showdown,Sports,Sports,English,60
E16465,U1079,C148,pause,2026-01-14,Mobile,6,0,46+,Male,Kochi,Kerala,Free,Doraemon Magic Gadgets,Series,Kids,Hindi,20
E16466,U1570,C131,complete,2026-02-24,Mobile,145,1,18-25,Female,Mumbai,Maharashtra,VIP,Devara Storm Rising,Movie,Action,Telugu,160
E16467,U1320,C114,pause,2026-01-21,Smart TV,34,0,26-35,Male,Mumbai,Maharashtra,VIP,Telugu Royal Heritage,Series,Drama,Telugu,45
E16468,U1262,C105,complete,2026-01-05,Smart TV,66,1,36-45,Male,Ahmedabad,Gujarat,Free,Pro Kabaddi League Finals,Sports,Sports,Tamil,70
E16469,U1127,C101,play,2026-01-21,Mobile,15,0,26-35,Male,Kolkata,West Bengal,Premium,IND vs AUS T20 Cup Highlights,Sports,Sports,Hindi,45
E16470,U1615,C139,complete,2026-02-16,Mobile,57,1,18-25,Female,Kolkata,West Bengal,VIP,Bigg Boss Telugu Live,Show,Reality,Telugu,60
E16471,U1597,C138,play,2026-02-22,Mobile,14,0,36-45,Female,Mumbai,Maharashtra,VIP,Bigg Boss Tamil Season 8,Show,Reality,Tamil,60
E16472,U1166,C102,play,2026-02-06,Smart TV,48,0,36-45,Male,Mumbai,Maharashtra,Free,IPL Mega Auction Live Replay,Sports,Sports,Hindi,90
E16473,U1166,C103,play,2026-01-18,Web,38,0,36-45,Male,Mumbai,Maharashtra,Free,Premier League Weekly Showdown,Sports,Sports,English,60
E16474,U1587,C101,play,2026-02-25,Smart TV,8,0,18-25,Male,Hyderabad,Telangana,VIP,IND vs AUS T20 Cup Highlights,Sports,Sports,Hindi,45
E16475,U1469,C151,play,2026-02-20,Mobile,4,0,26-35,Male,Mumbai,Maharashtra,VIP,Daily Headlines 360,News,News,Hindi,30
E16476,U1487,C125,pause,2026-02-07,Mobile,17,0,18-25,Other,Chennai,Tamil Nadu,Free,Chennai Roast Arena,Show,Comedy,Tamil,40
E16477,U1652,C110,complete,2026-01-20,Mobile,24,1,26-35,Female,Jaipur,Rajasthan,VIP,Anupama: New Beginnings,Show,Drama,Hindi,25
E16478,U1541,C142,pause,2026-02-04,Mobile,18,0,26-35,Female,Delhi,Delhi,VIP,Master Chef Kitchen Wars,Show,Reality,Hindi,45
E16479,U1701,C119,complete,2026-01-18,Smart TV,51,1,18-25,Male,Mumbai,Maharashtra,Free,The Crown Dynasty Legacy,Series,Drama,English,55
E16480,U1418,C145,complete,2026-02-06,Mobile,83,1,18-25,Female,Bengaluru,Karnataka,VIP,Chhota Bheem Himalayan Tour,Movie,Kids,Hindi,85
E16481,U1485,C105,complete,2026-01-02,Web,64,1,18-25,Male,Ahmedabad,Gujarat,Free,Pro Kabaddi League Finals,Sports,Sports,Tamil,70
E16482,U1559,C123,pause,2026-02-02,Mobile,10,0,18-25,Male,Chennai,Tamil Nadu,Free,Sarabhai Classic Revival,Series,Comedy,Hindi,25
E16483,U1042,C123,pause,2026-02-09,Mobile,5,0,26-35,Female,Mumbai,Maharashtra,Free,Sarabhai Classic Revival,Series,Comedy,Hindi,25
E16484,U1598,C132,pause,2026-02-18,Mobile,21,0,18-25,Female,Delhi,Delhi,VIP,Commando Force Mumbai,Series,Action,Hindi,42
E16485,U1065,C115,complete,2026-01-16,Smart TV,36,1,36-45,Male,Delhi,Delhi,Free,Bengal Courtroom Secrets,Series,Drama,Bengali,40
E16486,U1597,C117,complete,2026-01-06,Web,21,1,36-45,Female,Mumbai,Maharashtra,VIP,Ghar Ek Mandir Classic,Show,Drama,Marathi,24
E16487,U1339,C157,pause,2026-01-09,Mobile,9,0,18-25,Female,Chennai,Tamil Nadu,Free,Startup Founders Blueprint,Show,News,English,40
E16488,U1288,C143,play,2026-02-07,Mobile,16,0,26-35,Male,Mumbai,Maharashtra,VIP,Roadies Quest,Show,Reality,Hindi,45
E16489,U1322,C104,pause,2026-01-16,Mobile,17,0,46+,Male,Patna,Bihar,VIP,IND vs ENG Test Day 3 Highlights,Sports,Sports,English,50
E16490,U1469,C138,pause,2026-02-27,Mobile,33,0,26-35,Male,Mumbai,Maharashtra,VIP,Bigg Boss Tamil Season 8,Show,Reality,Tamil,60
E16491,U1366,C139,play,2026-01-14,Mobile,11,0,46+,Male,Jaipur,Rajasthan,VIP,Bigg Boss Telugu Live,Show,Reality,Telugu,60
E16492,U1617,C130,complete,2026-01-26,Tablet,154,1,26-35,Male,Mumbai,Maharashtra,VIP,Vikram: Shadow Commander,Movie,Action,Tamil,165
E16493,U1487,C123,pause,2026-01-02,Mobile,6,0,18-25,Other,Chennai,Tamil Nadu,Free,Sarabhai Classic Revival,Series,Comedy,Hindi,25
E16494,U1494,C115,pause,2026-01-27,Web,4,0,36-45,Female,Mumbai,Maharashtra,Free,Bengal Courtroom Secrets,Series,Drama,Bengali,40
E16495,U1469,C107,play,2026-01-23,Mobile,18,0,26-35,Male,Mumbai,Maharashtra,VIP,Champions Trophy Pre-Show,Sports,Sports,Telugu,40
E16496,U1741,C155,pause,2026-02-06,Web,14,0,26-35,Male,Kolkata,West Bengal,Free,Wildlife Wonders: Western Ghats,Show,News,English,52
E16497,U1567,C140,complete,2026-01-26,Web,47,1,18-25,Female,Chennai,Tamil Nadu,Free,Dance India Dance Championship,Show,Reality,Hindi,50
E16498,U1029,C101,pause,2026-01-03,Mobile,25,0,18-25,Female,Jaipur,Rajasthan,Premium,IND vs AUS T20 Cup Highlights,Sports,Sports,Hindi,45
E16499,U1336,C104,play,2026-01-20,Mobile,6,0,26-35,Female,Bengaluru,Karnataka,VIP,IND vs ENG Test Day 3 Highlights,Sports,Sports,English,50
E16500,U1463,C126,pause,2026-02-23,Mobile,11,0,26-35,Female,Bengaluru,Karnataka,Free,Telugu Comedy Superstars,Show,Comedy,Telugu,30
E16501,U1710,C120,play,2026-02-19,Mobile,19,0,26-35,Female,Delhi,Delhi,Premium,Succession Politics India,Series,Drama,Hindi,45
E16502,U1363,C120,play,2026-01-18,Mobile,26,0,18-25,Male,Mumbai,Maharashtra,Free,Succession Politics India,Series,Drama,Hindi,45
E16503,U1128,C123,complete,2026-01-22,Smart TV,24,1,26-35,Female,Pune,Maharashtra,VIP,Sarabhai Classic Revival,Series,Comedy,Hindi,25
E16504,U1620,C115,pause,2026-01-04,Web,24,0,26-35,Female,Delhi,Delhi,Premium,Bengal Courtroom Secrets,Series,Drama,Bengali,40
E16505,U1545,C110,complete,2026-02-07,Smart TV,22,1,26-35,Other,Pune,Maharashtra,Free,Anupama: New Beginnings,Show,Drama,Hindi,25
E16506,U1037,C119,play,2026-01-31,Mobile,27,0,18-25,Female,Ahmedabad,Gujarat,Free,The Crown Dynasty Legacy,Series,Drama,English,55
E16507,U1711,C143,complete,2026-01-21,Smart TV,40,1,18-25,Male,Bengaluru,Karnataka,VIP,Roadies Quest,Show,Reality,Hindi,45
E16508,U1177,C134,complete,2026-03-01,Tablet,119,1,26-35,Female,Chennai,Tamil Nadu,Premium,Night Hunter Squad,Movie,Action,English,130
E16509,U1093,C101,complete,2026-02-18,Mobile,42,1,18-25,Male,Ahmedabad,Gujarat,Free,IND vs AUS T20 Cup Highlights,Sports,Sports,Hindi,45
E16510,U1623,C101,complete,2026-01-01,Mobile,40,1,26-35,Female,Delhi,Delhi,VIP,IND vs AUS T20 Cup Highlights,Sports,Sports,Hindi,45
E16511,U1178,C106,pause,2026-01-07,Web,35,0,26-35,Female,Chennai,Tamil Nadu,VIP,WPL T20 Blockbuster Match,Sports,Sports,Hindi,60
E16512,U1614,C118,pause,2026-02-15,Smart TV,25,0,18-25,Female,Mumbai,Maharashtra,Free,Kerala Waterfront Mystery,Series,Drama,Malayalam,48
E16513,U1395,C141,pause,2026-02-01,Mobile,15,0,18-25,Female,Mumbai,Maharashtra,Premium,Shark Pitch India S4,Show,Reality,Hindi,55
E16514,U1666,C110,play,2026-01-19,Mobile,5,0,46+,Male,Patna,Bihar,Premium,Anupama: New Beginnings,Show,Drama,Hindi,25
E16515,U1565,C137,pause,2026-01-09,Web,20,0,26-35,Male,Hyderabad,Telangana,VIP,Bigg Boss All-Stars Hindi,Show,Reality,Hindi,60
E16516,U1527,C158,pause,2026-01-22,Smart TV,6,0,36-45,Female,Pune,Maharashtra,VIP,State Express News Tamil,News,News,Tamil,30
E16517,U1194,C133,complete,2026-01-02,Web,46,1,18-25,Female,Bengaluru,Karnataka,VIP,Rudra: The Edge of Darkness,Series,Action,Hindi,48
E16518,U1566,C107,play,2026-02-07,Smart TV,16,0,18-25,Female,Kolkata,West Bengal,Free,Champions Trophy Pre-Show,Sports,Sports,Telugu,40
E16519,U1097,C104,complete,2026-02-21,Mobile,47,1,26-35,Male,Delhi,Delhi,Premium,IND vs ENG Test Day 3 Highlights,Sports,Sports,English,50
E16520,U1302,C110,pause,2026-02-07,Tablet,6,0,18-25,Male,Mumbai,Maharashtra,Free,Anupama: New Beginnings,Show,Drama,Hindi,25
E16521,U1341,C111,pause,2026-01-15,Mobile,2,0,26-35,Female,Delhi,Delhi,Free,Yeh Rishta: Family Bonds,Show,Drama,Hindi,22
E16522,U1412,C128,pause,2026-02-16,Mobile,26,0,18-25,Male,Mumbai,Maharashtra,Premium,College Boys Chaos,Movie,Comedy,Hindi,115
E16523,U1545,C109,complete,2026-02-19,Smart TV,41,1,26-35,Other,Pune,Maharashtra,Free,Special Ops: Desert Falcon,Series,Drama,Hindi,45
E16524,U1489,C102,complete,2026-01-22,Tablet,83,1,26-35,Female,Kolkata,West Bengal,Free,IPL Mega Auction Live Replay,Sports,Sports,Hindi,90
E16525,U1153,C138,complete,2026-01-07,Smart TV,58,1,18-25,Male,Delhi,Delhi,Premium,Bigg Boss Tamil Season 8,Show,Reality,Tamil,60
E16526,U1401,C108,pause,2026-03-01,Mobile,5,0,36-45,Male,Hyderabad,Telangana,VIP,ISL Football Clash of Titans,Sports,Sports,Bengali,60
E16527,U1450,C133,pause,2026-01-26,Mobile,7,0,18-25,Female,Ahmedabad,Gujarat,Free,Rudra: The Edge of Darkness,Series,Action,Hindi,48
E16528,U1553,C134,pause,2026-02-18,Mobile,68,0,18-25,Male,Hyderabad,Telangana,VIP,Night Hunter Squad,Movie,Action,English,130
E16529,U1615,C123,pause,2026-01-06,Smart TV,20,0,18-25,Female,Kolkata,West Bengal,VIP,Sarabhai Classic Revival,Series,Comedy,Hindi,25
E16530,U1012,C152,complete,2026-01-29,Mobile,24,1,18-25,Male,Hyderabad,Telangana,VIP,Global Tech & Economy Report,News,News,English,25
E16531,U1380,C106,pause,2026-01-09,Mobile,30,0,26-35,Female,Kolkata,West Bengal,VIP,WPL T20 Blockbuster Match,Sports,Sports,Hindi,60
E16532,U1571,C108,complete,2026-01-03,Web,57,1,36-45,Female,Hyderabad,Telangana,Free,ISL Football Clash of Titans,Sports,Sports,Bengali,60
E16533,U1471,C112,complete,2026-02-26,Mobile,48,1,46+,Male,Lucknow,Uttar Pradesh,VIP,City of Dreams: The Succession,Series,Drama,Hindi,50
E16534,U1436,C118,pause,2026-01-25,Mobile,21,0,46+,Female,Mumbai,Maharashtra,Premium,Kerala Waterfront Mystery,Series,Drama,Malayalam,48
E16535,U1457,C101,complete,2026-01-26,Mobile,43,1,36-45,Male,Pune,Maharashtra,VIP,IND vs AUS T20 Cup Highlights,Sports,Sports,Hindi,45
E16536,U1748,C105,pause,2026-02-05,Smart TV,59,0,26-35,Female,Chennai,Tamil Nadu,VIP,Pro Kabaddi League Finals,Sports,Sports,Tamil,70
E16537,U1542,C108,pause,2026-01-30,Mobile,10,0,26-35,Female,Pune,Maharashtra,Free,ISL Football Clash of Titans,Sports,Sports,Bengali,60
E16538,U1673,C141,complete,2026-02-03,Mobile,51,1,26-35,Male,Pune,Maharashtra,VIP,Shark Pitch India S4,Show,Reality,Hindi,55
E16539,U1534,C125,complete,2026-02-15,Web,36,1,26-35,Female,Hyderabad,Telangana,Premium,Chennai Roast Arena,Show,Comedy,Tamil,40
E16540,U1581,C141,complete,2026-02-21,Web,54,1,46+,Male,Ahmedabad,Gujarat,VIP,Shark Pitch India S4,Show,Reality,Hindi,55
E16541,U1236,C107,pause,2026-01-18,Mobile,16,0,26-35,Male,Delhi,Delhi,VIP,Champions Trophy Pre-Show,Sports,Sports,Telugu,40
E16542,U1570,C124,pause,2026-02-01,Mobile,22,0,18-25,Female,Mumbai,Maharashtra,VIP,Standup Special: Bangalore Humor,Show,Comedy,English,65
E16543,U1570,C137,complete,2026-02-28,Mobile,56,1,18-25,Female,Mumbai,Maharashtra,VIP,Bigg Boss All-Stars Hindi,Show,Reality,Hindi,60
E16544,U1228,C125,play,2026-01-04,Mobile,15,0,36-45,Male,Mumbai,Maharashtra,Free,Chennai Roast Arena,Show,Comedy,Tamil,40
E16545,U1495,C141,complete,2026-01-22,Mobile,51,1,18-25,Female,Jaipur,Rajasthan,Premium,Shark Pitch India S4,Show,Reality,Hindi,55
E16546,U1250,C102,play,2026-02-24,Mobile,21,0,26-35,Female,Mumbai,Maharashtra,Free,IPL Mega Auction Live Replay,Sports,Sports,Hindi,90
E16547,U1481,C146,complete,2026-02-24,Mobile,69,1,18-25,Male,Mumbai,Maharashtra,Premium,Motu Patlu Space Adventure,Movie,Kids,Hindi,75
E16548,U1344,C108,complete,2026-01-31,Mobile,59,1,46+,Female,Delhi,Delhi,VIP,ISL Football Clash of Titans,Sports,Sports,Bengali,60
E16549,U1206,C160,complete,2026-01-15,Smart TV,28,1,26-35,Female,Mumbai,Maharashtra,Free,Maharashtra Maha News,News,News,Marathi,30
E16550,U1102,C113,complete,2026-02-26,Mobile,129,1,36-45,Male,Delhi,Delhi,Free,Kaithi Revenge Chronicles,Movie,Drama,Tamil,140
E16551,U1585,C141,pause,2026-02-04,Mobile,22,0,26-35,Female,Mumbai,Maharashtra,VIP,Shark Pitch India S4,Show,Reality,Hindi,55
E16552,U1255,C120,pause,2026-01-13,Mobile,11,0,18-25,Male,Hyderabad,Telangana,VIP,Succession Politics India,Series,Drama,Hindi,45
E16553,U1038,C117,pause,2026-01-17,Mobile,2,0,18-25,Male,Chennai,Tamil Nadu,VIP,Ghar Ek Mandir Classic,Show,Drama,Marathi,24
E16554,U1581,C130,play,2026-02-07,Mobile,17,0,46+,Male,Ahmedabad,Gujarat,VIP,Vikram: Shadow Commander,Movie,Action,Tamil,165
E16555,U1107,C118,complete,2026-01-22,Mobile,47,1,36-45,Male,Mumbai,Maharashtra,Free,Kerala Waterfront Mystery,Series,Drama,Malayalam,48
E16556,U1698,C134,complete,2026-02-10,Mobile,123,1,36-45,Female,Ahmedabad,Gujarat,VIP,Night Hunter Squad,Movie,Action,English,130
E16557,U1610,C128,complete,2026-01-09,Mobile,106,1,18-25,Other,Bengaluru,Karnataka,Premium,College Boys Chaos,Movie,Comedy,Hindi,115
E16558,U1156,C151,complete,2026-02-26,Mobile,28,1,46+,Female,Mumbai,Maharashtra,Free,Daily Headlines 360,News,News,Hindi,30
E16559,U1134,C111,play,2026-01-27,Web,8,0,26-35,Female,Delhi,Delhi,VIP,Yeh Rishta: Family Bonds,Show,Drama,Hindi,22
E16560,U1620,C141,complete,2026-02-06,Smart TV,51,1,26-35,Female,Delhi,Delhi,Premium,Shark Pitch India S4,Show,Reality,Hindi,55
E16561,U1153,C135,complete,2026-02-18,Mobile,137,1,18-25,Male,Delhi,Delhi,Premium,Fighter Wing Alpha,Movie,Action,Hindi,145
E16562,U1178,C135,complete,2026-02-10,Mobile,134,1,26-35,Female,Chennai,Tamil Nadu,VIP,Fighter Wing Alpha,Movie,Action,Hindi,145
E16563,U1724,C139,complete,2026-02-09,Tablet,56,1,18-25,Male,Bengaluru,Karnataka,VIP,Bigg Boss Telugu Live,Show,Reality,Telugu,60
E16564,U1273,C109,complete,2026-02-13,Smart TV,41,1,26-35,Other,Delhi,Delhi,Premium,Special Ops: Desert Falcon,Series,Drama,Hindi,45
E16565,U1030,C129,complete,2026-02-01,Mobile,153,1,18-25,Male,Chennai,Tamil Nadu,Free,Tiger Underground Strike,Movie,Action,Hindi,155
E16566,U1654,C115,play,2026-02-15,Web,18,0,18-25,Male,Mumbai,Maharashtra,VIP,Bengal Courtroom Secrets,Series,Drama,Bengali,40
E16567,U1644,C101,play,2026-02-25,Web,16,0,36-45,Female,Kochi,Kerala,VIP,IND vs AUS T20 Cup Highlights,Sports,Sports,Hindi,45
E16568,U1461,C143,pause,2026-02-16,Mobile,15,0,26-35,Male,Chennai,Tamil Nadu,Premium,Roadies Quest,Show,Reality,Hindi,45
E16569,U1101,C144,play,2026-01-15,Mobile,11,0,26-35,Male,Delhi,Delhi,VIP,Koffee Spotlight Lounge,Show,Reality,English,45
E16570,U1196,C156,complete,2026-02-07,Smart TV,41,1,26-35,Female,Bengaluru,Karnataka,Free,Cricket Icons: The Untold Story,Show,News,Hindi,45
E16571,U1467,C134,complete,2026-01-18,Web,121,1,18-25,Male,Bengaluru,Karnataka,Free,Night Hunter Squad,Movie,Action,English,130
E16572,U1662,C107,complete,2026-02-19,Mobile,39,1,18-25,Female,Mumbai,Maharashtra,VIP,Champions Trophy Pre-Show,Sports,Sports,Telugu,40
E16573,U1187,C145,complete,2026-02-03,Smart TV,80,1,26-35,Female,Ahmedabad,Gujarat,Premium,Chhota Bheem Himalayan Tour,Movie,Kids,Hindi,85
E16574,U1293,C138,pause,2026-02-04,Smart TV,31,0,18-25,Male,Pune,Maharashtra,Free,Bigg Boss Tamil Season 8,Show,Reality,Tamil,60
E16575,U1544,C118,pause,2026-01-11,Web,30,0,36-45,Male,Delhi,Delhi,Premium,Kerala Waterfront Mystery,Series,Drama,Malayalam,48
E16576,U1227,C141,complete,2026-01-13,Mobile,52,1,18-25,Female,Pune,Maharashtra,VIP,Shark Pitch India S4,Show,Reality,Hindi,55
E16577,U1365,C152,play,2026-01-11,Mobile,3,0,18-25,Female,Delhi,Delhi,VIP,Global Tech & Economy Report,News,News,English,25
E16578,U1041,C123,play,2026-02-16,Mobile,3,0,26-35,Female,Patna,Bihar,Free,Sarabhai Classic Revival,Series,Comedy,Hindi,25
E16579,U1376,C103,pause,2026-02-14,Mobile,11,0,26-35,Male,Jaipur,Rajasthan,Free,Premier League Weekly Showdown,Sports,Sports,English,60
E16580,U1636,C118,pause,2026-02-17,Mobile,6,0,26-35,Male,Mumbai,Maharashtra,Free,Kerala Waterfront Mystery,Series,Drama,Malayalam,48
E16581,U1512,C117,complete,2026-02-16,Smart TV,22,1,26-35,Female,Mumbai,Maharashtra,VIP,Ghar Ek Mandir Classic,Show,Drama,Marathi,24
E16582,U1330,C145,pause,2026-01-20,Mobile,9,0,18-25,Female,Bengaluru,Karnataka,Premium,Chhota Bheem Himalayan Tour,Movie,Kids,Hindi,85
E16583,U1355,C156,complete,2026-02-11,Smart TV,42,1,46+,Male,Lucknow,Uttar Pradesh,Free,Cricket Icons: The Untold Story,Show,News,Hindi,45
E16584,U1728,C150,complete,2026-01-07,Mobile,21,1,26-35,Male,Jaipur,Rajasthan,Free,Super Bheem Galactic Battle,Series,Kids,Telugu,22
E16585,U1297,C120,complete,2026-01-30,Smart TV,43,1,26-35,Male,Pune,Maharashtra,VIP,Succession Politics India,Series,Drama,Hindi,45
E16586,U1462,C114,pause,2026-01-10,Mobile,7,0,18-25,Female,Kochi,Kerala,VIP,Telugu Royal Heritage,Series,Drama,Telugu,45
E16587,U1452,C102,play,2026-01-15,Tablet,20,0,26-35,Female,Delhi,Delhi,Free,IPL Mega Auction Live Replay,Sports,Sports,Hindi,90
E16588,U1589,C109,complete,2026-02-23,Mobile,41,1,18-25,Male,Lucknow,Uttar Pradesh,Free,Special Ops: Desert Falcon,Series,Drama,Hindi,45
E16589,U1660,C139,complete,2026-01-12,Tablet,55,1,18-25,Male,Mumbai,Maharashtra,Free,Bigg Boss Telugu Live,Show,Reality,Telugu,60
E16590,U1647,C152,pause,2026-02-20,Smart TV,8,0,26-35,Female,Ahmedabad,Gujarat,Free,Global Tech & Economy Report,News,News,English,25
E16591,U1457,C101,complete,2026-01-28,Web,42,1,36-45,Male,Pune,Maharashtra,VIP,IND vs AUS T20 Cup Highlights,Sports,Sports,Hindi,45
E16592,U1728,C131,complete,2026-02-24,Web,145,1,26-35,Male,Jaipur,Rajasthan,Free,Devara Storm Rising,Movie,Action,Telugu,160
E16593,U1297,C144,play,2026-01-11,Mobile,7,0,26-35,Male,Pune,Maharashtra,VIP,Koffee Spotlight Lounge,Show,Reality,English,45
E16594,U1264,C159,play,2026-02-17,Web,5,0,26-35,Male,Mumbai,Maharashtra,Free,Bengal Morning Bulletin,News,News,Bengali,25
E16595,U1566,C155,complete,2026-01-22,Web,47,1,18-25,Female,Kolkata,West Bengal,Free,Wildlife Wonders: Western Ghats,Show,News,English,52
E16596,U1710,C136,pause,2026-02-07,Mobile,45,0,26-35,Female,Delhi,Delhi,Premium,Speed Street Heist,Movie,Action,English,120
E16597,U1507,C115,pause,2026-01-07,Smart TV,17,0,26-35,Male,Kolkata,West Bengal,Premium,Bengal Courtroom Secrets,Series,Drama,Bengali,40
E16598,U1538,C122,pause,2026-01-13,Mobile,9,0,26-35,Female,Chennai,Tamil Nadu,Free,Taarak Laugh Fest Episodes,Show,Comedy,Hindi,22
E16599,U1127,C103,pause,2026-02-21,Mobile,14,0,26-35,Male,Kolkata,West Bengal,Premium,Premier League Weekly Showdown,Sports,Sports,English,60
E16600,U1688,C107,play,2026-01-15,Mobile,13,0,18-25,Female,Hyderabad,Telangana,Premium,Champions Trophy Pre-Show,Sports,Sports,Telugu,40
E16601,U1332,C119,play,2026-02-16,Mobile,12,0,18-25,Female,Hyderabad,Telangana,Premium,The Crown Dynasty Legacy,Series,Drama,English,55
E16602,U1229,C129,complete,2026-01-13,Web,145,1,18-25,Female,Mumbai,Maharashtra,Free,Tiger Underground Strike,Movie,Action,Hindi,155
E16603,U1570,C140,pause,2026-01-25,Web,21,0,18-25,Female,Mumbai,Maharashtra,VIP,Dance India Dance Championship,Show,Reality,Hindi,50
E16604,U1620,C140,pause,2026-02-09,Mobile,18,0,26-35,Female,Delhi,Delhi,Premium,Dance India Dance Championship,Show,Reality,Hindi,50
E16605,U1652,C139,pause,2026-01-14,Mobile,12,0,26-35,Female,Jaipur,Rajasthan,VIP,Bigg Boss Telugu Live,Show,Reality,Telugu,60
E16606,U1486,C141,pause,2026-01-11,Mobile,22,0,26-35,Female,Kochi,Kerala,Free,Shark Pitch India S4,Show,Reality,Hindi,55
E16607,U1038,C129,pause,2026-03-01,Mobile,80,0,18-25,Male,Chennai,Tamil Nadu,VIP,Tiger Underground Strike,Movie,Action,Hindi,155
E16608,U1012,C124,play,2026-02-08,Smart TV,16,0,18-25,Male,Hyderabad,Telangana,VIP,Standup Special: Bangalore Humor,Show,Comedy,English,65
E16609,U1667,C149,play,2026-02-13,Mobile,9,0,18-25,Female,Mumbai,Maharashtra,Premium,Shinchan Laugh Club,Series,Kids,Tamil,20
E16610,U1730,C132,pause,2026-02-18,Web,14,0,18-25,Female,Pune,Maharashtra,VIP,Commando Force Mumbai,Series,Action,Hindi,42
E16611,U1038,C132,complete,2026-01-20,Mobile,38,1,18-25,Male,Chennai,Tamil Nadu,VIP,Commando Force Mumbai,Series,Action,Hindi,42
E16612,U1554,C143,play,2026-02-25,Mobile,18,0,26-35,Female,Jaipur,Rajasthan,Free,Roadies Quest,Show,Reality,Hindi,45
E16613,U1318,C101,play,2026-01-18,Web,7,0,26-35,Female,Mumbai,Maharashtra,Free,IND vs AUS T20 Cup Highlights,Sports,Sports,Hindi,45
E16614,U1146,C109,pause,2026-02-17,Mobile,9,0,18-25,Female,Mumbai,Maharashtra,Free,Special Ops: Desert Falcon,Series,Drama,Hindi,45
E16615,U1669,C105,complete,2026-02-10,Tablet,65,1,26-35,Female,Delhi,Delhi,Free,Pro Kabaddi League Finals,Sports,Sports,Tamil,70
E16616,U1560,C133,complete,2026-02-08,Mobile,46,1,26-35,Male,Kolkata,West Bengal,Free,Rudra: The Edge of Darkness,Series,Action,Hindi,48
E16617,U1558,C104,play,2026-01-04,Mobile,26,0,26-35,Male,Bengaluru,Karnataka,Free,IND vs ENG Test Day 3 Highlights,Sports,Sports,English,50
E16618,U1456,C103,complete,2026-01-21,Mobile,57,1,18-25,Female,Bengaluru,Karnataka,Free,Premier League Weekly Showdown,Sports,Sports,English,60
E16619,U1713,C128,pause,2026-02-04,Mobile,30,0,36-45,Female,Hyderabad,Telangana,Free,College Boys Chaos,Movie,Comedy,Hindi,115
E16620,U1479,C140,play,2026-01-05,Mobile,4,0,26-35,Male,Lucknow,Uttar Pradesh,VIP,Dance India Dance Championship,Show,Reality,Hindi,50
E16621,U1319,C125,complete,2026-02-22,Mobile,39,1,36-45,Male,Pune,Maharashtra,VIP,Chennai Roast Arena,Show,Comedy,Tamil,40
E16622,U1504,C159,pause,2026-01-24,Mobile,5,0,36-45,Male,Delhi,Delhi,VIP,Bengal Morning Bulletin,News,News,Bengali,25
E16623,U1476,C158,pause,2026-01-01,Smart TV,14,0,18-25,Male,Mumbai,Maharashtra,VIP,State Express News Tamil,News,News,Tamil,30
E16624,U1641,C118,complete,2026-02-21,Web,44,1,18-25,Female,Patna,Bihar,Free,Kerala Waterfront Mystery,Series,Drama,Malayalam,48
E16625,U1475,C157,complete,2026-01-23,Mobile,39,1,26-35,Male,Bengaluru,Karnataka,Free,Startup Founders Blueprint,Show,News,English,40
E16626,U1723,C139,pause,2026-02-24,Web,40,0,26-35,Female,Lucknow,Uttar Pradesh,Premium,Bigg Boss Telugu Live,Show,Reality,Telugu,60
E16627,U1428,C155,pause,2026-02-08,Web,31,0,18-25,Other,Lucknow,Uttar Pradesh,Free,Wildlife Wonders: Western Ghats,Show,News,English,52
E16628,U1376,C111,pause,2026-01-07,Mobile,5,0,26-35,Male,Jaipur,Rajasthan,Free,Yeh Rishta: Family Bonds,Show,Drama,Hindi,22
E16629,U1521,C128,pause,2026-02-18,Mobile,10,0,18-25,Male,Kolkata,West Bengal,Free,College Boys Chaos,Movie,Comedy,Hindi,115
E16630,U1483,C120,pause,2026-02-10,Smart TV,14,0,36-45,Female,Chennai,Tamil Nadu,Free,Succession Politics India,Series,Drama,Hindi,45
E16631,U1430,C116,complete,2026-02-11,Smart TV,115,1,46+,Female,Bengaluru,Karnataka,Premium,Kolkata Love Diary,Movie,Drama,Bengali,125
E16632,U1588,C103,play,2026-02-09,Mobile,19,0,26-35,Male,Kolkata,West Bengal,VIP,Premier League Weekly Showdown,Sports,Sports,English,60
E16633,U1655,C158,pause,2026-02-02,Mobile,16,0,18-25,Other,Kochi,Kerala,Free,State Express News Tamil,News,News,Tamil,30
E16634,U1641,C117,complete,2026-01-13,Web,23,1,18-25,Female,Patna,Bihar,Free,Ghar Ek Mandir Classic,Show,Drama,Marathi,24
E16635,U1461,C106,play,2026-02-07,Mobile,20,0,26-35,Male,Chennai,Tamil Nadu,Premium,WPL T20 Blockbuster Match,Sports,Sports,Hindi,60
E16636,U1742,C114,pause,2026-02-20,Web,20,0,18-25,Male,Mumbai,Maharashtra,VIP,Telugu Royal Heritage,Series,Drama,Telugu,45
E16637,U1138,C137,complete,2026-01-14,Tablet,56,1,18-25,Male,Kolkata,West Bengal,Free,Bigg Boss All-Stars Hindi,Show,Reality,Hindi,60
E16638,U1344,C108,complete,2026-02-20,Mobile,59,1,46+,Female,Delhi,Delhi,VIP,ISL Football Clash of Titans,Sports,Sports,Bengali,60
E16639,U1425,C128,complete,2026-01-04,Smart TV,105,1,18-25,Male,Bengaluru,Karnataka,VIP,College Boys Chaos,Movie,Comedy,Hindi,115
E16640,U1346,C125,complete,2026-01-02,Web,36,1,36-45,Male,Bengaluru,Karnataka,VIP,Chennai Roast Arena,Show,Comedy,Tamil,40
E16641,U1552,C115,pause,2026-01-05,Smart TV,4,0,18-25,Female,Ahmedabad,Gujarat,VIP,Bengal Courtroom Secrets,Series,Drama,Bengali,40
E16642,U1424,C109,complete,2026-01-03,Web,42,1,18-25,Female,Mumbai,Maharashtra,VIP,Special Ops: Desert Falcon,Series,Drama,Hindi,45
E16643,U1001,C156,pause,2026-02-24,Mobile,19,0,26-35,Male,Delhi,Delhi,Free,Cricket Icons: The Untold Story,Show,News,Hindi,45
E16644,U1586,C138,complete,2026-01-07,Smart TV,57,1,18-25,Male,Mumbai,Maharashtra,Premium,Bigg Boss Tamil Season 8,Show,Reality,Tamil,60
E16645,U1006,C138,complete,2026-02-26,Mobile,55,1,18-25,Male,Pune,Maharashtra,Free,Bigg Boss Tamil Season 8,Show,Reality,Tamil,60
E16646,U1178,C129,pause,2026-01-07,Mobile,45,0,26-35,Female,Chennai,Tamil Nadu,VIP,Tiger Underground Strike,Movie,Action,Hindi,155
E16647,U1701,C134,pause,2026-01-29,Smart TV,85,0,18-25,Male,Mumbai,Maharashtra,Free,Night Hunter Squad,Movie,Action,English,130
E16648,U1038,C148,complete,2026-01-22,Mobile,18,1,18-25,Male,Chennai,Tamil Nadu,VIP,Doraemon Magic Gadgets,Series,Kids,Hindi,20
E16649,U1101,C110,play,2026-01-20,Mobile,3,0,26-35,Male,Delhi,Delhi,VIP,Anupama: New Beginnings,Show,Drama,Hindi,25
E16650,U1391,C109,play,2026-03-01,Mobile,17,0,46+,Other,Pune,Maharashtra,VIP,Special Ops: Desert Falcon,Series,Drama,Hindi,45
E16651,U1573,C150,complete,2026-02-22,Mobile,20,1,26-35,Female,Hyderabad,Telangana,Free,Super Bheem Galactic Battle,Series,Kids,Telugu,22
E16652,U1595,C160,complete,2026-02-24,Smart TV,29,1,46+,Female,Chennai,Tamil Nadu,VIP,Maharashtra Maha News,News,News,Marathi,30
E16653,U1482,C101,play,2026-01-08,Mobile,8,0,18-25,Male,Mumbai,Maharashtra,Free,IND vs AUS T20 Cup Highlights,Sports,Sports,Hindi,45
E16654,U1318,C129,pause,2026-01-30,Mobile,60,0,26-35,Female,Mumbai,Maharashtra,Free,Tiger Underground Strike,Movie,Action,Hindi,155
E16655,U1679,C107,pause,2026-02-02,Mobile,22,0,46+,Female,Lucknow,Uttar Pradesh,VIP,Champions Trophy Pre-Show,Sports,Sports,Telugu,40
E16656,U1227,C112,complete,2026-02-21,Mobile,45,1,18-25,Female,Pune,Maharashtra,VIP,City of Dreams: The Succession,Series,Drama,Hindi,50
E16657,U1382,C139,play,2026-02-02,Mobile,6,0,26-35,Female,Hyderabad,Telangana,Free,Bigg Boss Telugu Live,Show,Reality,Telugu,60
E16658,U1512,C144,pause,2026-01-01,Smart TV,16,0,26-35,Female,Mumbai,Maharashtra,VIP,Koffee Spotlight Lounge,Show,Reality,English,45
E16659,U1465,C147,complete,2026-01-05,Smart TV,19,1,26-35,Female,Mumbai,Maharashtra,Premium,Little Singham Rescue Mission,Series,Kids,Hindi,20
E16660,U1331,C109,pause,2026-02-14,Mobile,14,0,26-35,Female,Mumbai,Maharashtra,VIP,Special Ops: Desert Falcon,Series,Drama,Hindi,45
E16661,U1379,C107,play,2026-01-24,Mobile,22,0,18-25,Female,Bengaluru,Karnataka,VIP,Champions Trophy Pre-Show,Sports,Sports,Telugu,40
E16662,U1443,C148,pause,2026-02-17,Web,12,0,26-35,Male,Chennai,Tamil Nadu,VIP,Doraemon Magic Gadgets,Series,Kids,Hindi,20
E16663,U1632,C144,complete,2026-02-07,Mobile,42,1,18-25,Male,Chennai,Tamil Nadu,Free,Koffee Spotlight Lounge,Show,Reality,English,45
E16664,U1272,C157,pause,2026-01-09,Mobile,8,0,36-45,Female,Bengaluru,Karnataka,Premium,Startup Founders Blueprint,Show,News,English,40
E16665,U1094,C122,complete,2026-02-03,Mobile,20,1,36-45,Female,Kolkata,West Bengal,Free,Taarak Laugh Fest Episodes,Show,Comedy,Hindi,22
E16666,U1365,C133,pause,2026-01-10,Mobile,19,0,18-25,Female,Delhi,Delhi,VIP,Rudra: The Edge of Darkness,Series,Action,Hindi,48
E16667,U1466,C133,complete,2026-01-07,Mobile,44,1,36-45,Male,Ahmedabad,Gujarat,Free,Rudra: The Edge of Darkness,Series,Action,Hindi,48
E16668,U1499,C110,complete,2026-02-23,Mobile,24,1,26-35,Male,Mumbai,Maharashtra,Free,Anupama: New Beginnings,Show,Drama,Hindi,25
E16669,U1374,C139,complete,2026-02-18,Tablet,55,1,26-35,Male,Mumbai,Maharashtra,VIP,Bigg Boss Telugu Live,Show,Reality,Telugu,60
E16670,U1652,C105,complete,2026-01-09,Mobile,63,1,26-35,Female,Jaipur,Rajasthan,VIP,Pro Kabaddi League Finals,Sports,Sports,Tamil,70
E16671,U1206,C103,complete,2026-01-19,Mobile,55,1,26-35,Female,Mumbai,Maharashtra,Free,Premier League Weekly Showdown,Sports,Sports,English,60
E16672,U1323,C142,complete,2026-01-31,Mobile,42,1,18-25,Female,Delhi,Delhi,Premium,Master Chef Kitchen Wars,Show,Reality,Hindi,45
E16673,U1380,C144,play,2026-01-09,Mobile,11,0,26-35,Female,Kolkata,West Bengal,VIP,Koffee Spotlight Lounge,Show,Reality,English,45
E16674,U1560,C146,complete,2026-01-28,Tablet,72,1,26-35,Male,Kolkata,West Bengal,Free,Motu Patlu Space Adventure,Movie,Kids,Hindi,75
E16675,U1033,C113,pause,2026-02-17,Mobile,56,0,26-35,Male,Chennai,Tamil Nadu,VIP,Kaithi Revenge Chronicles,Movie,Drama,Tamil,140
E16676,U1724,C151,complete,2026-01-28,Smart TV,29,1,18-25,Male,Bengaluru,Karnataka,VIP,Daily Headlines 360,News,News,Hindi,30
E16677,U1493,C113,play,2026-02-20,Mobile,70,0,26-35,Male,Bengaluru,Karnataka,Free,Kaithi Revenge Chronicles,Movie,Drama,Tamil,140
E16678,U1213,C132,pause,2026-02-06,Mobile,18,0,18-25,Female,Delhi,Delhi,Free,Commando Force Mumbai,Series,Action,Hindi,42
E16679,U1310,C101,complete,2026-02-25,Mobile,40,1,36-45,Male,Mumbai,Maharashtra,Free,IND vs AUS T20 Cup Highlights,Sports,Sports,Hindi,45
E16680,U1209,C113,pause,2026-01-07,Smart TV,81,0,46+,Female,Delhi,Delhi,Premium,Kaithi Revenge Chronicles,Movie,Drama,Tamil,140
E16681,U1041,C145,complete,2026-01-01,Smart TV,83,1,26-35,Female,Patna,Bihar,Free,Chhota Bheem Himalayan Tour,Movie,Kids,Hindi,85
E16682,U1557,C106,complete,2026-01-15,Tablet,57,1,46+,Female,Kolkata,West Bengal,Premium,WPL T20 Blockbuster Match,Sports,Sports,Hindi,60
E16683,U1166,C137,pause,2026-01-14,Mobile,7,0,36-45,Male,Mumbai,Maharashtra,Free,Bigg Boss All-Stars Hindi,Show,Reality,Hindi,60
E16684,U1071,C146,complete,2026-02-25,Web,70,1,26-35,Female,Mumbai,Maharashtra,Premium,Motu Patlu Space Adventure,Movie,Kids,Hindi,75
E16685,U1467,C134,complete,2026-02-07,Mobile,128,1,18-25,Male,Bengaluru,Karnataka,Free,Night Hunter Squad,Movie,Action,English,130
E16686,U1370,C123,pause,2026-02-27,Mobile,12,0,18-25,Male,Bengaluru,Karnataka,Free,Sarabhai Classic Revival,Series,Comedy,Hindi,25
E16687,U1043,C104,pause,2026-01-04,Mobile,15,0,26-35,Male,Delhi,Delhi,Free,IND vs ENG Test Day 3 Highlights,Sports,Sports,English,50
E16688,U1687,C123,pause,2026-01-12,Mobile,13,0,36-45,Female,Chennai,Tamil Nadu,Free,Sarabhai Classic Revival,Series,Comedy,Hindi,25
E16689,U1303,C105,complete,2026-01-22,Mobile,68,1,18-25,Male,Lucknow,Uttar Pradesh,Free,Pro Kabaddi League Finals,Sports,Sports,Tamil,70
E16690,U1601,C126,play,2026-01-29,Tablet,17,0,46+,Male,Ahmedabad,Gujarat,VIP,Telugu Comedy Superstars,Show,Comedy,Telugu,30
E16691,U1044,C111,complete,2026-02-03,Smart TV,21,1,18-25,Female,Ahmedabad,Gujarat,Free,Yeh Rishta: Family Bonds,Show,Drama,Hindi,22
E16692,U1509,C115,play,2026-02-24,Smart TV,6,0,26-35,Female,Pune,Maharashtra,Free,Bengal Courtroom Secrets,Series,Drama,Bengali,40
E16693,U1378,C110,complete,2026-02-01,Mobile,22,1,26-35,Male,Chennai,Tamil Nadu,VIP,Anupama: New Beginnings,Show,Drama,Hindi,25
E16694,U1623,C140,complete,2026-01-15,Smart TV,46,1,26-35,Female,Delhi,Delhi,VIP,Dance India Dance Championship,Show,Reality,Hindi,50
E16695,U1336,C142,pause,2026-02-18,Mobile,4,0,26-35,Female,Bengaluru,Karnataka,VIP,Master Chef Kitchen Wars,Show,Reality,Hindi,45
E16696,U1301,C160,complete,2026-01-27,Mobile,28,1,36-45,Female,Mumbai,Maharashtra,Premium,Maharashtra Maha News,News,News,Marathi,30
E16697,U1043,C107,play,2026-01-30,Mobile,7,0,26-35,Male,Delhi,Delhi,Free,Champions Trophy Pre-Show,Sports,Sports,Telugu,40
E16698,U1212,C119,pause,2026-02-27,Tablet,18,0,18-25,Female,Mumbai,Maharashtra,VIP,The Crown Dynasty Legacy,Series,Drama,English,55
E16699,U1166,C159,play,2026-02-27,Smart TV,14,0,36-45,Male,Mumbai,Maharashtra,Free,Bengal Morning Bulletin,News,News,Bengali,25
E16700,U1394,C113,pause,2026-01-22,Mobile,19,0,46+,Female,Kochi,Kerala,Premium,Kaithi Revenge Chronicles,Movie,Drama,Tamil,140
E16701,U1203,C140,complete,2026-01-30,Smart TV,47,1,18-25,Female,Delhi,Delhi,Free,Dance India Dance Championship,Show,Reality,Hindi,50
E16702,U1481,C102,play,2026-02-11,Mobile,9,0,18-25,Male,Mumbai,Maharashtra,Premium,IPL Mega Auction Live Replay,Sports,Sports,Hindi,90
E16703,U1034,C113,complete,2026-01-02,Smart TV,128,1,26-35,Male,Hyderabad,Telangana,Free,Kaithi Revenge Chronicles,Movie,Drama,Tamil,140
E16704,U1046,C107,complete,2026-01-12,Smart TV,36,1,18-25,Male,Chennai,Tamil Nadu,Premium,Champions Trophy Pre-Show,Sports,Sports,Telugu,40
E16705,U1720,C130,complete,2026-01-23,Mobile,158,1,26-35,Male,Chennai,Tamil Nadu,VIP,Vikram: Shadow Commander,Movie,Action,Tamil,165
E16706,U1289,C136,complete,2026-02-11,Mobile,112,1,46+,Female,Mumbai,Maharashtra,VIP,Speed Street Heist,Movie,Action,English,120
E16707,U1689,C106,complete,2026-02-10,Web,56,1,46+,Female,Mumbai,Maharashtra,Free,WPL T20 Blockbuster Match,Sports,Sports,Hindi,60
E16708,U1403,C119,pause,2026-02-26,Mobile,12,0,18-25,Female,Ahmedabad,Gujarat,Free,The Crown Dynasty Legacy,Series,Drama,English,55
E16709,U1567,C108,pause,2026-01-12,Mobile,8,0,18-25,Female,Chennai,Tamil Nadu,Free,ISL Football Clash of Titans,Sports,Sports,Bengali,60
E16710,U1086,C111,complete,2026-01-03,Mobile,21,1,26-35,Female,Delhi,Delhi,VIP,Yeh Rishta: Family Bonds,Show,Drama,Hindi,22
E16711,U1347,C116,complete,2026-02-13,Mobile,122,1,26-35,Female,Ahmedabad,Gujarat,Free,Kolkata Love Diary,Movie,Drama,Bengali,125
E16712,U1069,C111,complete,2026-01-15,Mobile,20,1,36-45,Female,Ahmedabad,Gujarat,Premium,Yeh Rishta: Family Bonds,Show,Drama,Hindi,22
E16713,U1334,C116,complete,2026-01-08,Mobile,114,1,36-45,Male,Bengaluru,Karnataka,VIP,Kolkata Love Diary,Movie,Drama,Bengali,125
E16714,U1558,C115,pause,2026-01-24,Smart TV,10,0,26-35,Male,Bengaluru,Karnataka,Free,Bengal Courtroom Secrets,Series,Drama,Bengali,40
E16715,U1558,C119,play,2026-01-08,Mobile,19,0,26-35,Male,Bengaluru,Karnataka,Free,The Crown Dynasty Legacy,Series,Drama,English,55
E16716,U1512,C140,play,2026-01-09,Mobile,10,0,26-35,Female,Mumbai,Maharashtra,VIP,Dance India Dance Championship,Show,Reality,Hindi,50
E16717,U1149,C110,complete,2026-01-02,Web,24,1,46+,Male,Hyderabad,Telangana,Free,Anupama: New Beginnings,Show,Drama,Hindi,25
E16718,U1602,C141,complete,2026-02-01,Smart TV,52,1,26-35,Female,Mumbai,Maharashtra,Premium,Shark Pitch India S4,Show,Reality,Hindi,55
E16719,U1304,C102,play,2026-01-07,Mobile,13,0,36-45,Female,Bengaluru,Karnataka,Free,IPL Mega Auction Live Replay,Sports,Sports,Hindi,90
E16720,U1632,C105,pause,2026-02-07,Tablet,12,0,18-25,Male,Chennai,Tamil Nadu,Free,Pro Kabaddi League Finals,Sports,Sports,Tamil,70
E16721,U1598,C146,complete,2026-01-15,Mobile,70,1,18-25,Female,Delhi,Delhi,VIP,Motu Patlu Space Adventure,Movie,Kids,Hindi,75
E16722,U1052,C111,complete,2026-01-03,Smart TV,20,1,18-25,Male,Hyderabad,Telangana,VIP,Yeh Rishta: Family Bonds,Show,Drama,Hindi,22
E16723,U1376,C102,complete,2026-03-01,Mobile,87,1,26-35,Male,Jaipur,Rajasthan,Free,IPL Mega Auction Live Replay,Sports,Sports,Hindi,90
E16724,U1345,C107,play,2026-02-25,Mobile,15,0,26-35,Male,Pune,Maharashtra,VIP,Champions Trophy Pre-Show,Sports,Sports,Telugu,40
E16725,U1248,C124,complete,2026-01-11,Mobile,64,1,18-25,Male,Bengaluru,Karnataka,VIP,Standup Special: Bangalore Humor,Show,Comedy,English,65
E16726,U1412,C118,play,2026-01-31,Mobile,27,0,18-25,Male,Mumbai,Maharashtra,Premium,Kerala Waterfront Mystery,Series,Drama,Malayalam,48
E16727,U1507,C126,pause,2026-01-08,Tablet,17,0,26-35,Male,Kolkata,West Bengal,Premium,Telugu Comedy Superstars,Show,Comedy,Telugu,30
E16728,U1067,C141,complete,2026-02-07,Mobile,53,1,18-25,Female,Jaipur,Rajasthan,VIP,Shark Pitch India S4,Show,Reality,Hindi,55
E16729,U1103,C108,pause,2026-02-01,Mobile,9,0,18-25,Male,Delhi,Delhi,VIP,ISL Football Clash of Titans,Sports,Sports,Bengali,60
E16730,U1250,C111,pause,2026-01-12,Smart TV,8,0,26-35,Female,Mumbai,Maharashtra,Free,Yeh Rishta: Family Bonds,Show,Drama,Hindi,22
E16731,U1191,C127,complete,2026-01-18,Smart TV,28,1,26-35,Female,Bengaluru,Karnataka,VIP,Pune Pun Factory,Show,Comedy,Marathi,30
E16732,U1636,C149,complete,2026-02-17,Smart TV,18,1,26-35,Male,Mumbai,Maharashtra,Free,Shinchan Laugh Club,Series,Kids,Tamil,20
E16733,U1278,C132,pause,2026-01-31,Mobile,7,0,26-35,Male,Jaipur,Rajasthan,VIP,Commando Force Mumbai,Series,Action,Hindi,42
E16734,U1034,C105,pause,2026-02-23,Web,9,0,26-35,Male,Hyderabad,Telangana,Free,Pro Kabaddi League Finals,Sports,Sports,Tamil,70
E16735,U1564,C102,play,2026-02-24,Mobile,9,0,18-25,Female,Delhi,Delhi,Free,IPL Mega Auction Live Replay,Sports,Sports,Hindi,90
E16736,U1325,C139,complete,2026-02-07,Smart TV,55,1,26-35,Male,Kochi,Kerala,Free,Bigg Boss Telugu Live,Show,Reality,Telugu,60
E16737,U1566,C139,pause,2026-02-12,Mobile,30,0,18-25,Female,Kolkata,West Bengal,Free,Bigg Boss Telugu Live,Show,Reality,Telugu,60
E16738,U1312,C149,complete,2026-02-19,Mobile,18,1,26-35,Female,Chennai,Tamil Nadu,VIP,Shinchan Laugh Club,Series,Kids,Tamil,20
E16739,U1624,C107,pause,2026-02-12,Web,26,0,36-45,Male,Mumbai,Maharashtra,VIP,Champions Trophy Pre-Show,Sports,Sports,Telugu,40
E16740,U1193,C114,complete,2026-02-18,Tablet,41,1,18-25,Female,Chennai,Tamil Nadu,VIP,Telugu Royal Heritage,Series,Drama,Telugu,45
E16741,U1676,C115,pause,2026-02-18,Mobile,3,0,18-25,Male,Mumbai,Maharashtra,VIP,Bengal Courtroom Secrets,Series,Drama,Bengali,40
E16742,U1297,C109,pause,2026-01-08,Web,16,0,26-35,Male,Pune,Maharashtra,VIP,Special Ops: Desert Falcon,Series,Drama,Hindi,45
E16743,U1050,C123,complete,2026-01-11,Mobile,24,1,26-35,Female,Kolkata,West Bengal,Free,Sarabhai Classic Revival,Series,Comedy,Hindi,25
E16744,U1519,C107,complete,2026-01-09,Tablet,38,1,26-35,Male,Bengaluru,Karnataka,VIP,Champions Trophy Pre-Show,Sports,Sports,Telugu,40
E16745,U1579,C105,complete,2026-02-04,Web,65,1,36-45,Female,Delhi,Delhi,Free,Pro Kabaddi League Finals,Sports,Sports,Tamil,70
E16746,U1183,C127,pause,2026-02-01,Mobile,16,0,36-45,Other,Chennai,Tamil Nadu,Free,Pune Pun Factory,Show,Comedy,Marathi,30
E16747,U1304,C135,play,2026-02-23,Mobile,74,0,36-45,Female,Bengaluru,Karnataka,Free,Fighter Wing Alpha,Movie,Action,Hindi,145
E16748,U1395,C142,pause,2026-02-07,Tablet,17,0,18-25,Female,Mumbai,Maharashtra,Premium,Master Chef Kitchen Wars,Show,Reality,Hindi,45
E16749,U1426,C109,complete,2026-02-22,Smart TV,41,1,26-35,Female,Kolkata,West Bengal,Free,Special Ops: Desert Falcon,Series,Drama,Hindi,45
E16750,U1605,C122,play,2026-02-06,Mobile,2,0,26-35,Male,Hyderabad,Telangana,VIP,Taarak Laugh Fest Episodes,Show,Comedy,Hindi,22
E16751,U1125,C117,complete,2026-02-04,Mobile,22,1,18-25,Male,Bengaluru,Karnataka,Premium,Ghar Ek Mandir Classic,Show,Drama,Marathi,24
E16752,U1708,C122,complete,2026-01-04,Mobile,19,1,46+,Female,Bengaluru,Karnataka,Free,Taarak Laugh Fest Episodes,Show,Comedy,Hindi,22
E16753,U1127,C106,complete,2026-01-27,Tablet,55,1,26-35,Male,Kolkata,West Bengal,Premium,WPL T20 Blockbuster Match,Sports,Sports,Hindi,60
E16754,U1504,C101,complete,2026-01-03,Mobile,41,1,36-45,Male,Delhi,Delhi,VIP,IND vs AUS T20 Cup Highlights,Sports,Sports,Hindi,45
E16755,U1166,C108,complete,2026-01-14,Web,58,1,36-45,Male,Mumbai,Maharashtra,Free,ISL Football Clash of Titans,Sports,Sports,Bengali,60
E16756,U1608,C112,pause,2026-02-10,Web,21,0,26-35,Female,Kolkata,West Bengal,Free,City of Dreams: The Succession,Series,Drama,Hindi,50
E16757,U1099,C118,complete,2026-02-06,Smart TV,44,1,46+,Female,Hyderabad,Telangana,VIP,Kerala Waterfront Mystery,Series,Drama,Malayalam,48
E16758,U1243,C106,pause,2026-02-16,Web,9,0,26-35,Male,Mumbai,Maharashtra,Free,WPL T20 Blockbuster Match,Sports,Sports,Hindi,60
E16759,U1577,C151,pause,2026-01-20,Smart TV,14,0,46+,Male,Ahmedabad,Gujarat,Premium,Daily Headlines 360,News,News,Hindi,30
E16760,U1019,C122,pause,2026-01-23,Smart TV,15,0,18-25,Female,Jaipur,Rajasthan,Free,Taarak Laugh Fest Episodes,Show,Comedy,Hindi,22
E16761,U1464,C104,complete,2026-02-02,Web,45,1,26-35,Female,Chennai,Tamil Nadu,VIP,IND vs ENG Test Day 3 Highlights,Sports,Sports,English,50
E16762,U1016,C141,complete,2026-02-16,Web,52,1,36-45,Male,Mumbai,Maharashtra,Premium,Shark Pitch India S4,Show,Reality,Hindi,55
E16763,U1038,C101,complete,2026-01-10,Mobile,41,1,18-25,Male,Chennai,Tamil Nadu,VIP,IND vs AUS T20 Cup Highlights,Sports,Sports,Hindi,45
E16764,U1746,C140,complete,2026-02-08,Mobile,47,1,26-35,Male,Kolkata,West Bengal,Free,Dance India Dance Championship,Show,Reality,Hindi,50
E16765,U1186,C117,complete,2026-02-15,Mobile,23,1,46+,Male,Pune,Maharashtra,Free,Ghar Ek Mandir Classic,Show,Drama,Marathi,24
E16766,U1366,C107,pause,2026-01-21,Mobile,23,0,46+,Male,Jaipur,Rajasthan,VIP,Champions Trophy Pre-Show,Sports,Sports,Telugu,40
E16767,U1030,C104,pause,2026-03-01,Smart TV,34,0,18-25,Male,Chennai,Tamil Nadu,Free,IND vs ENG Test Day 3 Highlights,Sports,Sports,English,50
E16768,U1679,C110,play,2026-02-19,Mobile,6,0,46+,Female,Lucknow,Uttar Pradesh,VIP,Anupama: New Beginnings,Show,Drama,Hindi,25
E16769,U1593,C119,complete,2026-02-23,Mobile,54,1,26-35,Female,Kolkata,West Bengal,Free,The Crown Dynasty Legacy,Series,Drama,English,55
E16770,U1449,C114,complete,2026-02-22,Mobile,42,1,18-25,Male,Hyderabad,Telangana,Premium,Telugu Royal Heritage,Series,Drama,Telugu,45
E16771,U1551,C153,pause,2026-02-06,Tablet,15,0,18-25,Male,Hyderabad,Telangana,VIP,India at 2030: Space Ambitions,Show,News,English,50
E16772,U1305,C139,pause,2026-01-06,Web,40,0,18-25,Other,Bengaluru,Karnataka,Free,Bigg Boss Telugu Live,Show,Reality,Telugu,60
E16773,U1146,C146,complete,2026-02-06,Smart TV,68,1,18-25,Female,Mumbai,Maharashtra,Free,Motu Patlu Space Adventure,Movie,Kids,Hindi,75
E16774,U1080,C137,pause,2026-01-04,Mobile,14,0,18-25,Female,Bengaluru,Karnataka,VIP,Bigg Boss All-Stars Hindi,Show,Reality,Hindi,60
E16775,U1588,C151,pause,2026-02-27,Mobile,15,0,26-35,Male,Kolkata,West Bengal,VIP,Daily Headlines 360,News,News,Hindi,30
E16776,U1595,C156,play,2026-01-23,Mobile,12,0,46+,Female,Chennai,Tamil Nadu,VIP,Cricket Icons: The Untold Story,Show,News,Hindi,45
E16777,U1467,C151,play,2026-01-27,Smart TV,16,0,18-25,Male,Bengaluru,Karnataka,Free,Daily Headlines 360,News,News,Hindi,30
E16778,U1444,C118,complete,2026-01-20,Smart TV,45,1,46+,Female,Bengaluru,Karnataka,VIP,Kerala Waterfront Mystery,Series,Drama,Malayalam,48
E16779,U1434,C129,pause,2026-02-12,Smart TV,114,0,18-25,Male,Hyderabad,Telangana,VIP,Tiger Underground Strike,Movie,Action,Hindi,155
E16780,U1003,C111,complete,2026-02-08,Web,20,1,18-25,Male,Chennai,Tamil Nadu,Free,Yeh Rishta: Family Bonds,Show,Drama,Hindi,22
E16781,U1067,C119,complete,2026-02-18,Mobile,52,1,18-25,Female,Jaipur,Rajasthan,VIP,The Crown Dynasty Legacy,Series,Drama,English,55
E16782,U1197,C147,complete,2026-02-13,Mobile,19,1,18-25,Male,Bengaluru,Karnataka,VIP,Little Singham Rescue Mission,Series,Kids,Hindi,20
E16783,U1224,C155,pause,2026-02-02,Mobile,19,0,36-45,Male,Delhi,Delhi,VIP,Wildlife Wonders: Western Ghats,Show,News,English,52
E16784,U1061,C138,pause,2026-01-14,Web,37,0,26-35,Female,Mumbai,Maharashtra,Premium,Bigg Boss Tamil Season 8,Show,Reality,Tamil,60
E16785,U1067,C114,complete,2026-02-04,Mobile,44,1,18-25,Female,Jaipur,Rajasthan,VIP,Telugu Royal Heritage,Series,Drama,Telugu,45
E16786,U1166,C128,pause,2026-01-02,Mobile,22,0,36-45,Male,Mumbai,Maharashtra,Free,College Boys Chaos,Movie,Comedy,Hindi,115
E16787,U1223,C108,complete,2026-02-11,Tablet,55,1,18-25,Male,Delhi,Delhi,Free,ISL Football Clash of Titans,Sports,Sports,Bengali,60
E16788,U1325,C108,complete,2026-02-14,Smart TV,55,1,26-35,Male,Kochi,Kerala,Free,ISL Football Clash of Titans,Sports,Sports,Bengali,60
E16789,U1335,C103,play,2026-01-15,Smart TV,9,0,18-25,Male,Bengaluru,Karnataka,Free,Premier League Weekly Showdown,Sports,Sports,English,60
E16790,U1699,C107,pause,2026-01-17,Mobile,4,0,18-25,Female,Bengaluru,Karnataka,VIP,Champions Trophy Pre-Show,Sports,Sports,Telugu,40
E16791,U1653,C108,pause,2026-01-20,Web,38,0,18-25,Female,Mumbai,Maharashtra,Free,ISL Football Clash of Titans,Sports,Sports,Bengali,60
E16792,U1069,C141,pause,2026-01-26,Mobile,23,0,36-45,Female,Ahmedabad,Gujarat,Premium,Shark Pitch India S4,Show,Reality,Hindi,55
E16793,U1694,C105,pause,2026-02-05,Web,36,0,18-25,Female,Delhi,Delhi,Premium,Pro Kabaddi League Finals,Sports,Sports,Tamil,70
E16794,U1525,C107,complete,2026-02-13,Mobile,37,1,18-25,Female,Jaipur,Rajasthan,Free,Champions Trophy Pre-Show,Sports,Sports,Telugu,40
E16795,U1425,C129,complete,2026-02-11,Smart TV,148,1,18-25,Male,Bengaluru,Karnataka,VIP,Tiger Underground Strike,Movie,Action,Hindi,155
E16796,U1389,C104,complete,2026-02-08,Smart TV,46,1,26-35,Female,Kolkata,West Bengal,Premium,IND vs ENG Test Day 3 Highlights,Sports,Sports,English,50
E16797,U1135,C149,pause,2026-02-28,Mobile,4,0,26-35,Female,Mumbai,Maharashtra,Free,Shinchan Laugh Club,Series,Kids,Tamil,20
E16798,U1391,C119,complete,2026-02-24,Smart TV,53,1,46+,Other,Pune,Maharashtra,VIP,The Crown Dynasty Legacy,Series,Drama,English,55
E16799,U1294,C119,complete,2026-01-15,Mobile,50,1,18-25,Male,Kolkata,West Bengal,VIP,The Crown Dynasty Legacy,Series,Drama,English,55
E16800,U1344,C101,pause,2026-01-06,Smart TV,32,0,46+,Female,Delhi,Delhi,VIP,IND vs AUS T20 Cup Highlights,Sports,Sports,Hindi,45
E16801,U1085,C137,play,2026-01-16,Mobile,27,0,26-35,Male,Delhi,Delhi,Free,Bigg Boss All-Stars Hindi,Show,Reality,Hindi,60
E16802,U1608,C107,pause,2026-01-01,Mobile,18,0,26-35,Female,Kolkata,West Bengal,Free,Champions Trophy Pre-Show,Sports,Sports,Telugu,40
E16803,U1505,C117,complete,2026-01-29,Smart TV,23,1,18-25,Female,Hyderabad,Telangana,VIP,Ghar Ek Mandir Classic,Show,Drama,Marathi,24
E16804,U1742,C143,pause,2026-02-09,Mobile,7,0,18-25,Male,Mumbai,Maharashtra,VIP,Roadies Quest,Show,Reality,Hindi,45
E16805,U1571,C104,pause,2026-01-21,Mobile,27,0,36-45,Female,Hyderabad,Telangana,Free,IND vs ENG Test Day 3 Highlights,Sports,Sports,English,50
E16806,U1563,C151,complete,2026-01-01,Mobile,29,1,46+,Female,Delhi,Delhi,Premium,Daily Headlines 360,News,News,Hindi,30
E16807,U1672,C145,complete,2026-01-16,Smart TV,79,1,26-35,Male,Delhi,Delhi,VIP,Chhota Bheem Himalayan Tour,Movie,Kids,Hindi,85
E16808,U1664,C120,play,2026-01-28,Mobile,9,0,36-45,Male,Delhi,Delhi,Premium,Succession Politics India,Series,Drama,Hindi,45
E16809,U1071,C137,pause,2026-02-08,Mobile,32,0,26-35,Female,Mumbai,Maharashtra,Premium,Bigg Boss All-Stars Hindi,Show,Reality,Hindi,60
E16810,U1662,C105,complete,2026-01-27,Mobile,65,1,18-25,Female,Mumbai,Maharashtra,VIP,Pro Kabaddi League Finals,Sports,Sports,Tamil,70
E16811,U1620,C132,complete,2026-03-01,Smart TV,38,1,26-35,Female,Delhi,Delhi,Premium,Commando Force Mumbai,Series,Action,Hindi,42
E16812,U1504,C103,complete,2026-01-04,Mobile,58,1,36-45,Male,Delhi,Delhi,VIP,Premier League Weekly Showdown,Sports,Sports,English,60
E16813,U1149,C114,pause,2026-01-14,Mobile,15,0,46+,Male,Hyderabad,Telangana,Free,Telugu Royal Heritage,Series,Drama,Telugu,45
E16814,U1101,C132,play,2026-01-13,Mobile,22,0,26-35,Male,Delhi,Delhi,VIP,Commando Force Mumbai,Series,Action,Hindi,42
E16815,U1700,C126,complete,2026-02-25,Smart TV,28,1,36-45,Male,Delhi,Delhi,Premium,Telugu Comedy Superstars,Show,Comedy,Telugu,30
E16816,U1461,C145,complete,2026-03-01,Mobile,79,1,26-35,Male,Chennai,Tamil Nadu,Premium,Chhota Bheem Himalayan Tour,Movie,Kids,Hindi,85
E16817,U1297,C141,complete,2026-02-14,Smart TV,53,1,26-35,Male,Pune,Maharashtra,VIP,Shark Pitch India S4,Show,Reality,Hindi,55
E16818,U1743,C109,complete,2026-02-02,Smart TV,42,1,18-25,Female,Delhi,Delhi,VIP,Special Ops: Desert Falcon,Series,Drama,Hindi,45
E16819,U1378,C103,play,2026-02-10,Web,20,0,26-35,Male,Chennai,Tamil Nadu,VIP,Premier League Weekly Showdown,Sports,Sports,English,60
E16820,U1256,C139,complete,2026-01-24,Mobile,55,1,26-35,Male,Hyderabad,Telangana,Free,Bigg Boss Telugu Live,Show,Reality,Telugu,60
E16821,U1610,C119,complete,2026-02-12,Smart TV,52,1,18-25,Other,Bengaluru,Karnataka,Premium,The Crown Dynasty Legacy,Series,Drama,English,55
E16822,U1087,C111,pause,2026-01-30,Mobile,2,0,26-35,Female,Hyderabad,Telangana,Free,Yeh Rishta: Family Bonds,Show,Drama,Hindi,22
E16823,U1538,C125,pause,2026-02-14,Mobile,5,0,26-35,Female,Chennai,Tamil Nadu,Free,Chennai Roast Arena,Show,Comedy,Tamil,40
E16824,U1629,C131,complete,2026-02-15,Web,158,1,46+,Male,Kolkata,West Bengal,VIP,Devara Storm Rising,Movie,Action,Telugu,160
E16825,U1080,C106,complete,2026-02-25,Mobile,58,1,18-25,Female,Bengaluru,Karnataka,VIP,WPL T20 Blockbuster Match,Sports,Sports,Hindi,60
E16826,U1021,C118,complete,2026-02-05,Web,47,1,18-25,Female,Pune,Maharashtra,Free,Kerala Waterfront Mystery,Series,Drama,Malayalam,48
E16827,U1713,C116,complete,2026-01-24,Mobile,124,1,36-45,Female,Hyderabad,Telangana,Free,Kolkata Love Diary,Movie,Drama,Bengali,125
E16828,U1110,C135,play,2026-01-13,Mobile,83,0,26-35,Male,Hyderabad,Telangana,VIP,Fighter Wing Alpha,Movie,Action,Hindi,145
E16829,U1280,C149,pause,2026-01-29,Mobile,9,0,36-45,Female,Patna,Bihar,Free,Shinchan Laugh Club,Series,Kids,Tamil,20
E16830,U1597,C134,pause,2026-02-11,Mobile,41,0,36-45,Female,Mumbai,Maharashtra,VIP,Night Hunter Squad,Movie,Action,English,130
E16831,U1001,C102,complete,2026-02-28,Smart TV,88,1,26-35,Male,Delhi,Delhi,Free,IPL Mega Auction Live Replay,Sports,Sports,Hindi,90
E16832,U1065,C143,complete,2026-01-15,Mobile,44,1,36-45,Male,Delhi,Delhi,Free,Roadies Quest,Show,Reality,Hindi,45
E16833,U1206,C141,play,2026-01-05,Mobile,11,0,26-35,Female,Mumbai,Maharashtra,Free,Shark Pitch India S4,Show,Reality,Hindi,55
E16834,U1379,C125,complete,2026-02-22,Smart TV,38,1,18-25,Female,Bengaluru,Karnataka,VIP,Chennai Roast Arena,Show,Comedy,Tamil,40
E16835,U1236,C139,complete,2026-02-14,Mobile,55,1,26-35,Male,Delhi,Delhi,VIP,Bigg Boss Telugu Live,Show,Reality,Telugu,60
E16836,U1271,C103,complete,2026-02-13,Smart TV,55,1,36-45,Male,Kochi,Kerala,VIP,Premier League Weekly Showdown,Sports,Sports,English,60
E16837,U1626,C120,complete,2026-01-24,Smart TV,42,1,18-25,Female,Lucknow,Uttar Pradesh,Free,Succession Politics India,Series,Drama,Hindi,45
E16838,U1238,C109,pause,2026-02-28,Mobile,4,0,26-35,Male,Kolkata,West Bengal,Premium,Special Ops: Desert Falcon,Series,Drama,Hindi,45
E16839,U1376,C122,complete,2026-01-19,Smart TV,21,1,26-35,Male,Jaipur,Rajasthan,Free,Taarak Laugh Fest Episodes,Show,Comedy,Hindi,22
E16840,U1210,C142,complete,2026-02-19,Mobile,44,1,18-25,Female,Mumbai,Maharashtra,Premium,Master Chef Kitchen Wars,Show,Reality,Hindi,45
E16841,U1676,C132,complete,2026-01-27,Mobile,40,1,18-25,Male,Mumbai,Maharashtra,VIP,Commando Force Mumbai,Series,Action,Hindi,42
E16842,U1256,C129,play,2026-02-05,Mobile,55,0,26-35,Male,Hyderabad,Telangana,Free,Tiger Underground Strike,Movie,Action,Hindi,155
E16843,U1095,C104,play,2026-02-20,Mobile,5,0,18-25,Female,Mumbai,Maharashtra,VIP,IND vs ENG Test Day 3 Highlights,Sports,Sports,English,50
E16844,U1181,C144,pause,2026-02-06,Mobile,8,0,26-35,Male,Pune,Maharashtra,Free,Koffee Spotlight Lounge,Show,Reality,English,45
E16845,U1171,C160,complete,2026-01-31,Web,28,1,46+,Female,Delhi,Delhi,Free,Maharashtra Maha News,News,News,Marathi,30
E16846,U1560,C132,complete,2026-01-15,Mobile,40,1,26-35,Male,Kolkata,West Bengal,Free,Commando Force Mumbai,Series,Action,Hindi,42
E16847,U1701,C137,play,2026-01-08,Mobile,29,0,18-25,Male,Mumbai,Maharashtra,Free,Bigg Boss All-Stars Hindi,Show,Reality,Hindi,60
E16848,U1416,C142,complete,2026-01-11,Web,44,1,18-25,Female,Lucknow,Uttar Pradesh,Premium,Master Chef Kitchen Wars,Show,Reality,Hindi,45
E16849,U1061,C117,complete,2026-01-11,Mobile,22,1,26-35,Female,Mumbai,Maharashtra,Premium,Ghar Ek Mandir Classic,Show,Drama,Marathi,24
E16850,U1720,C103,complete,2026-02-03,Web,57,1,26-35,Male,Chennai,Tamil Nadu,VIP,Premier League Weekly Showdown,Sports,Sports,English,60
E16851,U1073,C104,complete,2026-03-01,Web,49,1,26-35,Male,Lucknow,Uttar Pradesh,Premium,IND vs ENG Test Day 3 Highlights,Sports,Sports,English,50
E16852,U1038,C149,pause,2026-02-06,Mobile,3,0,18-25,Male,Chennai,Tamil Nadu,VIP,Shinchan Laugh Club,Series,Kids,Tamil,20
E16853,U1518,C148,complete,2026-02-20,Smart TV,19,1,18-25,Male,Kochi,Kerala,Free,Doraemon Magic Gadgets,Series,Kids,Hindi,20
E16854,U1271,C131,pause,2026-01-05,Mobile,46,0,36-45,Male,Kochi,Kerala,VIP,Devara Storm Rising,Movie,Action,Telugu,160
E16855,U1678,C131,complete,2026-01-29,Smart TV,158,1,26-35,Female,Ahmedabad,Gujarat,Premium,Devara Storm Rising,Movie,Action,Telugu,160
E16856,U1531,C125,pause,2026-02-21,Mobile,17,0,36-45,Female,Hyderabad,Telangana,VIP,Chennai Roast Arena,Show,Comedy,Tamil,40
E16857,U1011,C106,complete,2026-01-04,Mobile,57,1,18-25,Male,Delhi,Delhi,VIP,WPL T20 Blockbuster Match,Sports,Sports,Hindi,60
E16858,U1157,C122,complete,2026-02-08,Mobile,20,1,26-35,Female,Lucknow,Uttar Pradesh,Free,Taarak Laugh Fest Episodes,Show,Comedy,Hindi,22
E16859,U1028,C133,pause,2026-02-03,Smart TV,18,0,46+,Female,Lucknow,Uttar Pradesh,VIP,Rudra: The Edge of Darkness,Series,Action,Hindi,48
E16860,U1675,C131,complete,2026-02-20,Smart TV,159,1,18-25,Male,Mumbai,Maharashtra,Free,Devara Storm Rising,Movie,Action,Telugu,160
E16861,U1705,C142,pause,2026-02-28,Mobile,14,0,26-35,Female,Delhi,Delhi,Free,Master Chef Kitchen Wars,Show,Reality,Hindi,45
E16862,U1394,C120,complete,2026-02-18,Tablet,41,1,46+,Female,Kochi,Kerala,Premium,Succession Politics India,Series,Drama,Hindi,45
E16863,U1220,C135,pause,2026-02-09,Web,62,0,26-35,Male,Chennai,Tamil Nadu,Free,Fighter Wing Alpha,Movie,Action,Hindi,145
E16864,U1436,C107,complete,2026-01-22,Tablet,37,1,46+,Female,Mumbai,Maharashtra,Premium,Champions Trophy Pre-Show,Sports,Sports,Telugu,40
E16865,U1560,C101,play,2026-02-27,Mobile,25,0,26-35,Male,Kolkata,West Bengal,Free,IND vs AUS T20 Cup Highlights,Sports,Sports,Hindi,45
E16866,U1530,C142,complete,2026-02-05,Mobile,43,1,18-25,Female,Hyderabad,Telangana,Premium,Master Chef Kitchen Wars,Show,Reality,Hindi,45
E16867,U1640,C123,complete,2026-01-07,Mobile,22,1,18-25,Other,Delhi,Delhi,Premium,Sarabhai Classic Revival,Series,Comedy,Hindi,25
E16868,U1602,C142,pause,2026-01-09,Mobile,3,0,26-35,Female,Mumbai,Maharashtra,Premium,Master Chef Kitchen Wars,Show,Reality,Hindi,45
E16869,U1117,C138,complete,2026-01-09,Mobile,57,1,18-25,Male,Delhi,Delhi,Premium,Bigg Boss Tamil Season 8,Show,Reality,Tamil,60
E16870,U1257,C110,pause,2026-01-05,Web,16,0,36-45,Male,Bengaluru,Karnataka,Free,Anupama: New Beginnings,Show,Drama,Hindi,25
E16871,U1016,C158,pause,2026-02-10,Mobile,3,0,36-45,Male,Mumbai,Maharashtra,Premium,State Express News Tamil,News,News,Tamil,30
E16872,U1370,C124,play,2026-01-30,Mobile,34,0,18-25,Male,Bengaluru,Karnataka,Free,Standup Special: Bangalore Humor,Show,Comedy,English,65
E16873,U1117,C115,complete,2026-01-08,Web,37,1,18-25,Male,Delhi,Delhi,Premium,Bengal Courtroom Secrets,Series,Drama,Bengali,40
E16874,U1108,C108,complete,2026-01-28,Mobile,58,1,18-25,Female,Ahmedabad,Gujarat,VIP,ISL Football Clash of Titans,Sports,Sports,Bengali,60
E16875,U1586,C150,complete,2026-01-12,Smart TV,19,1,18-25,Male,Mumbai,Maharashtra,Premium,Super Bheem Galactic Battle,Series,Kids,Telugu,22
E16876,U1110,C104,pause,2026-01-08,Mobile,17,0,26-35,Male,Hyderabad,Telangana,VIP,IND vs ENG Test Day 3 Highlights,Sports,Sports,English,50
E16877,U1679,C123,complete,2026-01-20,Mobile,23,1,46+,Female,Lucknow,Uttar Pradesh,VIP,Sarabhai Classic Revival,Series,Comedy,Hindi,25
E16878,U1278,C146,complete,2026-01-24,Mobile,72,1,26-35,Male,Jaipur,Rajasthan,VIP,Motu Patlu Space Adventure,Movie,Kids,Hindi,75
E16879,U1721,C151,complete,2026-02-08,Mobile,29,1,46+,Male,Delhi,Delhi,Free,Daily Headlines 360,News,News,Hindi,30
E16880,U1701,C114,pause,2026-01-20,Smart TV,29,0,18-25,Male,Mumbai,Maharashtra,Free,Telugu Royal Heritage,Series,Drama,Telugu,45
E16881,U1049,C112,complete,2026-02-24,Mobile,47,1,26-35,Female,Mumbai,Maharashtra,Free,City of Dreams: The Succession,Series,Drama,Hindi,50
E16882,U1135,C120,pause,2026-01-27,Smart TV,32,0,26-35,Female,Mumbai,Maharashtra,Free,Succession Politics India,Series,Drama,Hindi,45
E16883,U1701,C140,pause,2026-01-27,Mobile,11,0,18-25,Male,Mumbai,Maharashtra,Free,Dance India Dance Championship,Show,Reality,Hindi,50
E16884,U1444,C147,pause,2026-02-05,Mobile,8,0,46+,Female,Bengaluru,Karnataka,VIP,Little Singham Rescue Mission,Series,Kids,Hindi,20
E16885,U1305,C116,complete,2026-02-19,Web,119,1,18-25,Other,Bengaluru,Karnataka,Free,Kolkata Love Diary,Movie,Drama,Bengali,125
E16886,U1442,C149,complete,2026-02-11,Web,18,1,18-25,Male,Mumbai,Maharashtra,VIP,Shinchan Laugh Club,Series,Kids,Tamil,20
E16887,U1003,C131,pause,2026-01-20,Web,53,0,18-25,Male,Chennai,Tamil Nadu,Free,Devara Storm Rising,Movie,Action,Telugu,160
E16888,U1661,C119,pause,2026-02-16,Mobile,21,0,26-35,Male,Mumbai,Maharashtra,Free,The Crown Dynasty Legacy,Series,Drama,English,55
E16889,U1415,C140,play,2026-02-10,Mobile,24,0,26-35,Female,Mumbai,Maharashtra,Free,Dance India Dance Championship,Show,Reality,Hindi,50
E16890,U1296,C124,pause,2026-01-19,Smart TV,31,0,46+,Female,Kolkata,West Bengal,VIP,Standup Special: Bangalore Humor,Show,Comedy,English,65
E16891,U1067,C106,complete,2026-02-10,Mobile,58,1,18-25,Female,Jaipur,Rajasthan,VIP,WPL T20 Blockbuster Match,Sports,Sports,Hindi,60
E16892,U1111,C133,complete,2026-02-19,Mobile,43,1,18-25,Male,Mumbai,Maharashtra,VIP,Rudra: The Edge of Darkness,Series,Action,Hindi,48
E16893,U1588,C108,pause,2026-02-14,Mobile,24,0,26-35,Male,Kolkata,West Bengal,VIP,ISL Football Clash of Titans,Sports,Sports,Bengali,60
E16894,U1620,C157,complete,2026-01-16,Web,37,1,26-35,Female,Delhi,Delhi,Premium,Startup Founders Blueprint,Show,News,English,40
E16895,U1238,C137,complete,2026-02-07,Web,56,1,26-35,Male,Kolkata,West Bengal,Premium,Bigg Boss All-Stars Hindi,Show,Reality,Hindi,60
E16896,U1643,C132,complete,2026-01-22,Mobile,40,1,26-35,Male,Chennai,Tamil Nadu,Free,Commando Force Mumbai,Series,Action,Hindi,42
E16897,U1201,C139,complete,2026-01-21,Smart TV,59,1,18-25,Female,Pune,Maharashtra,Premium,Bigg Boss Telugu Live,Show,Reality,Telugu,60
E16898,U1155,C132,complete,2026-01-19,Web,41,1,36-45,Male,Mumbai,Maharashtra,Free,Commando Force Mumbai,Series,Action,Hindi,42
E16899,U1432,C132,pause,2026-01-23,Smart TV,28,0,36-45,Male,Ahmedabad,Gujarat,Free,Commando Force Mumbai,Series,Action,Hindi,42
E16900,U1153,C115,complete,2026-01-10,Smart TV,38,1,18-25,Male,Delhi,Delhi,Premium,Bengal Courtroom Secrets,Series,Drama,Bengali,40
E16901,U1091,C137,complete,2026-01-01,Smart TV,54,1,26-35,Female,Delhi,Delhi,Premium,Bigg Boss All-Stars Hindi,Show,Reality,Hindi,60
E16902,U1433,C102,pause,2026-01-16,Mobile,20,0,18-25,Male,Kochi,Kerala,Premium,IPL Mega Auction Live Replay,Sports,Sports,Hindi,90
E16903,U1582,C105,pause,2026-01-02,Mobile,13,0,26-35,Male,Bengaluru,Karnataka,Premium,Pro Kabaddi League Finals,Sports,Sports,Tamil,70
E16904,U1430,C131,pause,2026-02-13,Mobile,37,0,46+,Female,Bengaluru,Karnataka,Premium,Devara Storm Rising,Movie,Action,Telugu,160
E16905,U1746,C114,play,2026-02-27,Smart TV,8,0,26-35,Male,Kolkata,West Bengal,Free,Telugu Royal Heritage,Series,Drama,Telugu,45
E16906,U1494,C111,pause,2026-02-03,Mobile,8,0,36-45,Female,Mumbai,Maharashtra,Free,Yeh Rishta: Family Bonds,Show,Drama,Hindi,22
E16907,U1144,C148,complete,2026-01-11,Tablet,19,1,26-35,Male,Bengaluru,Karnataka,Free,Doraemon Magic Gadgets,Series,Kids,Hindi,20
E16908,U1059,C137,play,2026-02-26,Mobile,31,0,18-25,Male,Bengaluru,Karnataka,VIP,Bigg Boss All-Stars Hindi,Show,Reality,Hindi,60
E16909,U1389,C127,complete,2026-01-03,Web,27,1,26-35,Female,Kolkata,West Bengal,Premium,Pune Pun Factory,Show,Comedy,Marathi,30
E16910,U1629,C127,complete,2026-01-20,Mobile,29,1,46+,Male,Kolkata,West Bengal,VIP,Pune Pun Factory,Show,Comedy,Marathi,30
E16911,U1081,C159,complete,2026-01-24,Mobile,23,1,26-35,Male,Bengaluru,Karnataka,VIP,Bengal Morning Bulletin,News,News,Bengali,25
E16912,U1632,C139,play,2026-02-07,Tablet,39,0,18-25,Male,Chennai,Tamil Nadu,Free,Bigg Boss Telugu Live,Show,Reality,Telugu,60
E16913,U1746,C134,play,2026-01-28,Mobile,36,0,26-35,Male,Kolkata,West Bengal,Free,Night Hunter Squad,Movie,Action,English,130
E16914,U1445,C105,pause,2026-02-20,Smart TV,16,0,46+,Female,Pune,Maharashtra,Free,Pro Kabaddi League Finals,Sports,Sports,Tamil,70
E16915,U1651,C108,complete,2026-01-24,Web,58,1,46+,Female,Kochi,Kerala,VIP,ISL Football Clash of Titans,Sports,Sports,Bengali,60
E16916,U1445,C116,play,2026-02-07,Tablet,72,0,46+,Female,Pune,Maharashtra,Free,Kolkata Love Diary,Movie,Drama,Bengali,125
E16917,U1467,C105,play,2026-01-25,Mobile,28,0,18-25,Male,Bengaluru,Karnataka,Free,Pro Kabaddi League Finals,Sports,Sports,Tamil,70
E16918,U1429,C135,complete,2026-02-24,Mobile,143,1,26-35,Male,Mumbai,Maharashtra,Free,Fighter Wing Alpha,Movie,Action,Hindi,145
E16919,U1398,C107,complete,2026-01-15,Mobile,36,1,18-25,Female,Chennai,Tamil Nadu,VIP,Champions Trophy Pre-Show,Sports,Sports,Telugu,40
E16920,U1270,C103,pause,2026-02-07,Mobile,27,0,18-25,Male,Delhi,Delhi,VIP,Premier League Weekly Showdown,Sports,Sports,English,60
E16921,U1541,C117,play,2026-02-08,Mobile,7,0,26-35,Female,Delhi,Delhi,VIP,Ghar Ek Mandir Classic,Show,Drama,Marathi,24
E16922,U1188,C107,pause,2026-01-23,Mobile,11,0,26-35,Female,Hyderabad,Telangana,Premium,Champions Trophy Pre-Show,Sports,Sports,Telugu,40
E16923,U1430,C124,complete,2026-02-16,Smart TV,59,1,46+,Female,Bengaluru,Karnataka,Premium,Standup Special: Bangalore Humor,Show,Comedy,English,65
E16924,U1411,C122,complete,2026-02-05,Smart TV,19,1,18-25,Female,Jaipur,Rajasthan,Premium,Taarak Laugh Fest Episodes,Show,Comedy,Hindi,22
E16925,U1391,C132,pause,2026-01-15,Smart TV,25,0,46+,Other,Pune,Maharashtra,VIP,Commando Force Mumbai,Series,Action,Hindi,42
E16926,U1164,C122,pause,2026-01-18,Mobile,3,0,26-35,Male,Delhi,Delhi,Free,Taarak Laugh Fest Episodes,Show,Comedy,Hindi,22
E16927,U1166,C111,complete,2026-02-26,Smart TV,21,1,36-45,Male,Mumbai,Maharashtra,Free,Yeh Rishta: Family Bonds,Show,Drama,Hindi,22
E16928,U1574,C104,pause,2026-02-17,Mobile,18,0,18-25,Male,Kolkata,West Bengal,VIP,IND vs ENG Test Day 3 Highlights,Sports,Sports,English,50
E16929,U1386,C139,complete,2026-01-05,Smart TV,57,1,46+,Female,Kolkata,West Bengal,Free,Bigg Boss Telugu Live,Show,Reality,Telugu,60
E16930,U1132,C152,complete,2026-01-10,Mobile,23,1,18-25,Male,Delhi,Delhi,VIP,Global Tech & Economy Report,News,News,English,25
E16931,U1123,C102,complete,2026-01-16,Mobile,88,1,18-25,Female,Ahmedabad,Gujarat,VIP,IPL Mega Auction Live Replay,Sports,Sports,Hindi,90
E16932,U1650,C105,pause,2026-02-26,Mobile,32,0,26-35,Male,Delhi,Delhi,Premium,Pro Kabaddi League Finals,Sports,Sports,Tamil,70
E16933,U1182,C115,play,2026-02-12,Mobile,19,0,26-35,Female,Bengaluru,Karnataka,Premium,Bengal Courtroom Secrets,Series,Drama,Bengali,40
E16934,U1659,C159,complete,2026-02-10,Smart TV,24,1,26-35,Male,Mumbai,Maharashtra,Free,Bengal Morning Bulletin,News,News,Bengali,25
E16935,U1127,C112,play,2026-02-04,Mobile,16,0,26-35,Male,Kolkata,West Bengal,Premium,City of Dreams: The Succession,Series,Drama,Hindi,50
E16936,U1603,C134,complete,2026-01-07,Web,125,1,46+,Male,Bengaluru,Karnataka,Free,Night Hunter Squad,Movie,Action,English,130
E16937,U1168,C123,complete,2026-02-26,Mobile,23,1,36-45,Male,Mumbai,Maharashtra,VIP,Sarabhai Classic Revival,Series,Comedy,Hindi,25
E16938,U1679,C143,complete,2026-02-15,Smart TV,41,1,46+,Female,Lucknow,Uttar Pradesh,VIP,Roadies Quest,Show,Reality,Hindi,45
E16939,U1610,C104,complete,2026-01-08,Mobile,46,1,18-25,Other,Bengaluru,Karnataka,Premium,IND vs ENG Test Day 3 Highlights,Sports,Sports,English,50
E16940,U1163,C124,complete,2026-01-22,Smart TV,62,1,18-25,Other,Bengaluru,Karnataka,Premium,Standup Special: Bangalore Humor,Show,Comedy,English,65
E16941,U1646,C131,complete,2026-01-24,Web,150,1,26-35,Male,Hyderabad,Telangana,Premium,Devara Storm Rising,Movie,Action,Telugu,160
E16942,U1749,C118,pause,2026-01-27,Mobile,14,0,18-25,Male,Delhi,Delhi,Free,Kerala Waterfront Mystery,Series,Drama,Malayalam,48
E16943,U1113,C125,pause,2026-02-19,Web,9,0,18-25,Male,Mumbai,Maharashtra,Free,Chennai Roast Arena,Show,Comedy,Tamil,40
E16944,U1502,C119,pause,2026-01-10,Smart TV,33,0,18-25,Female,Delhi,Delhi,Free,The Crown Dynasty Legacy,Series,Drama,English,55
E16945,U1625,C105,complete,2026-01-03,Smart TV,68,1,18-25,Female,Bengaluru,Karnataka,VIP,Pro Kabaddi League Finals,Sports,Sports,Tamil,70
E16946,U1478,C104,complete,2026-02-04,Mobile,48,1,26-35,Male,Delhi,Delhi,Premium,IND vs ENG Test Day 3 Highlights,Sports,Sports,English,50
E16947,U1692,C157,pause,2026-02-06,Web,4,0,26-35,Male,Bengaluru,Karnataka,Premium,Startup Founders Blueprint,Show,News,English,40
E16948,U1053,C142,pause,2026-01-18,Mobile,24,0,26-35,Female,Chennai,Tamil Nadu,VIP,Master Chef Kitchen Wars,Show,Reality,Hindi,45
E16949,U1508,C138,pause,2026-02-23,Mobile,8,0,36-45,Female,Mumbai,Maharashtra,Free,Bigg Boss Tamil Season 8,Show,Reality,Tamil,60
E16950,U1101,C147,pause,2026-01-09,Mobile,9,0,26-35,Male,Delhi,Delhi,VIP,Little Singham Rescue Mission,Series,Kids,Hindi,20
E16951,U1516,C120,complete,2026-01-01,Mobile,41,1,26-35,Female,Bengaluru,Karnataka,Free,Succession Politics India,Series,Drama,Hindi,45
E16952,U1705,C142,pause,2026-02-14,Mobile,10,0,26-35,Female,Delhi,Delhi,Free,Master Chef Kitchen Wars,Show,Reality,Hindi,45
E16953,U1603,C123,pause,2026-01-09,Mobile,11,0,46+,Male,Bengaluru,Karnataka,Free,Sarabhai Classic Revival,Series,Comedy,Hindi,25
E16954,U1538,C124,pause,2026-02-25,Mobile,17,0,26-35,Female,Chennai,Tamil Nadu,Free,Standup Special: Bangalore Humor,Show,Comedy,English,65
E16955,U1011,C128,complete,2026-01-06,Mobile,106,1,18-25,Male,Delhi,Delhi,VIP,College Boys Chaos,Movie,Comedy,Hindi,115
E16956,U1362,C128,complete,2026-01-15,Mobile,110,1,18-25,Male,Chennai,Tamil Nadu,Free,College Boys Chaos,Movie,Comedy,Hindi,115
E16957,U1589,C137,complete,2026-01-15,Smart TV,55,1,18-25,Male,Lucknow,Uttar Pradesh,Free,Bigg Boss All-Stars Hindi,Show,Reality,Hindi,60
E16958,U1465,C123,play,2026-02-17,Mobile,11,0,26-35,Female,Mumbai,Maharashtra,Premium,Sarabhai Classic Revival,Series,Comedy,Hindi,25
E16959,U1082,C116,complete,2026-01-21,Web,113,1,18-25,Male,Chennai,Tamil Nadu,Premium,Kolkata Love Diary,Movie,Drama,Bengali,125
E16960,U1725,C159,complete,2026-01-14,Mobile,23,1,26-35,Female,Bengaluru,Karnataka,VIP,Bengal Morning Bulletin,News,News,Bengali,25
E16961,U1201,C104,complete,2026-02-25,Mobile,46,1,18-25,Female,Pune,Maharashtra,Premium,IND vs ENG Test Day 3 Highlights,Sports,Sports,English,50
E16962,U1644,C148,complete,2026-01-31,Mobile,18,1,36-45,Female,Kochi,Kerala,VIP,Doraemon Magic Gadgets,Series,Kids,Hindi,20
E16963,U1259,C142,pause,2026-01-16,Mobile,22,0,18-25,Male,Lucknow,Uttar Pradesh,VIP,Master Chef Kitchen Wars,Show,Reality,Hindi,45
E16964,U1450,C149,play,2026-01-14,Smart TV,15,0,18-25,Female,Ahmedabad,Gujarat,Free,Shinchan Laugh Club,Series,Kids,Tamil,20
E16965,U1157,C116,complete,2026-02-03,Mobile,116,1,26-35,Female,Lucknow,Uttar Pradesh,Free,Kolkata Love Diary,Movie,Drama,Bengali,125
E16966,U1128,C133,play,2026-01-12,Mobile,16,0,26-35,Female,Pune,Maharashtra,VIP,Rudra: The Edge of Darkness,Series,Action,Hindi,48
E16967,U1725,C152,complete,2026-02-21,Mobile,24,1,26-35,Female,Bengaluru,Karnataka,VIP,Global Tech & Economy Report,News,News,English,25
E16968,U1743,C139,pause,2026-02-02,Web,25,0,18-25,Female,Delhi,Delhi,VIP,Bigg Boss Telugu Live,Show,Reality,Telugu,60
E16969,U1430,C136,pause,2026-01-07,Mobile,14,0,46+,Female,Bengaluru,Karnataka,Premium,Speed Street Heist,Movie,Action,English,120
E16970,U1602,C130,play,2026-02-05,Mobile,53,0,26-35,Female,Mumbai,Maharashtra,Premium,Vikram: Shadow Commander,Movie,Action,Tamil,165
E16971,U1166,C105,complete,2026-02-12,Smart TV,64,1,36-45,Male,Mumbai,Maharashtra,Free,Pro Kabaddi League Finals,Sports,Sports,Tamil,70
E16972,U1691,C139,complete,2026-01-20,Web,55,1,26-35,Male,Delhi,Delhi,Free,Bigg Boss Telugu Live,Show,Reality,Telugu,60
E16973,U1135,C112,pause,2026-02-10,Smart TV,34,0,26-35,Female,Mumbai,Maharashtra,Free,City of Dreams: The Succession,Series,Drama,Hindi,50
E16974,U1008,C102,pause,2026-01-10,Web,58,0,26-35,Male,Lucknow,Uttar Pradesh,Free,IPL Mega Auction Live Replay,Sports,Sports,Hindi,90
E16975,U1203,C107,play,2026-02-09,Smart TV,29,0,18-25,Female,Delhi,Delhi,Free,Champions Trophy Pre-Show,Sports,Sports,Telugu,40
E16976,U1491,C135,pause,2026-01-09,Tablet,25,0,18-25,Male,Delhi,Delhi,Free,Fighter Wing Alpha,Movie,Action,Hindi,145
E16977,U1217,C109,play,2026-01-11,Smart TV,27,0,18-25,Male,Patna,Bihar,Free,Special Ops: Desert Falcon,Series,Drama,Hindi,45
E16978,U1226,C122,pause,2026-02-27,Mobile,2,0,18-25,Female,Delhi,Delhi,Free,Taarak Laugh Fest Episodes,Show,Comedy,Hindi,22
E16979,U1092,C148,play,2026-01-28,Mobile,9,0,18-25,Male,Pune,Maharashtra,Free,Doraemon Magic Gadgets,Series,Kids,Hindi,20
E16980,U1701,C158,complete,2026-02-02,Mobile,27,1,18-25,Male,Mumbai,Maharashtra,Free,State Express News Tamil,News,News,Tamil,30
E16981,U1632,C134,complete,2026-02-11,Mobile,120,1,18-25,Male,Chennai,Tamil Nadu,Free,Night Hunter Squad,Movie,Action,English,130
E16982,U1469,C107,complete,2026-02-22,Mobile,38,1,26-35,Male,Mumbai,Maharashtra,VIP,Champions Trophy Pre-Show,Sports,Sports,Telugu,40
E16983,U1050,C106,complete,2026-02-19,Web,54,1,26-35,Female,Kolkata,West Bengal,Free,WPL T20 Blockbuster Match,Sports,Sports,Hindi,60
E16984,U1430,C123,complete,2026-02-24,Smart TV,23,1,46+,Female,Bengaluru,Karnataka,Premium,Sarabhai Classic Revival,Series,Comedy,Hindi,25
E16985,U1688,C150,complete,2026-01-19,Web,20,1,18-25,Female,Hyderabad,Telangana,Premium,Super Bheem Galactic Battle,Series,Kids,Telugu,22
E16986,U1726,C139,complete,2026-02-25,Mobile,54,1,36-45,Male,Ahmedabad,Gujarat,VIP,Bigg Boss Telugu Live,Show,Reality,Telugu,60
E16987,U1085,C104,pause,2026-01-03,Mobile,13,0,26-35,Male,Delhi,Delhi,Free,IND vs ENG Test Day 3 Highlights,Sports,Sports,English,50
E16988,U1012,C117,pause,2026-02-07,Mobile,7,0,18-25,Male,Hyderabad,Telangana,VIP,Ghar Ek Mandir Classic,Show,Drama,Marathi,24
E16989,U1591,C158,complete,2026-02-21,Tablet,27,1,18-25,Male,Mumbai,Maharashtra,VIP,State Express News Tamil,News,News,Tamil,30
E16990,U1343,C133,play,2026-01-24,Smart TV,24,0,46+,Female,Pune,Maharashtra,VIP,Rudra: The Edge of Darkness,Series,Action,Hindi,48
E16991,U1381,C144,complete,2026-01-12,Mobile,41,1,26-35,Male,Hyderabad,Telangana,Premium,Koffee Spotlight Lounge,Show,Reality,English,45
E16992,U1448,C103,pause,2026-01-09,Mobile,34,0,18-25,Male,Bengaluru,Karnataka,VIP,Premier League Weekly Showdown,Sports,Sports,English,60
E16993,U1246,C105,play,2026-01-14,Mobile,38,0,18-25,Male,Chennai,Tamil Nadu,Free,Pro Kabaddi League Finals,Sports,Sports,Tamil,70
E16994,U1715,C137,complete,2026-01-02,Mobile,55,1,18-25,Female,Kochi,Kerala,VIP,Bigg Boss All-Stars Hindi,Show,Reality,Hindi,60
E16995,U1276,C117,complete,2026-01-12,Mobile,23,1,18-25,Female,Mumbai,Maharashtra,Premium,Ghar Ek Mandir Classic,Show,Drama,Marathi,24
E16996,U1514,C106,complete,2026-02-24,Tablet,55,1,26-35,Male,Kolkata,West Bengal,Premium,WPL T20 Blockbuster Match,Sports,Sports,Hindi,60
E16997,U1672,C117,pause,2026-01-15,Tablet,12,0,26-35,Male,Delhi,Delhi,VIP,Ghar Ek Mandir Classic,Show,Drama,Marathi,24
E16998,U1612,C119,complete,2026-02-23,Mobile,54,1,26-35,Female,Bengaluru,Karnataka,VIP,The Crown Dynasty Legacy,Series,Drama,English,55
E16999,U1033,C117,play,2026-01-11,Mobile,13,0,26-35,Male,Chennai,Tamil Nadu,VIP,Ghar Ek Mandir Classic,Show,Drama,Marathi,24
E17000,U1629,C108,pause,2026-01-25,Mobile,17,0,46+,Male,Kolkata,West Bengal,VIP,ISL Football Clash of Titans,Sports,Sports,Bengali,60
E17001,U1566,C105,pause,2026-02-11,Mobile,19,0,18-25,Female,Kolkata,West Bengal,Free,Pro Kabaddi League Finals,Sports,Sports,Tamil,70
E17002,U1336,C101,pause,2026-01-10,Web,13,0,26-35,Female,Bengaluru,Karnataka,VIP,IND vs AUS T20 Cup Highlights,Sports,Sports,Hindi,45
E17003,U1218,C139,complete,2026-01-17,Smart TV,58,1,36-45,Male,Bengaluru,Karnataka,VIP,Bigg Boss Telugu Live,Show,Reality,Telugu,60
E17004,U1725,C106,pause,2026-01-31,Mobile,6,0,26-35,Female,Bengaluru,Karnataka,VIP,WPL T20 Blockbuster Match,Sports,Sports,Hindi,60
E17005,U1054,C143,pause,2026-01-19,Tablet,5,0,26-35,Male,Hyderabad,Telangana,VIP,Roadies Quest,Show,Reality,Hindi,45
E17006,U1641,C141,pause,2026-01-03,Smart TV,15,0,18-25,Female,Patna,Bihar,Free,Shark Pitch India S4,Show,Reality,Hindi,55
E17007,U1082,C117,pause,2026-03-01,Mobile,8,0,18-25,Male,Chennai,Tamil Nadu,Premium,Ghar Ek Mandir Classic,Show,Drama,Marathi,24
E17008,U1061,C140,play,2026-01-17,Smart TV,17,0,26-35,Female,Mumbai,Maharashtra,Premium,Dance India Dance Championship,Show,Reality,Hindi,50
E17009,U1003,C115,complete,2026-01-30,Smart TV,39,1,18-25,Male,Chennai,Tamil Nadu,Free,Bengal Courtroom Secrets,Series,Drama,Bengali,40
E17010,U1463,C141,complete,2026-02-03,Smart TV,52,1,26-35,Female,Bengaluru,Karnataka,Free,Shark Pitch India S4,Show,Reality,Hindi,55
E17011,U1608,C109,play,2026-02-11,Mobile,23,0,26-35,Female,Kolkata,West Bengal,Free,Special Ops: Desert Falcon,Series,Drama,Hindi,45
E17012,U1710,C109,complete,2026-01-24,Mobile,43,1,26-35,Female,Delhi,Delhi,Premium,Special Ops: Desert Falcon,Series,Drama,Hindi,45
E17013,U1581,C120,pause,2026-02-16,Smart TV,21,0,46+,Male,Ahmedabad,Gujarat,VIP,Succession Politics India,Series,Drama,Hindi,45
E17014,U1217,C106,play,2026-01-14,Smart TV,39,0,18-25,Male,Patna,Bihar,Free,WPL T20 Blockbuster Match,Sports,Sports,Hindi,60
E17015,U1292,C106,play,2026-02-26,Mobile,12,0,36-45,Male,Chennai,Tamil Nadu,VIP,WPL T20 Blockbuster Match,Sports,Sports,Hindi,60
E17016,U1511,C114,play,2026-02-25,Web,16,0,26-35,Male,Kochi,Kerala,VIP,Telugu Royal Heritage,Series,Drama,Telugu,45
E17017,U1329,C141,play,2026-01-07,Web,12,0,26-35,Female,Mumbai,Maharashtra,Free,Shark Pitch India S4,Show,Reality,Hindi,55
E17018,U1249,C101,play,2026-02-26,Web,17,0,36-45,Female,Hyderabad,Telangana,Free,IND vs AUS T20 Cup Highlights,Sports,Sports,Hindi,45
E17019,U1450,C116,pause,2026-02-27,Mobile,47,0,18-25,Female,Ahmedabad,Gujarat,Free,Kolkata Love Diary,Movie,Drama,Bengali,125
E17020,U1646,C141,complete,2026-02-06,Mobile,53,1,26-35,Male,Hyderabad,Telangana,Premium,Shark Pitch India S4,Show,Reality,Hindi,55
E17021,U1466,C106,complete,2026-01-02,Mobile,59,1,36-45,Male,Ahmedabad,Gujarat,Free,WPL T20 Blockbuster Match,Sports,Sports,Hindi,60
E17022,U1664,C138,complete,2026-02-25,Smart TV,58,1,36-45,Male,Delhi,Delhi,Premium,Bigg Boss Tamil Season 8,Show,Reality,Tamil,60
E17023,U1465,C117,pause,2026-01-29,Mobile,8,0,26-35,Female,Mumbai,Maharashtra,Premium,Ghar Ek Mandir Classic,Show,Drama,Marathi,24
E17024,U1034,C108,pause,2026-02-13,Mobile,12,0,26-35,Male,Hyderabad,Telangana,Free,ISL Football Clash of Titans,Sports,Sports,Bengali,60
E17025,U1476,C103,pause,2026-01-31,Mobile,28,0,18-25,Male,Mumbai,Maharashtra,VIP,Premier League Weekly Showdown,Sports,Sports,English,60
E17026,U1109,C128,complete,2026-01-14,Tablet,111,1,26-35,Female,Delhi,Delhi,Free,College Boys Chaos,Movie,Comedy,Hindi,115
E17027,U1325,C114,complete,2026-01-15,Tablet,44,1,26-35,Male,Kochi,Kerala,Free,Telugu Royal Heritage,Series,Drama,Telugu,45
E17028,U1105,C138,pause,2026-01-06,Smart TV,33,0,26-35,Female,Bengaluru,Karnataka,Free,Bigg Boss Tamil Season 8,Show,Reality,Tamil,60
E17029,U1345,C142,pause,2026-02-09,Web,29,0,26-35,Male,Pune,Maharashtra,VIP,Master Chef Kitchen Wars,Show,Reality,Hindi,45
E17030,U1350,C126,pause,2026-02-21,Mobile,3,0,26-35,Female,Mumbai,Maharashtra,Free,Telugu Comedy Superstars,Show,Comedy,Telugu,30
E17031,U1536,C122,complete,2026-02-06,Tablet,20,1,18-25,Male,Mumbai,Maharashtra,Free,Taarak Laugh Fest Episodes,Show,Comedy,Hindi,22
E17032,U1600,C120,complete,2026-01-04,Smart TV,42,1,46+,Female,Bengaluru,Karnataka,Free,Succession Politics India,Series,Drama,Hindi,45
E17033,U1054,C101,pause,2026-01-19,Mobile,18,0,26-35,Male,Hyderabad,Telangana,VIP,IND vs AUS T20 Cup Highlights,Sports,Sports,Hindi,45
E17034,U1030,C130,complete,2026-01-24,Mobile,152,1,18-25,Male,Chennai,Tamil Nadu,Free,Vikram: Shadow Commander,Movie,Action,Tamil,165
E17035,U1473,C136,pause,2026-01-07,Mobile,13,0,18-25,Female,Bengaluru,Karnataka,Free,Speed Street Heist,Movie,Action,English,120
E17036,U1001,C148,pause,2026-02-23,Smart TV,2,0,26-35,Male,Delhi,Delhi,Free,Doraemon Magic Gadgets,Series,Kids,Hindi,20
E17037,U1013,C101,complete,2026-01-11,Mobile,43,1,26-35,Female,Mumbai,Maharashtra,VIP,IND vs AUS T20 Cup Highlights,Sports,Sports,Hindi,45
E17038,U1538,C128,pause,2026-02-24,Mobile,44,0,26-35,Female,Chennai,Tamil Nadu,Free,College Boys Chaos,Movie,Comedy,Hindi,115
E17039,U1566,C105,complete,2026-02-04,Tablet,69,1,18-25,Female,Kolkata,West Bengal,Free,Pro Kabaddi League Finals,Sports,Sports,Tamil,70
E17040,U1680,C138,pause,2026-02-20,Smart TV,39,0,26-35,Male,Jaipur,Rajasthan,VIP,Bigg Boss Tamil Season 8,Show,Reality,Tamil,60
E17041,U1289,C121,pause,2026-01-08,Smart TV,25,0,46+,Female,Mumbai,Maharashtra,VIP,The Great Indian Comedy Lab,Show,Comedy,Hindi,35
E17042,U1207,C113,pause,2026-02-23,Mobile,65,0,26-35,Male,Pune,Maharashtra,Premium,Kaithi Revenge Chronicles,Movie,Drama,Tamil,140
E17043,U1122,C106,complete,2026-02-19,Mobile,56,1,46+,Male,Hyderabad,Telangana,Premium,WPL T20 Blockbuster Match,Sports,Sports,Hindi,60
E17044,U1092,C156,complete,2026-01-08,Smart TV,43,1,18-25,Male,Pune,Maharashtra,Free,Cricket Icons: The Untold Story,Show,News,Hindi,45
E17045,U1330,C106,play,2026-02-22,Mobile,5,0,18-25,Female,Bengaluru,Karnataka,Premium,WPL T20 Blockbuster Match,Sports,Sports,Hindi,60
E17046,U1242,C143,pause,2026-01-11,Smart TV,15,0,46+,Male,Ahmedabad,Gujarat,Free,Roadies Quest,Show,Reality,Hindi,45
E17047,U1540,C149,play,2026-02-20,Mobile,10,0,18-25,Male,Kolkata,West Bengal,VIP,Shinchan Laugh Club,Series,Kids,Tamil,20
E17048,U1097,C114,complete,2026-02-14,Smart TV,40,1,26-35,Male,Delhi,Delhi,Premium,Telugu Royal Heritage,Series,Drama,Telugu,45
E17049,U1356,C115,complete,2026-01-11,Web,39,1,18-25,Male,Hyderabad,Telangana,VIP,Bengal Courtroom Secrets,Series,Drama,Bengali,40
E17050,U1218,C156,complete,2026-01-24,Smart TV,41,1,36-45,Male,Bengaluru,Karnataka,VIP,Cricket Icons: The Untold Story,Show,News,Hindi,45
E17051,U1121,C105,complete,2026-02-01,Mobile,66,1,18-25,Male,Hyderabad,Telangana,Premium,Pro Kabaddi League Finals,Sports,Sports,Tamil,70
E17052,U1706,C143,complete,2026-01-26,Tablet,41,1,36-45,Female,Delhi,Delhi,Free,Roadies Quest,Show,Reality,Hindi,45
E17053,U1060,C108,complete,2026-02-19,Web,55,1,26-35,Other,Hyderabad,Telangana,Free,ISL Football Clash of Titans,Sports,Sports,Bengali,60
E17054,U1399,C120,pause,2026-02-26,Web,16,0,18-25,Male,Bengaluru,Karnataka,VIP,Succession Politics India,Series,Drama,Hindi,45
E17055,U1114,C124,complete,2026-02-09,Mobile,64,1,26-35,Male,Jaipur,Rajasthan,Free,Standup Special: Bangalore Humor,Show,Comedy,English,65
E17056,U1038,C149,play,2026-02-28,Web,4,0,18-25,Male,Chennai,Tamil Nadu,VIP,Shinchan Laugh Club,Series,Kids,Tamil,20
E17057,U1294,C117,pause,2026-02-10,Mobile,3,0,18-25,Male,Kolkata,West Bengal,VIP,Ghar Ek Mandir Classic,Show,Drama,Marathi,24
E17058,U1108,C141,complete,2026-02-24,Smart TV,53,1,18-25,Female,Ahmedabad,Gujarat,VIP,Shark Pitch India S4,Show,Reality,Hindi,55
E17059,U1463,C103,complete,2026-02-01,Tablet,58,1,26-35,Female,Bengaluru,Karnataka,Free,Premier League Weekly Showdown,Sports,Sports,English,60
E17060,U1082,C118,play,2026-01-21,Web,28,0,18-25,Male,Chennai,Tamil Nadu,Premium,Kerala Waterfront Mystery,Series,Drama,Malayalam,48
E17061,U1483,C143,pause,2026-01-08,Smart TV,16,0,36-45,Female,Chennai,Tamil Nadu,Free,Roadies Quest,Show,Reality,Hindi,45
E17062,U1174,C142,complete,2026-01-11,Smart TV,41,1,18-25,Female,Bengaluru,Karnataka,VIP,Master Chef Kitchen Wars,Show,Reality,Hindi,45
E17063,U1356,C139,play,2026-02-19,Mobile,20,0,18-25,Male,Hyderabad,Telangana,VIP,Bigg Boss Telugu Live,Show,Reality,Telugu,60
E17064,U1149,C151,pause,2026-01-21,Smart TV,20,0,46+,Male,Hyderabad,Telangana,Free,Daily Headlines 360,News,News,Hindi,30
E17065,U1183,C138,complete,2026-02-19,Smart TV,59,1,36-45,Other,Chennai,Tamil Nadu,Free,Bigg Boss Tamil Season 8,Show,Reality,Tamil,60
E17066,U1450,C141,pause,2026-01-04,Tablet,17,0,18-25,Female,Ahmedabad,Gujarat,Free,Shark Pitch India S4,Show,Reality,Hindi,55
E17067,U1128,C138,complete,2026-01-20,Smart TV,54,1,26-35,Female,Pune,Maharashtra,VIP,Bigg Boss Tamil Season 8,Show,Reality,Tamil,60
E17068,U1164,C118,pause,2026-02-28,Smart TV,25,0,26-35,Male,Delhi,Delhi,Free,Kerala Waterfront Mystery,Series,Drama,Malayalam,48
E17069,U1139,C159,pause,2026-02-20,Mobile,3,0,26-35,Female,Delhi,Delhi,Free,Bengal Morning Bulletin,News,News,Bengali,25
E17070,U1715,C138,complete,2026-01-11,Mobile,57,1,18-25,Female,Kochi,Kerala,VIP,Bigg Boss Tamil Season 8,Show,Reality,Tamil,60
E17071,U1742,C140,play,2026-02-19,Mobile,23,0,18-25,Male,Mumbai,Maharashtra,VIP,Dance India Dance Championship,Show,Reality,Hindi,50
E17072,U1366,C116,play,2026-01-15,Smart TV,75,0,46+,Male,Jaipur,Rajasthan,VIP,Kolkata Love Diary,Movie,Drama,Bengali,125
E17073,U1633,C131,complete,2026-01-30,Mobile,156,1,18-25,Male,Hyderabad,Telangana,VIP,Devara Storm Rising,Movie,Action,Telugu,160
E17074,U1483,C103,pause,2026-01-01,Smart TV,36,0,36-45,Female,Chennai,Tamil Nadu,Free,Premier League Weekly Showdown,Sports,Sports,English,60
E17075,U1065,C113,play,2026-01-07,Mobile,35,0,36-45,Male,Delhi,Delhi,Free,Kaithi Revenge Chronicles,Movie,Drama,Tamil,140
E17076,U1481,C143,complete,2026-01-11,Mobile,43,1,18-25,Male,Mumbai,Maharashtra,Premium,Roadies Quest,Show,Reality,Hindi,45
E17077,U1418,C105,pause,2026-02-06,Mobile,37,0,18-25,Female,Bengaluru,Karnataka,VIP,Pro Kabaddi League Finals,Sports,Sports,Tamil,70
E17078,U1588,C116,complete,2026-01-02,Web,120,1,26-35,Male,Kolkata,West Bengal,VIP,Kolkata Love Diary,Movie,Drama,Bengali,125
E17079,U1280,C120,pause,2026-02-21,Smart TV,30,0,36-45,Female,Patna,Bihar,Free,Succession Politics India,Series,Drama,Hindi,45
E17080,U1281,C102,pause,2026-02-07,Web,13,0,18-25,Male,Bengaluru,Karnataka,Free,IPL Mega Auction Live Replay,Sports,Sports,Hindi,90
E17081,U1644,C112,complete,2026-01-09,Mobile,47,1,36-45,Female,Kochi,Kerala,VIP,City of Dreams: The Succession,Series,Drama,Hindi,50
E17082,U1569,C135,pause,2026-02-10,Mobile,21,0,26-35,Male,Mumbai,Maharashtra,Premium,Fighter Wing Alpha,Movie,Action,Hindi,145
E17083,U1128,C101,complete,2026-03-01,Smart TV,44,1,26-35,Female,Pune,Maharashtra,VIP,IND vs AUS T20 Cup Highlights,Sports,Sports,Hindi,45
E17084,U1114,C117,pause,2026-01-20,Mobile,10,0,26-35,Male,Jaipur,Rajasthan,Free,Ghar Ek Mandir Classic,Show,Drama,Marathi,24
E17085,U1175,C139,complete,2026-02-25,Mobile,57,1,18-25,Female,Bengaluru,Karnataka,Premium,Bigg Boss Telugu Live,Show,Reality,Telugu,60
E17086,U1643,C144,complete,2026-01-12,Tablet,41,1,26-35,Male,Chennai,Tamil Nadu,Free,Koffee Spotlight Lounge,Show,Reality,English,45
E17087,U1330,C146,complete,2026-02-12,Mobile,73,1,18-25,Female,Bengaluru,Karnataka,Premium,Motu Patlu Space Adventure,Movie,Kids,Hindi,75
E17088,U1746,C110,complete,2026-02-02,Mobile,24,1,26-35,Male,Kolkata,West Bengal,Free,Anupama: New Beginnings,Show,Drama,Hindi,25
E17089,U1558,C143,pause,2026-02-15,Smart TV,7,0,26-35,Male,Bengaluru,Karnataka,Free,Roadies Quest,Show,Reality,Hindi,45
E17090,U1553,C136,play,2026-01-23,Smart TV,94,0,18-25,Male,Hyderabad,Telangana,VIP,Speed Street Heist,Movie,Action,English,120
E17091,U1403,C134,pause,2026-01-22,Mobile,48,0,18-25,Female,Ahmedabad,Gujarat,Free,Night Hunter Squad,Movie,Action,English,130
E17092,U1091,C124,pause,2026-02-22,Smart TV,15,0,26-35,Female,Delhi,Delhi,Premium,Standup Special: Bangalore Humor,Show,Comedy,English,65
E17093,U1461,C148,complete,2026-03-01,Smart TV,18,1,26-35,Male,Chennai,Tamil Nadu,Premium,Doraemon Magic Gadgets,Series,Kids,Hindi,20
E17094,U1602,C115,complete,2026-01-18,Smart TV,38,1,26-35,Female,Mumbai,Maharashtra,Premium,Bengal Courtroom Secrets,Series,Drama,Bengali,40
E17095,U1104,C101,pause,2026-02-18,Mobile,17,0,18-25,Male,Mumbai,Maharashtra,Free,IND vs AUS T20 Cup Highlights,Sports,Sports,Hindi,45
E17096,U1627,C122,pause,2026-02-23,Mobile,5,0,18-25,Female,Pune,Maharashtra,Free,Taarak Laugh Fest Episodes,Show,Comedy,Hindi,22
E17097,U1494,C138,play,2026-02-17,Mobile,16,0,36-45,Female,Mumbai,Maharashtra,Free,Bigg Boss Tamil Season 8,Show,Reality,Tamil,60
E17098,U1329,C107,complete,2026-01-16,Smart TV,37,1,26-35,Female,Mumbai,Maharashtra,Free,Champions Trophy Pre-Show,Sports,Sports,Telugu,40
E17099,U1697,C138,pause,2026-01-23,Mobile,23,0,18-25,Male,Lucknow,Uttar Pradesh,Free,Bigg Boss Tamil Season 8,Show,Reality,Tamil,60
E17100,U1560,C152,pause,2026-01-26,Smart TV,6,0,26-35,Male,Kolkata,West Bengal,Free,Global Tech & Economy Report,News,News,English,25
E17101,U1530,C120,pause,2026-01-23,Web,9,0,18-25,Female,Hyderabad,Telangana,Premium,Succession Politics India,Series,Drama,Hindi,45
E17102,U1110,C116,complete,2026-01-15,Smart TV,112,1,26-35,Male,Hyderabad,Telangana,VIP,Kolkata Love Diary,Movie,Drama,Bengali,125
E17103,U1750,C138,pause,2026-01-14,Mobile,8,0,36-45,Female,Bengaluru,Karnataka,Free,Bigg Boss Tamil Season 8,Show,Reality,Tamil,60
E17104,U1278,C107,complete,2026-01-12,Mobile,38,1,26-35,Male,Jaipur,Rajasthan,VIP,Champions Trophy Pre-Show,Sports,Sports,Telugu,40
E17105,U1084,C104,complete,2026-02-01,Mobile,46,1,46+,Female,Hyderabad,Telangana,VIP,IND vs ENG Test Day 3 Highlights,Sports,Sports,English,50
E17106,U1671,C122,complete,2026-02-13,Mobile,20,1,18-25,Male,Delhi,Delhi,VIP,Taarak Laugh Fest Episodes,Show,Comedy,Hindi,22
E17107,U1671,C108,pause,2026-01-04,Web,29,0,18-25,Male,Delhi,Delhi,VIP,ISL Football Clash of Titans,Sports,Sports,Bengali,60
E17108,U1688,C140,pause,2026-01-28,Mobile,23,0,18-25,Female,Hyderabad,Telangana,Premium,Dance India Dance Championship,Show,Reality,Hindi,50
E17109,U1110,C148,play,2026-01-13,Mobile,4,0,26-35,Male,Hyderabad,Telangana,VIP,Doraemon Magic Gadgets,Series,Kids,Hindi,20
E17110,U1645,C119,complete,2026-01-10,Smart TV,52,1,26-35,Male,Delhi,Delhi,Free,The Crown Dynasty Legacy,Series,Drama,English,55
E17111,U1700,C119,pause,2026-02-12,Mobile,17,0,36-45,Male,Delhi,Delhi,Premium,The Crown Dynasty Legacy,Series,Drama,English,55
E17112,U1532,C122,complete,2026-02-20,Mobile,21,1,18-25,Male,Delhi,Delhi,VIP,Taarak Laugh Fest Episodes,Show,Comedy,Hindi,22
E17113,U1093,C136,pause,2026-01-25,Mobile,66,0,18-25,Male,Ahmedabad,Gujarat,Free,Speed Street Heist,Movie,Action,English,120
E17114,U1285,C130,pause,2026-02-24,Smart TV,140,0,26-35,Female,Jaipur,Rajasthan,Free,Vikram: Shadow Commander,Movie,Action,Tamil,165
E17115,U1560,C125,complete,2026-01-19,Smart TV,36,1,26-35,Male,Kolkata,West Bengal,Free,Chennai Roast Arena,Show,Comedy,Tamil,40
E17116,U1621,C109,pause,2026-02-10,Mobile,5,0,18-25,Male,Bengaluru,Karnataka,VIP,Special Ops: Desert Falcon,Series,Drama,Hindi,45
E17117,U1541,C113,complete,2026-01-09,Tablet,136,1,26-35,Female,Delhi,Delhi,VIP,Kaithi Revenge Chronicles,Movie,Drama,Tamil,140
E17118,U1065,C102,pause,2026-01-27,Smart TV,10,0,36-45,Male,Delhi,Delhi,Free,IPL Mega Auction Live Replay,Sports,Sports,Hindi,90
E17119,U1178,C109,complete,2026-01-11,Mobile,41,1,26-35,Female,Chennai,Tamil Nadu,VIP,Special Ops: Desert Falcon,Series,Drama,Hindi,45
E17120,U1099,C134,complete,2026-02-14,Mobile,118,1,46+,Female,Hyderabad,Telangana,VIP,Night Hunter Squad,Movie,Action,English,130
E17121,U1675,C143,complete,2026-01-29,Smart TV,43,1,18-25,Male,Mumbai,Maharashtra,Free,Roadies Quest,Show,Reality,Hindi,45
E17122,U1051,C135,pause,2026-02-25,Mobile,80,0,26-35,Female,Chennai,Tamil Nadu,Free,Fighter Wing Alpha,Movie,Action,Hindi,145
E17123,U1137,C101,play,2026-01-29,Smart TV,32,0,26-35,Female,Delhi,Delhi,VIP,IND vs AUS T20 Cup Highlights,Sports,Sports,Hindi,45
E17124,U1560,C121,pause,2026-02-23,Mobile,7,0,26-35,Male,Kolkata,West Bengal,Free,The Great Indian Comedy Lab,Show,Comedy,Hindi,35
E17125,U1566,C141,pause,2026-02-18,Web,8,0,18-25,Female,Kolkata,West Bengal,Free,Shark Pitch India S4,Show,Reality,Hindi,55
E17126,U1118,C116,pause,2026-01-03,Web,29,0,18-25,Male,Hyderabad,Telangana,VIP,Kolkata Love Diary,Movie,Drama,Bengali,125
E17127,U1248,C138,play,2026-01-30,Mobile,16,0,18-25,Male,Bengaluru,Karnataka,VIP,Bigg Boss Tamil Season 8,Show,Reality,Tamil,60
E17128,U1750,C107,complete,2026-01-25,Web,37,1,36-45,Female,Bengaluru,Karnataka,Free,Champions Trophy Pre-Show,Sports,Sports,Telugu,40
E17129,U1325,C102,pause,2026-01-24,Mobile,23,0,26-35,Male,Kochi,Kerala,Free,IPL Mega Auction Live Replay,Sports,Sports,Hindi,90
E17130,U1544,C119,complete,2026-01-24,Web,52,1,36-45,Male,Delhi,Delhi,Premium,The Crown Dynasty Legacy,Series,Drama,English,55
E17131,U1260,C143,complete,2026-02-01,Mobile,44,1,18-25,Male,Mumbai,Maharashtra,VIP,Roadies Quest,Show,Reality,Hindi,45
E17132,U1196,C104,complete,2026-01-01,Smart TV,48,1,26-35,Female,Bengaluru,Karnataka,Free,IND vs ENG Test Day 3 Highlights,Sports,Sports,English,50
E17133,U1512,C143,play,2026-01-21,Mobile,9,0,26-35,Female,Mumbai,Maharashtra,VIP,Roadies Quest,Show,Reality,Hindi,45
E17134,U1443,C140,complete,2026-02-12,Mobile,45,1,26-35,Male,Chennai,Tamil Nadu,VIP,Dance India Dance Championship,Show,Reality,Hindi,50
E17135,U1523,C101,complete,2026-02-03,Mobile,43,1,26-35,Female,Delhi,Delhi,Free,IND vs AUS T20 Cup Highlights,Sports,Sports,Hindi,45
E17136,U1672,C105,pause,2026-01-06,Mobile,27,0,26-35,Male,Delhi,Delhi,VIP,Pro Kabaddi League Finals,Sports,Sports,Tamil,70
E17137,U1430,C124,complete,2026-01-07,Smart TV,63,1,46+,Female,Bengaluru,Karnataka,Premium,Standup Special: Bangalore Humor,Show,Comedy,English,65
E17138,U1712,C126,complete,2026-01-01,Web,28,1,26-35,Female,Mumbai,Maharashtra,Premium,Telugu Comedy Superstars,Show,Comedy,Telugu,30
E17139,U1065,C125,play,2026-01-07,Mobile,12,0,36-45,Male,Delhi,Delhi,Free,Chennai Roast Arena,Show,Comedy,Tamil,40
E17140,U1387,C155,play,2026-01-09,Mobile,26,0,26-35,Female,Patna,Bihar,VIP,Wildlife Wonders: Western Ghats,Show,News,English,52
E17141,U1311,C113,complete,2026-02-09,Smart TV,135,1,36-45,Male,Mumbai,Maharashtra,Premium,Kaithi Revenge Chronicles,Movie,Drama,Tamil,140
E17142,U1157,C124,pause,2026-02-20,Web,21,0,26-35,Female,Lucknow,Uttar Pradesh,Free,Standup Special: Bangalore Humor,Show,Comedy,English,65
E17143,U1568,C123,complete,2026-02-09,Mobile,22,1,26-35,Female,Patna,Bihar,Free,Sarabhai Classic Revival,Series,Comedy,Hindi,25
E17144,U1583,C121,complete,2026-01-09,Mobile,32,1,18-25,Male,Delhi,Delhi,Free,The Great Indian Comedy Lab,Show,Comedy,Hindi,35
E17145,U1544,C141,play,2026-01-23,Mobile,26,0,36-45,Male,Delhi,Delhi,Premium,Shark Pitch India S4,Show,Reality,Hindi,55
E17146,U1256,C110,play,2026-02-26,Mobile,2,0,26-35,Male,Hyderabad,Telangana,Free,Anupama: New Beginnings,Show,Drama,Hindi,25
E17147,U1086,C120,pause,2026-02-08,Web,13,0,26-35,Female,Delhi,Delhi,VIP,Succession Politics India,Series,Drama,Hindi,45
E17148,U1070,C107,complete,2026-01-13,Mobile,38,1,26-35,Female,Bengaluru,Karnataka,VIP,Champions Trophy Pre-Show,Sports,Sports,Telugu,40
E17149,U1312,C126,pause,2026-02-20,Web,6,0,26-35,Female,Chennai,Tamil Nadu,VIP,Telugu Comedy Superstars,Show,Comedy,Telugu,30
E17150,U1249,C107,complete,2026-02-07,Mobile,37,1,36-45,Female,Hyderabad,Telangana,Free,Champions Trophy Pre-Show,Sports,Sports,Telugu,40
E17151,U1313,C133,complete,2026-02-17,Mobile,44,1,26-35,Female,Delhi,Delhi,Free,Rudra: The Edge of Darkness,Series,Action,Hindi,48
E17152,U1220,C137,complete,2026-02-02,Mobile,54,1,26-35,Male,Chennai,Tamil Nadu,Free,Bigg Boss All-Stars Hindi,Show,Reality,Hindi,60
E17153,U1638,C143,pause,2026-02-18,Mobile,16,0,26-35,Female,Patna,Bihar,Premium,Roadies Quest,Show,Reality,Hindi,45
E17154,U1085,C114,pause,2026-02-22,Mobile,14,0,26-35,Male,Delhi,Delhi,Free,Telugu Royal Heritage,Series,Drama,Telugu,45
E17155,U1024,C140,pause,2026-02-18,Mobile,12,0,36-45,Female,Bengaluru,Karnataka,Free,Dance India Dance Championship,Show,Reality,Hindi,50
E17156,U1506,C116,pause,2026-02-06,Mobile,29,0,36-45,Male,Kolkata,West Bengal,Premium,Kolkata Love Diary,Movie,Drama,Bengali,125
E17157,U1693,C136,pause,2026-02-01,Mobile,25,0,18-25,Female,Lucknow,Uttar Pradesh,Premium,Speed Street Heist,Movie,Action,English,120
E17158,U1051,C113,pause,2026-02-14,Mobile,55,0,26-35,Female,Chennai,Tamil Nadu,Free,Kaithi Revenge Chronicles,Movie,Drama,Tamil,140
E17159,U1694,C140,pause,2026-02-19,Mobile,6,0,18-25,Female,Delhi,Delhi,Premium,Dance India Dance Championship,Show,Reality,Hindi,50
E17160,U1349,C146,play,2026-01-27,Smart TV,62,0,36-45,Female,Hyderabad,Telangana,VIP,Motu Patlu Space Adventure,Movie,Kids,Hindi,75
E17161,U1633,C116,play,2026-02-22,Smart TV,85,0,18-25,Male,Hyderabad,Telangana,VIP,Kolkata Love Diary,Movie,Drama,Bengali,125
E17162,U1379,C102,pause,2026-02-24,Mobile,16,0,18-25,Female,Bengaluru,Karnataka,VIP,IPL Mega Auction Live Replay,Sports,Sports,Hindi,90
E17163,U1518,C120,complete,2026-02-27,Mobile,44,1,18-25,Male,Kochi,Kerala,Free,Succession Politics India,Series,Drama,Hindi,45
E17164,U1744,C128,play,2026-01-08,Mobile,15,0,26-35,Male,Mumbai,Maharashtra,Premium,College Boys Chaos,Movie,Comedy,Hindi,115
E17165,U1394,C158,complete,2026-02-28,Mobile,29,1,46+,Female,Kochi,Kerala,Premium,State Express News Tamil,News,News,Tamil,30
E17166,U1201,C132,pause,2026-02-13,Mobile,14,0,18-25,Female,Pune,Maharashtra,Premium,Commando Force Mumbai,Series,Action,Hindi,42
E17167,U1073,C145,play,2026-01-04,Mobile,12,0,26-35,Male,Lucknow,Uttar Pradesh,Premium,Chhota Bheem Himalayan Tour,Movie,Kids,Hindi,85
E17168,U1146,C134,play,2026-01-07,Mobile,68,0,18-25,Female,Mumbai,Maharashtra,Free,Night Hunter Squad,Movie,Action,English,130
E17169,U1635,C124,play,2026-02-11,Mobile,21,0,26-35,Male,Pune,Maharashtra,Free,Standup Special: Bangalore Humor,Show,Comedy,English,65
E17170,U1468,C125,complete,2026-02-10,Mobile,39,1,26-35,Female,Chennai,Tamil Nadu,VIP,Chennai Roast Arena,Show,Comedy,Tamil,40
E17171,U1538,C123,complete,2026-01-31,Smart TV,24,1,26-35,Female,Chennai,Tamil Nadu,Free,Sarabhai Classic Revival,Series,Comedy,Hindi,25
E17172,U1056,C112,complete,2026-02-23,Smart TV,49,1,26-35,Male,Delhi,Delhi,VIP,City of Dreams: The Succession,Series,Drama,Hindi,50
E17173,U1217,C103,complete,2026-02-15,Web,56,1,18-25,Male,Patna,Bihar,Free,Premier League Weekly Showdown,Sports,Sports,English,60
E17174,U1680,C107,pause,2026-02-04,Mobile,19,0,26-35,Male,Jaipur,Rajasthan,VIP,Champions Trophy Pre-Show,Sports,Sports,Telugu,40
E17175,U1650,C155,pause,2026-02-01,Smart TV,13,0,26-35,Male,Delhi,Delhi,Premium,Wildlife Wonders: Western Ghats,Show,News,English,52
E17176,U1509,C155,play,2026-02-08,Mobile,18,0,26-35,Female,Pune,Maharashtra,Free,Wildlife Wonders: Western Ghats,Show,News,English,52
E17177,U1433,C113,complete,2026-02-21,Mobile,139,1,18-25,Male,Kochi,Kerala,Premium,Kaithi Revenge Chronicles,Movie,Drama,Tamil,140
E17178,U1247,C133,pause,2026-01-07,Tablet,33,0,18-25,Male,Ahmedabad,Gujarat,Free,Rudra: The Edge of Darkness,Series,Action,Hindi,48
E17179,U1198,C107,pause,2026-02-21,Smart TV,15,0,46+,Female,Bengaluru,Karnataka,Free,Champions Trophy Pre-Show,Sports,Sports,Telugu,40
E17180,U1154,C114,complete,2026-01-28,Web,42,1,26-35,Female,Pune,Maharashtra,VIP,Telugu Royal Heritage,Series,Drama,Telugu,45
E17181,U1033,C137,complete,2026-01-05,Smart TV,59,1,26-35,Male,Chennai,Tamil Nadu,VIP,Bigg Boss All-Stars Hindi,Show,Reality,Hindi,60
E17182,U1744,C126,pause,2026-02-15,Smart TV,18,0,26-35,Male,Mumbai,Maharashtra,Premium,Telugu Comedy Superstars,Show,Comedy,Telugu,30
E17183,U1447,C102,complete,2026-02-04,Smart TV,89,1,36-45,Male,Kolkata,West Bengal,Premium,IPL Mega Auction Live Replay,Sports,Sports,Hindi,90
E17184,U1339,C103,pause,2026-01-08,Smart TV,25,0,18-25,Female,Chennai,Tamil Nadu,Free,Premier League Weekly Showdown,Sports,Sports,English,60
E17185,U1711,C151,complete,2026-02-18,Mobile,27,1,18-25,Male,Bengaluru,Karnataka,VIP,Daily Headlines 360,News,News,Hindi,30
E17186,U1043,C111,pause,2026-02-12,Mobile,5,0,26-35,Male,Delhi,Delhi,Free,Yeh Rishta: Family Bonds,Show,Drama,Hindi,22
E17187,U1689,C132,complete,2026-02-11,Smart TV,41,1,46+,Female,Mumbai,Maharashtra,Free,Commando Force Mumbai,Series,Action,Hindi,42
E17188,U1438,C129,complete,2026-01-12,Web,153,1,18-25,Male,Hyderabad,Telangana,VIP,Tiger Underground Strike,Movie,Action,Hindi,155
E17189,U1659,C148,pause,2026-01-04,Mobile,7,0,26-35,Male,Mumbai,Maharashtra,Free,Doraemon Magic Gadgets,Series,Kids,Hindi,20
E17190,U1725,C102,complete,2026-01-03,Mobile,87,1,26-35,Female,Bengaluru,Karnataka,VIP,IPL Mega Auction Live Replay,Sports,Sports,Hindi,90
E17191,U1149,C137,complete,2026-01-16,Mobile,56,1,46+,Male,Hyderabad,Telangana,Free,Bigg Boss All-Stars Hindi,Show,Reality,Hindi,60
E17192,U1149,C108,complete,2026-02-26,Web,54,1,46+,Male,Hyderabad,Telangana,Free,ISL Football Clash of Titans,Sports,Sports,Bengali,60
E17193,U1470,C105,pause,2026-02-24,Mobile,36,0,46+,Male,Pune,Maharashtra,VIP,Pro Kabaddi League Finals,Sports,Sports,Tamil,70
E17194,U1049,C122,play,2026-02-16,Web,14,0,26-35,Female,Mumbai,Maharashtra,Free,Taarak Laugh Fest Episodes,Show,Comedy,Hindi,22
E17195,U1710,C138,pause,2026-01-07,Tablet,12,0,26-35,Female,Delhi,Delhi,Premium,Bigg Boss Tamil Season 8,Show,Reality,Tamil,60
E17196,U1376,C123,pause,2026-01-06,Mobile,2,0,26-35,Male,Jaipur,Rajasthan,Free,Sarabhai Classic Revival,Series,Comedy,Hindi,25
E17197,U1678,C140,pause,2026-01-16,Tablet,20,0,26-35,Female,Ahmedabad,Gujarat,Premium,Dance India Dance Championship,Show,Reality,Hindi,50
E17198,U1051,C106,pause,2026-01-25,Smart TV,39,0,26-35,Female,Chennai,Tamil Nadu,Free,WPL T20 Blockbuster Match,Sports,Sports,Hindi,60
E17199,U1618,C132,pause,2026-01-26,Mobile,16,0,18-25,Male,Pune,Maharashtra,VIP,Commando Force Mumbai,Series,Action,Hindi,42
E17200,U1297,C122,pause,2026-02-14,Mobile,12,0,26-35,Male,Pune,Maharashtra,VIP,Taarak Laugh Fest Episodes,Show,Comedy,Hindi,22
E17201,U1402,C136,complete,2026-03-01,Smart TV,118,1,18-25,Female,Jaipur,Rajasthan,Free,Speed Street Heist,Movie,Action,English,120
E17202,U1638,C120,play,2026-01-30,Mobile,13,0,26-35,Female,Patna,Bihar,Premium,Succession Politics India,Series,Drama,Hindi,45
E17203,U1082,C103,play,2026-02-08,Smart TV,44,0,18-25,Male,Chennai,Tamil Nadu,Premium,Premier League Weekly Showdown,Sports,Sports,English,60
E17204,U1595,C123,complete,2026-02-18,Smart TV,24,1,46+,Female,Chennai,Tamil Nadu,VIP,Sarabhai Classic Revival,Series,Comedy,Hindi,25
E17205,U1736,C133,complete,2026-02-25,Mobile,45,1,26-35,Female,Delhi,Delhi,VIP,Rudra: The Edge of Darkness,Series,Action,Hindi,48
E17206,U1323,C106,complete,2026-02-24,Mobile,56,1,18-25,Female,Delhi,Delhi,Premium,WPL T20 Blockbuster Match,Sports,Sports,Hindi,60
E17207,U1213,C107,complete,2026-02-01,Smart TV,38,1,18-25,Female,Delhi,Delhi,Free,Champions Trophy Pre-Show,Sports,Sports,Telugu,40
E17208,U1379,C139,play,2026-01-22,Mobile,13,0,18-25,Female,Bengaluru,Karnataka,VIP,Bigg Boss Telugu Live,Show,Reality,Telugu,60
E17209,U1630,C113,pause,2026-02-11,Smart TV,104,0,26-35,Male,Delhi,Delhi,Free,Kaithi Revenge Chronicles,Movie,Drama,Tamil,140
E17210,U1558,C142,pause,2026-01-13,Smart TV,28,0,26-35,Male,Bengaluru,Karnataka,Free,Master Chef Kitchen Wars,Show,Reality,Hindi,45
E17211,U1536,C101,complete,2026-02-24,Smart TV,42,1,18-25,Male,Mumbai,Maharashtra,Free,IND vs AUS T20 Cup Highlights,Sports,Sports,Hindi,45
E17212,U1699,C124,pause,2026-02-17,Mobile,20,0,18-25,Female,Bengaluru,Karnataka,VIP,Standup Special: Bangalore Humor,Show,Comedy,English,65
E17213,U1598,C126,complete,2026-02-14,Smart TV,28,1,18-25,Female,Delhi,Delhi,VIP,Telugu Comedy Superstars,Show,Comedy,Telugu,30
E17214,U1676,C145,play,2026-01-19,Mobile,17,0,18-25,Male,Mumbai,Maharashtra,VIP,Chhota Bheem Himalayan Tour,Movie,Kids,Hindi,85
E17215,U1143,C148,complete,2026-01-30,Mobile,18,1,46+,Female,Kolkata,West Bengal,Free,Doraemon Magic Gadgets,Series,Kids,Hindi,20
E17216,U1281,C110,pause,2026-02-21,Mobile,5,0,18-25,Male,Bengaluru,Karnataka,Free,Anupama: New Beginnings,Show,Drama,Hindi,25
E17217,U1283,C139,play,2026-02-11,Smart TV,20,0,18-25,Female,Pune,Maharashtra,VIP,Bigg Boss Telugu Live,Show,Reality,Telugu,60
E17218,U1489,C109,pause,2026-01-12,Mobile,18,0,26-35,Female,Kolkata,West Bengal,Free,Special Ops: Desert Falcon,Series,Drama,Hindi,45
E17219,U1101,C134,pause,2026-02-21,Mobile,23,0,26-35,Male,Delhi,Delhi,VIP,Night Hunter Squad,Movie,Action,English,130
E17220,U1518,C124,complete,2026-01-17,Mobile,58,1,18-25,Male,Kochi,Kerala,Free,Standup Special: Bangalore Humor,Show,Comedy,English,65
E17221,U1234,C140,pause,2026-01-30,Smart TV,21,0,46+,Male,Bengaluru,Karnataka,Free,Dance India Dance Championship,Show,Reality,Hindi,50
E17222,U1501,C109,complete,2026-01-16,Smart TV,42,1,26-35,Female,Hyderabad,Telangana,VIP,Special Ops: Desert Falcon,Series,Drama,Hindi,45
E17223,U1503,C139,complete,2026-02-19,Smart TV,58,1,46+,Male,Kolkata,West Bengal,VIP,Bigg Boss Telugu Live,Show,Reality,Telugu,60
E17224,U1141,C124,pause,2026-01-14,Smart TV,46,0,36-45,Male,Bengaluru,Karnataka,Free,Standup Special: Bangalore Humor,Show,Comedy,English,65
E17225,U1422,C141,pause,2026-01-29,Mobile,8,0,26-35,Male,Chennai,Tamil Nadu,VIP,Shark Pitch India S4,Show,Reality,Hindi,55
E17226,U1146,C144,pause,2026-01-12,Mobile,24,0,18-25,Female,Mumbai,Maharashtra,Free,Koffee Spotlight Lounge,Show,Reality,English,45
E17227,U1562,C110,play,2026-02-10,Mobile,9,0,26-35,Male,Kochi,Kerala,Free,Anupama: New Beginnings,Show,Drama,Hindi,25
E17228,U1466,C122,complete,2026-01-09,Tablet,21,1,36-45,Male,Ahmedabad,Gujarat,Free,Taarak Laugh Fest Episodes,Show,Comedy,Hindi,22
E17229,U1074,C131,play,2026-01-26,Mobile,32,0,26-35,Male,Mumbai,Maharashtra,VIP,Devara Storm Rising,Movie,Action,Telugu,160
E17230,U1019,C108,complete,2026-02-23,Mobile,57,1,18-25,Female,Jaipur,Rajasthan,Free,ISL Football Clash of Titans,Sports,Sports,Bengali,60
E17231,U1592,C138,play,2026-01-27,Mobile,9,0,26-35,Female,Kolkata,West Bengal,Free,Bigg Boss Tamil Season 8,Show,Reality,Tamil,60
E17232,U1505,C119,pause,2026-02-17,Mobile,16,0,18-25,Female,Hyderabad,Telangana,VIP,The Crown Dynasty Legacy,Series,Drama,English,55
E17233,U1737,C141,play,2026-02-14,Mobile,16,0,18-25,Male,Chennai,Tamil Nadu,Free,Shark Pitch India S4,Show,Reality,Hindi,55
E17234,U1456,C103,play,2026-01-29,Tablet,7,0,18-25,Female,Bengaluru,Karnataka,Free,Premier League Weekly Showdown,Sports,Sports,English,60
E17235,U1191,C119,pause,2026-01-24,Web,23,0,26-35,Female,Bengaluru,Karnataka,VIP,The Crown Dynasty Legacy,Series,Drama,English,55
E17236,U1149,C123,pause,2026-01-08,Mobile,14,0,46+,Male,Hyderabad,Telangana,Free,Sarabhai Classic Revival,Series,Comedy,Hindi,25
E17237,U1034,C109,pause,2026-01-25,Mobile,19,0,26-35,Male,Hyderabad,Telangana,Free,Special Ops: Desert Falcon,Series,Drama,Hindi,45
E17238,U1266,C126,play,2026-02-18,Mobile,11,0,18-25,Female,Delhi,Delhi,VIP,Telugu Comedy Superstars,Show,Comedy,Telugu,30
E17239,U1297,C108,complete,2026-01-24,Smart TV,55,1,26-35,Male,Pune,Maharashtra,VIP,ISL Football Clash of Titans,Sports,Sports,Bengali,60
E17240,U1725,C107,pause,2026-02-18,Mobile,15,0,26-35,Female,Bengaluru,Karnataka,VIP,Champions Trophy Pre-Show,Sports,Sports,Telugu,40
E17241,U1101,C117,complete,2026-01-09,Smart TV,21,1,26-35,Male,Delhi,Delhi,VIP,Ghar Ek Mandir Classic,Show,Drama,Marathi,24
E17242,U1424,C135,complete,2026-02-14,Mobile,139,1,18-25,Female,Mumbai,Maharashtra,VIP,Fighter Wing Alpha,Movie,Action,Hindi,145
E17243,U1270,C140,complete,2026-02-07,Smart TV,48,1,18-25,Male,Delhi,Delhi,VIP,Dance India Dance Championship,Show,Reality,Hindi,50
E17244,U1686,C119,play,2026-01-18,Web,23,0,26-35,Female,Chennai,Tamil Nadu,Premium,The Crown Dynasty Legacy,Series,Drama,English,55
E17245,U1490,C144,complete,2026-02-25,Mobile,41,1,18-25,Female,Mumbai,Maharashtra,Free,Koffee Spotlight Lounge,Show,Reality,English,45
E17246,U1192,C102,play,2026-02-01,Mobile,17,0,18-25,Male,Mumbai,Maharashtra,Free,IPL Mega Auction Live Replay,Sports,Sports,Hindi,90
E17247,U1284,C109,pause,2026-01-19,Mobile,8,0,18-25,Female,Bengaluru,Karnataka,Free,Special Ops: Desert Falcon,Series,Drama,Hindi,45
E17248,U1466,C117,complete,2026-02-06,Smart TV,23,1,36-45,Male,Ahmedabad,Gujarat,Free,Ghar Ek Mandir Classic,Show,Drama,Marathi,24
E17249,U1459,C120,complete,2026-01-20,Mobile,43,1,36-45,Female,Mumbai,Maharashtra,VIP,Succession Politics India,Series,Drama,Hindi,45
E17250,U1659,C117,pause,2026-01-03,Smart TV,8,0,26-35,Male,Mumbai,Maharashtra,Free,Ghar Ek Mandir Classic,Show,Drama,Marathi,24
E17251,U1006,C123,play,2026-01-31,Mobile,11,0,18-25,Male,Pune,Maharashtra,Free,Sarabhai Classic Revival,Series,Comedy,Hindi,25
E17252,U1635,C141,play,2026-02-14,Tablet,32,0,26-35,Male,Pune,Maharashtra,Free,Shark Pitch India S4,Show,Reality,Hindi,55
E17253,U1429,C144,pause,2026-02-25,Smart TV,8,0,26-35,Male,Mumbai,Maharashtra,Free,Koffee Spotlight Lounge,Show,Reality,English,45
E17254,U1424,C133,complete,2026-02-27,Smart TV,45,1,18-25,Female,Mumbai,Maharashtra,VIP,Rudra: The Edge of Darkness,Series,Action,Hindi,48
E17255,U1661,C106,complete,2026-01-01,Tablet,56,1,26-35,Male,Mumbai,Maharashtra,Free,WPL T20 Blockbuster Match,Sports,Sports,Hindi,60
E17256,U1034,C118,play,2026-01-24,Web,23,0,26-35,Male,Hyderabad,Telangana,Free,Kerala Waterfront Mystery,Series,Drama,Malayalam,48
E17257,U1401,C150,complete,2026-02-12,Web,21,1,36-45,Male,Hyderabad,Telangana,VIP,Super Bheem Galactic Battle,Series,Kids,Telugu,22
E17258,U1108,C106,complete,2026-01-22,Mobile,59,1,18-25,Female,Ahmedabad,Gujarat,VIP,WPL T20 Blockbuster Match,Sports,Sports,Hindi,60
E17259,U1125,C107,pause,2026-01-18,Mobile,13,0,18-25,Male,Bengaluru,Karnataka,Premium,Champions Trophy Pre-Show,Sports,Sports,Telugu,40
E17260,U1583,C107,pause,2026-01-29,Web,12,0,18-25,Male,Delhi,Delhi,Free,Champions Trophy Pre-Show,Sports,Sports,Telugu,40
E17261,U1303,C130,complete,2026-01-21,Mobile,157,1,18-25,Male,Lucknow,Uttar Pradesh,Free,Vikram: Shadow Commander,Movie,Action,Tamil,165
E17262,U1331,C114,play,2026-02-18,Web,13,0,26-35,Female,Mumbai,Maharashtra,VIP,Telugu Royal Heritage,Series,Drama,Telugu,45
E17263,U1331,C116,pause,2026-02-27,Mobile,61,0,26-35,Female,Mumbai,Maharashtra,VIP,Kolkata Love Diary,Movie,Drama,Bengali,125
E17264,U1071,C140,complete,2026-01-03,Web,47,1,26-35,Female,Mumbai,Maharashtra,Premium,Dance India Dance Championship,Show,Reality,Hindi,50
E17265,U1538,C124,pause,2026-01-25,Mobile,11,0,26-35,Female,Chennai,Tamil Nadu,Free,Standup Special: Bangalore Humor,Show,Comedy,English,65
E17266,U1440,C130,complete,2026-01-09,Web,153,1,36-45,Male,Chennai,Tamil Nadu,Free,Vikram: Shadow Commander,Movie,Action,Tamil,165
E17267,U1415,C146,play,2026-01-26,Web,40,0,26-35,Female,Mumbai,Maharashtra,Free,Motu Patlu Space Adventure,Movie,Kids,Hindi,75
E17268,U1092,C129,complete,2026-02-05,Web,149,1,18-25,Male,Pune,Maharashtra,Free,Tiger Underground Strike,Movie,Action,Hindi,155
E17269,U1212,C116,complete,2026-02-25,Mobile,116,1,18-25,Female,Mumbai,Maharashtra,VIP,Kolkata Love Diary,Movie,Drama,Bengali,125
E17270,U1031,C150,complete,2026-01-27,Smart TV,20,1,26-35,Male,Pune,Maharashtra,VIP,Super Bheem Galactic Battle,Series,Kids,Telugu,22
E17271,U1033,C137,pause,2026-01-17,Mobile,20,0,26-35,Male,Chennai,Tamil Nadu,VIP,Bigg Boss All-Stars Hindi,Show,Reality,Hindi,60
E17272,U1465,C127,complete,2026-02-08,Mobile,29,1,26-35,Female,Mumbai,Maharashtra,Premium,Pune Pun Factory,Show,Comedy,Marathi,30
E17273,U1662,C127,complete,2026-01-30,Web,29,1,18-25,Female,Mumbai,Maharashtra,VIP,Pune Pun Factory,Show,Comedy,Marathi,30
E17274,U1044,C140,play,2026-01-24,Web,32,0,18-25,Female,Ahmedabad,Gujarat,Free,Dance India Dance Championship,Show,Reality,Hindi,50
E17275,U1179,C121,complete,2026-01-10,Mobile,32,1,18-25,Female,Bengaluru,Karnataka,VIP,The Great Indian Comedy Lab,Show,Comedy,Hindi,35
E17276,U1157,C144,complete,2026-01-01,Web,42,1,26-35,Female,Lucknow,Uttar Pradesh,Free,Koffee Spotlight Lounge,Show,Reality,English,45
E17277,U1444,C160,complete,2026-01-01,Mobile,27,1,46+,Female,Bengaluru,Karnataka,VIP,Maharashtra Maha News,News,News,Marathi,30
E17278,U1648,C105,pause,2026-01-22,Web,38,0,18-25,Female,Mumbai,Maharashtra,Free,Pro Kabaddi League Finals,Sports,Sports,Tamil,70
E17279,U1032,C117,complete,2026-02-24,Mobile,23,1,26-35,Female,Mumbai,Maharashtra,VIP,Ghar Ek Mandir Classic,Show,Drama,Marathi,24
E17280,U1742,C116,play,2026-02-11,Tablet,80,0,18-25,Male,Mumbai,Maharashtra,VIP,Kolkata Love Diary,Movie,Drama,Bengali,125
E17281,U1283,C121,play,2026-01-31,Mobile,12,0,18-25,Female,Pune,Maharashtra,VIP,The Great Indian Comedy Lab,Show,Comedy,Hindi,35
E17282,U1435,C155,pause,2026-01-30,Smart TV,17,0,18-25,Male,Bengaluru,Karnataka,Free,Wildlife Wonders: Western Ghats,Show,News,English,52
E17283,U1104,C128,pause,2026-02-14,Smart TV,40,0,18-25,Male,Mumbai,Maharashtra,Free,College Boys Chaos,Movie,Comedy,Hindi,115
E17284,U1597,C140,pause,2026-01-08,Smart TV,35,0,36-45,Female,Mumbai,Maharashtra,VIP,Dance India Dance Championship,Show,Reality,Hindi,50
E17285,U1017,C121,complete,2026-02-18,Web,31,1,36-45,Male,Hyderabad,Telangana,Free,The Great Indian Comedy Lab,Show,Comedy,Hindi,35
E17286,U1585,C113,pause,2026-02-22,Mobile,22,0,26-35,Female,Mumbai,Maharashtra,VIP,Kaithi Revenge Chronicles,Movie,Drama,Tamil,140
E17287,U1477,C102,complete,2026-01-16,Mobile,87,1,26-35,Male,Kochi,Kerala,Premium,IPL Mega Auction Live Replay,Sports,Sports,Hindi,90
E17288,U1367,C107,play,2026-02-20,Smart TV,27,0,46+,Male,Kochi,Kerala,Free,Champions Trophy Pre-Show,Sports,Sports,Telugu,40
E17289,U1178,C131,complete,2026-01-24,Tablet,159,1,26-35,Female,Chennai,Tamil Nadu,VIP,Devara Storm Rising,Movie,Action,Telugu,160
E17290,U1733,C110,pause,2026-01-14,Mobile,2,0,36-45,Male,Bengaluru,Karnataka,Free,Anupama: New Beginnings,Show,Drama,Hindi,25
E17291,U1602,C138,complete,2026-02-21,Mobile,57,1,26-35,Female,Mumbai,Maharashtra,Premium,Bigg Boss Tamil Season 8,Show,Reality,Tamil,60
E17292,U1278,C113,play,2026-01-03,Tablet,49,0,26-35,Male,Jaipur,Rajasthan,VIP,Kaithi Revenge Chronicles,Movie,Drama,Tamil,140
E17293,U1566,C154,complete,2026-01-24,Web,31,1,18-25,Female,Kolkata,West Bengal,Free,Elections Ground Pulse,News,News,Hindi,35
E17294,U1679,C129,pause,2026-01-21,Mobile,70,0,46+,Female,Lucknow,Uttar Pradesh,VIP,Tiger Underground Strike,Movie,Action,Hindi,155
E17295,U1357,C116,pause,2026-02-13,Web,74,0,18-25,Female,Hyderabad,Telangana,Free,Kolkata Love Diary,Movie,Drama,Bengali,125
E17296,U1413,C136,complete,2026-02-05,Web,114,1,18-25,Male,Delhi,Delhi,Free,Speed Street Heist,Movie,Action,English,120
E17297,U1480,C154,pause,2026-03-01,Mobile,15,0,36-45,Female,Mumbai,Maharashtra,Premium,Elections Ground Pulse,News,News,Hindi,35
E17298,U1553,C104,play,2026-01-23,Mobile,16,0,18-25,Male,Hyderabad,Telangana,VIP,IND vs ENG Test Day 3 Highlights,Sports,Sports,English,50
E17299,U1509,C143,pause,2026-01-27,Tablet,32,0,26-35,Female,Pune,Maharashtra,Free,Roadies Quest,Show,Reality,Hindi,45
E17300,U1061,C130,complete,2026-01-03,Smart TV,155,1,26-35,Female,Mumbai,Maharashtra,Premium,Vikram: Shadow Commander,Movie,Action,Tamil,165
E17301,U1002,C143,complete,2026-01-26,Web,41,1,18-25,Female,Chennai,Tamil Nadu,VIP,Roadies Quest,Show,Reality,Hindi,45
E17302,U1297,C126,pause,2026-02-19,Mobile,7,0,26-35,Male,Pune,Maharashtra,VIP,Telugu Comedy Superstars,Show,Comedy,Telugu,30
E17303,U1662,C136,pause,2026-02-08,Mobile,39,0,18-25,Female,Mumbai,Maharashtra,VIP,Speed Street Heist,Movie,Action,English,120
E17304,U1467,C115,complete,2026-01-19,Smart TV,36,1,18-25,Male,Bengaluru,Karnataka,Free,Bengal Courtroom Secrets,Series,Drama,Bengali,40
E17305,U1694,C141,pause,2026-01-12,Mobile,7,0,18-25,Female,Delhi,Delhi,Premium,Shark Pitch India S4,Show,Reality,Hindi,55
E17306,U1288,C156,complete,2026-02-03,Mobile,43,1,26-35,Male,Mumbai,Maharashtra,VIP,Cricket Icons: The Untold Story,Show,News,Hindi,45
E17307,U1494,C104,complete,2026-01-26,Mobile,47,1,36-45,Female,Mumbai,Maharashtra,Free,IND vs ENG Test Day 3 Highlights,Sports,Sports,English,50
E17308,U1149,C114,pause,2026-02-12,Web,24,0,46+,Male,Hyderabad,Telangana,Free,Telugu Royal Heritage,Series,Drama,Telugu,45
E17309,U1275,C132,pause,2026-01-07,Mobile,10,0,26-35,Male,Mumbai,Maharashtra,VIP,Commando Force Mumbai,Series,Action,Hindi,42
E17310,U1710,C146,pause,2026-01-30,Mobile,23,0,26-35,Female,Delhi,Delhi,Premium,Motu Patlu Space Adventure,Movie,Kids,Hindi,75
E17311,U1732,C129,complete,2026-02-19,Mobile,142,1,36-45,Male,Pune,Maharashtra,VIP,Tiger Underground Strike,Movie,Action,Hindi,155
E17312,U1467,C141,play,2026-02-25,Mobile,6,0,18-25,Male,Bengaluru,Karnataka,Free,Shark Pitch India S4,Show,Reality,Hindi,55
E17313,U1306,C106,play,2026-03-01,Mobile,14,0,18-25,Female,Delhi,Delhi,Free,WPL T20 Blockbuster Match,Sports,Sports,Hindi,60
E17314,U1615,C134,play,2026-02-13,Mobile,59,0,18-25,Female,Kolkata,West Bengal,VIP,Night Hunter Squad,Movie,Action,English,130
E17315,U1376,C101,pause,2026-02-09,Mobile,4,0,26-35,Male,Jaipur,Rajasthan,Free,IND vs AUS T20 Cup Highlights,Sports,Sports,Hindi,45
E17316,U1362,C129,pause,2026-02-01,Mobile,39,0,18-25,Male,Chennai,Tamil Nadu,Free,Tiger Underground Strike,Movie,Action,Hindi,155
E17317,U1446,C141,complete,2026-02-17,Mobile,54,1,26-35,Male,Delhi,Delhi,VIP,Shark Pitch India S4,Show,Reality,Hindi,55
E17318,U1213,C106,pause,2026-01-21,Mobile,22,0,18-25,Female,Delhi,Delhi,Free,WPL T20 Blockbuster Match,Sports,Sports,Hindi,60
E17319,U1051,C147,complete,2026-01-09,Smart TV,18,1,26-35,Female,Chennai,Tamil Nadu,Free,Little Singham Rescue Mission,Series,Kids,Hindi,20
E17320,U1389,C119,complete,2026-01-28,Mobile,49,1,26-35,Female,Kolkata,West Bengal,Premium,The Crown Dynasty Legacy,Series,Drama,English,55
E17321,U1637,C104,pause,2026-02-08,Mobile,20,0,18-25,Female,Delhi,Delhi,Premium,IND vs ENG Test Day 3 Highlights,Sports,Sports,English,50
E17322,U1682,C113,play,2026-02-23,Mobile,45,0,18-25,Female,Mumbai,Maharashtra,Premium,Kaithi Revenge Chronicles,Movie,Drama,Tamil,140
E17323,U1121,C104,play,2026-01-07,Mobile,10,0,18-25,Male,Hyderabad,Telangana,Premium,IND vs ENG Test Day 3 Highlights,Sports,Sports,English,50
E17324,U1286,C152,complete,2026-01-13,Tablet,23,1,26-35,Female,Delhi,Delhi,VIP,Global Tech & Economy Report,News,News,English,25
E17325,U1361,C146,complete,2026-01-13,Mobile,72,1,36-45,Male,Patna,Bihar,Free,Motu Patlu Space Adventure,Movie,Kids,Hindi,75
E17326,U1192,C132,complete,2026-01-08,Mobile,37,1,18-25,Male,Mumbai,Maharashtra,Free,Commando Force Mumbai,Series,Action,Hindi,42
E17327,U1435,C122,pause,2026-02-07,Mobile,11,0,18-25,Male,Bengaluru,Karnataka,Free,Taarak Laugh Fest Episodes,Show,Comedy,Hindi,22
E17328,U1273,C111,play,2026-02-04,Web,6,0,26-35,Other,Delhi,Delhi,Premium,Yeh Rishta: Family Bonds,Show,Drama,Hindi,22
E17329,U1369,C108,pause,2026-01-28,Mobile,18,0,26-35,Female,Ahmedabad,Gujarat,Free,ISL Football Clash of Titans,Sports,Sports,Bengali,60
E17330,U1554,C143,pause,2026-02-26,Mobile,8,0,26-35,Female,Jaipur,Rajasthan,Free,Roadies Quest,Show,Reality,Hindi,45
E17331,U1043,C142,complete,2026-01-11,Mobile,42,1,26-35,Male,Delhi,Delhi,Free,Master Chef Kitchen Wars,Show,Reality,Hindi,45
E17332,U1734,C134,play,2026-02-20,Mobile,12,0,46+,Male,Mumbai,Maharashtra,Free,Night Hunter Squad,Movie,Action,English,130
E17333,U1230,C151,complete,2026-02-12,Mobile,27,1,18-25,Male,Mumbai,Maharashtra,Free,Daily Headlines 360,News,News,Hindi,30
E17334,U1005,C135,pause,2026-01-04,Mobile,20,0,36-45,Male,Pune,Maharashtra,VIP,Fighter Wing Alpha,Movie,Action,Hindi,145
E17335,U1387,C143,complete,2026-02-01,Mobile,40,1,26-35,Female,Patna,Bihar,VIP,Roadies Quest,Show,Reality,Hindi,45
E17336,U1483,C116,complete,2026-01-12,Smart TV,124,1,36-45,Female,Chennai,Tamil Nadu,Free,Kolkata Love Diary,Movie,Drama,Bengali,125
E17337,U1114,C140,pause,2026-02-23,Mobile,25,0,26-35,Male,Jaipur,Rajasthan,Free,Dance India Dance Championship,Show,Reality,Hindi,50
E17338,U1144,C149,complete,2026-01-17,Mobile,19,1,26-35,Male,Bengaluru,Karnataka,Free,Shinchan Laugh Club,Series,Kids,Tamil,20
E17339,U1355,C115,complete,2026-02-22,Mobile,37,1,46+,Male,Lucknow,Uttar Pradesh,Free,Bengal Courtroom Secrets,Series,Drama,Bengali,40
E17340,U1502,C116,complete,2026-02-18,Smart TV,122,1,18-25,Female,Delhi,Delhi,Free,Kolkata Love Diary,Movie,Drama,Bengali,125
E17341,U1256,C108,pause,2026-01-24,Tablet,13,0,26-35,Male,Hyderabad,Telangana,Free,ISL Football Clash of Titans,Sports,Sports,Bengali,60
E17342,U1064,C135,pause,2026-01-04,Mobile,42,0,26-35,Female,Ahmedabad,Gujarat,Free,Fighter Wing Alpha,Movie,Action,Hindi,145
E17343,U1479,C142,pause,2026-01-30,Smart TV,25,0,26-35,Male,Lucknow,Uttar Pradesh,VIP,Master Chef Kitchen Wars,Show,Reality,Hindi,45
E17344,U1182,C101,complete,2026-01-08,Mobile,43,1,26-35,Female,Bengaluru,Karnataka,Premium,IND vs AUS T20 Cup Highlights,Sports,Sports,Hindi,45
E17345,U1690,C117,complete,2026-01-06,Mobile,23,1,36-45,Female,Delhi,Delhi,VIP,Ghar Ek Mandir Classic,Show,Drama,Marathi,24
E17346,U1537,C119,play,2026-01-11,Mobile,31,0,18-25,Female,Hyderabad,Telangana,Free,The Crown Dynasty Legacy,Series,Drama,English,55
E17347,U1536,C149,complete,2026-01-27,Web,18,1,18-25,Male,Mumbai,Maharashtra,Free,Shinchan Laugh Club,Series,Kids,Tamil,20
E17348,U1086,C139,complete,2026-01-17,Smart TV,55,1,26-35,Female,Delhi,Delhi,VIP,Bigg Boss Telugu Live,Show,Reality,Telugu,60
E17349,U1141,C143,pause,2026-03-01,Smart TV,22,0,36-45,Male,Bengaluru,Karnataka,Free,Roadies Quest,Show,Reality,Hindi,45
E17350,U1435,C116,pause,2026-01-31,Web,22,0,18-25,Male,Bengaluru,Karnataka,Free,Kolkata Love Diary,Movie,Drama,Bengali,125
E17351,U1204,C123,complete,2026-01-23,Mobile,23,1,26-35,Female,Hyderabad,Telangana,Premium,Sarabhai Classic Revival,Series,Comedy,Hindi,25
E17352,U1301,C113,play,2026-02-09,Mobile,67,0,36-45,Female,Mumbai,Maharashtra,Premium,Kaithi Revenge Chronicles,Movie,Drama,Tamil,140
E17353,U1510,C160,complete,2026-01-28,Mobile,28,1,26-35,Male,Chennai,Tamil Nadu,Premium,Maharashtra Maha News,News,News,Marathi,30
E17354,U1261,C120,pause,2026-01-05,Mobile,5,0,18-25,Female,Delhi,Delhi,VIP,Succession Politics India,Series,Drama,Hindi,45
E17355,U1174,C133,play,2026-02-11,Web,18,0,18-25,Female,Bengaluru,Karnataka,VIP,Rudra: The Edge of Darkness,Series,Action,Hindi,48
E17356,U1589,C140,complete,2026-01-14,Mobile,48,1,18-25,Male,Lucknow,Uttar Pradesh,Free,Dance India Dance Championship,Show,Reality,Hindi,50
E17357,U1622,C114,pause,2026-02-06,Smart TV,30,0,18-25,Female,Mumbai,Maharashtra,Premium,Telugu Royal Heritage,Series,Drama,Telugu,45
E17358,U1383,C137,complete,2026-01-13,Mobile,57,1,26-35,Female,Bengaluru,Karnataka,Premium,Bigg Boss All-Stars Hindi,Show,Reality,Hindi,60
E17359,U1428,C105,pause,2026-01-13,Mobile,12,0,18-25,Other,Lucknow,Uttar Pradesh,Free,Pro Kabaddi League Finals,Sports,Sports,Tamil,70
E17360,U1702,C136,complete,2026-01-23,Web,119,1,18-25,Female,Chennai,Tamil Nadu,VIP,Speed Street Heist,Movie,Action,English,120
E17361,U1039,C107,play,2026-02-20,Tablet,14,0,26-35,Male,Pune,Maharashtra,Premium,Champions Trophy Pre-Show,Sports,Sports,Telugu,40
E17362,U1330,C126,complete,2026-01-10,Smart TV,29,1,18-25,Female,Bengaluru,Karnataka,Premium,Telugu Comedy Superstars,Show,Comedy,Telugu,30
E17363,U1725,C110,complete,2026-01-27,Mobile,24,1,26-35,Female,Bengaluru,Karnataka,VIP,Anupama: New Beginnings,Show,Drama,Hindi,25
E17364,U1673,C101,pause,2026-01-02,Mobile,4,0,26-35,Male,Pune,Maharashtra,VIP,IND vs AUS T20 Cup Highlights,Sports,Sports,Hindi,45
E17365,U1111,C146,complete,2026-01-24,Smart TV,70,1,18-25,Male,Mumbai,Maharashtra,VIP,Motu Patlu Space Adventure,Movie,Kids,Hindi,75
E17366,U1069,C104,pause,2026-02-05,Web,11,0,36-45,Female,Ahmedabad,Gujarat,Premium,IND vs ENG Test Day 3 Highlights,Sports,Sports,English,50
E17367,U1270,C110,complete,2026-02-22,Mobile,22,1,18-25,Male,Delhi,Delhi,VIP,Anupama: New Beginnings,Show,Drama,Hindi,25
E17368,U1160,C105,pause,2026-01-13,Smart TV,13,0,18-25,Male,Kochi,Kerala,Premium,Pro Kabaddi League Finals,Sports,Sports,Tamil,70
E17369,U1680,C104,complete,2026-02-09,Smart TV,45,1,26-35,Male,Jaipur,Rajasthan,VIP,IND vs ENG Test Day 3 Highlights,Sports,Sports,English,50
E17370,U1297,C127,play,2026-01-06,Mobile,14,0,26-35,Male,Pune,Maharashtra,VIP,Pune Pun Factory,Show,Comedy,Marathi,30
E17371,U1516,C133,complete,2026-02-04,Smart TV,44,1,26-35,Female,Bengaluru,Karnataka,Free,Rudra: The Edge of Darkness,Series,Action,Hindi,48
E17372,U1223,C107,pause,2026-01-18,Mobile,6,0,18-25,Male,Delhi,Delhi,Free,Champions Trophy Pre-Show,Sports,Sports,Telugu,40
E17373,U1312,C135,pause,2026-01-13,Mobile,71,0,26-35,Female,Chennai,Tamil Nadu,VIP,Fighter Wing Alpha,Movie,Action,Hindi,145
E17374,U1058,C144,complete,2026-01-16,Web,43,1,18-25,Male,Lucknow,Uttar Pradesh,Premium,Koffee Spotlight Lounge,Show,Reality,English,45
E17375,U1118,C137,complete,2026-01-30,Mobile,56,1,18-25,Male,Hyderabad,Telangana,VIP,Bigg Boss All-Stars Hindi,Show,Reality,Hindi,60
E17376,U1724,C151,complete,2026-02-10,Smart TV,29,1,18-25,Male,Bengaluru,Karnataka,VIP,Daily Headlines 360,News,News,Hindi,30
E17377,U1288,C145,complete,2026-02-13,Web,78,1,26-35,Male,Mumbai,Maharashtra,VIP,Chhota Bheem Himalayan Tour,Movie,Kids,Hindi,85
E17378,U1443,C101,pause,2026-01-06,Smart TV,19,0,26-35,Male,Chennai,Tamil Nadu,VIP,IND vs AUS T20 Cup Highlights,Sports,Sports,Hindi,45
E17379,U1454,C116,pause,2026-01-26,Mobile,40,0,18-25,Other,Bengaluru,Karnataka,Free,Kolkata Love Diary,Movie,Drama,Bengali,125
E17380,U1432,C131,pause,2026-02-11,Mobile,21,0,36-45,Male,Ahmedabad,Gujarat,Free,Devara Storm Rising,Movie,Action,Telugu,160
E17381,U1083,C146,play,2026-01-18,Smart TV,53,0,26-35,Female,Hyderabad,Telangana,Free,Motu Patlu Space Adventure,Movie,Kids,Hindi,75
E17382,U1295,C107,complete,2026-01-01,Tablet,38,1,18-25,Male,Bengaluru,Karnataka,VIP,Champions Trophy Pre-Show,Sports,Sports,Telugu,40
E17383,U1022,C112,complete,2026-01-21,Mobile,49,1,18-25,Female,Bengaluru,Karnataka,Free,City of Dreams: The Succession,Series,Drama,Hindi,50
E17384,U1394,C117,pause,2026-01-13,Mobile,7,0,46+,Female,Kochi,Kerala,Premium,Ghar Ek Mandir Classic,Show,Drama,Marathi,24
E17385,U1114,C122,pause,2026-01-28,Mobile,8,0,26-35,Male,Jaipur,Rajasthan,Free,Taarak Laugh Fest Episodes,Show,Comedy,Hindi,22
E17386,U1379,C141,complete,2026-02-17,Web,52,1,18-25,Female,Bengaluru,Karnataka,VIP,Shark Pitch India S4,Show,Reality,Hindi,55
E17387,U1194,C103,play,2026-01-26,Mobile,6,0,18-25,Female,Bengaluru,Karnataka,VIP,Premier League Weekly Showdown,Sports,Sports,English,60
E17388,U1270,C143,pause,2026-02-20,Mobile,9,0,18-25,Male,Delhi,Delhi,VIP,Roadies Quest,Show,Reality,Hindi,45
E17389,U1465,C118,pause,2026-01-22,Mobile,21,0,26-35,Female,Mumbai,Maharashtra,Premium,Kerala Waterfront Mystery,Series,Drama,Malayalam,48
E17390,U1270,C123,play,2026-02-19,Smart TV,15,0,18-25,Male,Delhi,Delhi,VIP,Sarabhai Classic Revival,Series,Comedy,Hindi,25
E17391,U1099,C114,play,2026-02-18,Mobile,17,0,46+,Female,Hyderabad,Telangana,VIP,Telugu Royal Heritage,Series,Drama,Telugu,45
E17392,U1246,C117,complete,2026-02-03,Mobile,22,1,18-25,Male,Chennai,Tamil Nadu,Free,Ghar Ek Mandir Classic,Show,Drama,Marathi,24
E17393,U1224,C110,complete,2026-02-19,Mobile,23,1,36-45,Male,Delhi,Delhi,VIP,Anupama: New Beginnings,Show,Drama,Hindi,25
E17394,U1249,C138,pause,2026-01-03,Mobile,33,0,36-45,Female,Hyderabad,Telangana,Free,Bigg Boss Tamil Season 8,Show,Reality,Tamil,60
E17395,U1323,C133,pause,2026-01-03,Smart TV,37,0,18-25,Female,Delhi,Delhi,Premium,Rudra: The Edge of Darkness,Series,Action,Hindi,48
E17396,U1520,C102,play,2026-02-07,Smart TV,58,0,26-35,Male,Bengaluru,Karnataka,VIP,IPL Mega Auction Live Replay,Sports,Sports,Hindi,90
E17397,U1076,C105,pause,2026-01-04,Tablet,20,0,18-25,Female,Jaipur,Rajasthan,Free,Pro Kabaddi League Finals,Sports,Sports,Tamil,70
E17398,U1426,C101,complete,2026-02-10,Mobile,41,1,26-35,Female,Kolkata,West Bengal,Free,IND vs AUS T20 Cup Highlights,Sports,Sports,Hindi,45
E17399,U1198,C106,complete,2026-01-27,Smart TV,55,1,46+,Female,Bengaluru,Karnataka,Free,WPL T20 Blockbuster Match,Sports,Sports,Hindi,60
E17400,U1181,C146,pause,2026-01-18,Mobile,22,0,26-35,Male,Pune,Maharashtra,Free,Motu Patlu Space Adventure,Movie,Kids,Hindi,75
E17401,U1527,C137,complete,2026-02-08,Smart TV,56,1,36-45,Female,Pune,Maharashtra,VIP,Bigg Boss All-Stars Hindi,Show,Reality,Hindi,60
E17402,U1698,C118,complete,2026-01-06,Web,43,1,36-45,Female,Ahmedabad,Gujarat,VIP,Kerala Waterfront Mystery,Series,Drama,Malayalam,48
E17403,U1345,C137,complete,2026-02-06,Mobile,55,1,26-35,Male,Pune,Maharashtra,VIP,Bigg Boss All-Stars Hindi,Show,Reality,Hindi,60
E17404,U1536,C142,complete,2026-02-18,Web,43,1,18-25,Male,Mumbai,Maharashtra,Free,Master Chef Kitchen Wars,Show,Reality,Hindi,45
E17405,U1469,C120,pause,2026-02-06,Web,17,0,26-35,Male,Mumbai,Maharashtra,VIP,Succession Politics India,Series,Drama,Hindi,45
E17406,U1065,C133,complete,2026-02-19,Mobile,46,1,36-45,Male,Delhi,Delhi,Free,Rudra: The Edge of Darkness,Series,Action,Hindi,48
E17407,U1292,C105,complete,2026-01-03,Mobile,68,1,36-45,Male,Chennai,Tamil Nadu,VIP,Pro Kabaddi League Finals,Sports,Sports,Tamil,70
E17408,U1460,C123,pause,2026-01-01,Mobile,12,0,26-35,Male,Mumbai,Maharashtra,Free,Sarabhai Classic Revival,Series,Comedy,Hindi,25
E17409,U1461,C135,play,2026-02-09,Mobile,71,0,26-35,Male,Chennai,Tamil Nadu,Premium,Fighter Wing Alpha,Movie,Action,Hindi,145
E17410,U1051,C121,complete,2026-01-09,Smart TV,33,1,26-35,Female,Chennai,Tamil Nadu,Free,The Great Indian Comedy Lab,Show,Comedy,Hindi,35
E17411,U1509,C115,pause,2026-01-04,Mobile,12,0,26-35,Female,Pune,Maharashtra,Free,Bengal Courtroom Secrets,Series,Drama,Bengali,40
E17412,U1228,C133,pause,2026-02-19,Mobile,12,0,36-45,Male,Mumbai,Maharashtra,Free,Rudra: The Edge of Darkness,Series,Action,Hindi,48
E17413,U1279,C121,complete,2026-01-15,Mobile,31,1,18-25,Male,Mumbai,Maharashtra,Free,The Great Indian Comedy Lab,Show,Comedy,Hindi,35
E17414,U1169,C101,pause,2026-02-28,Mobile,11,0,36-45,Female,Kolkata,West Bengal,Free,IND vs AUS T20 Cup Highlights,Sports,Sports,Hindi,45
E17415,U1610,C111,play,2026-01-16,Smart TV,3,0,18-25,Other,Bengaluru,Karnataka,Premium,Yeh Rishta: Family Bonds,Show,Drama,Hindi,22
E17416,U1044,C104,pause,2026-02-04,Mobile,9,0,18-25,Female,Ahmedabad,Gujarat,Free,IND vs ENG Test Day 3 Highlights,Sports,Sports,English,50
E17417,U1569,C136,complete,2026-01-06,Mobile,113,1,26-35,Male,Mumbai,Maharashtra,Premium,Speed Street Heist,Movie,Action,English,120
E17418,U1280,C145,play,2026-02-11,Mobile,32,0,36-45,Female,Patna,Bihar,Free,Chhota Bheem Himalayan Tour,Movie,Kids,Hindi,85
E17419,U1722,C152,complete,2026-02-22,Smart TV,22,1,36-45,Male,Mumbai,Maharashtra,Free,Global Tech & Economy Report,News,News,English,25
E17420,U1288,C115,pause,2026-01-26,Web,13,0,26-35,Male,Mumbai,Maharashtra,VIP,Bengal Courtroom Secrets,Series,Drama,Bengali,40
E17421,U1226,C145,complete,2026-01-20,Smart TV,82,1,18-25,Female,Delhi,Delhi,Free,Chhota Bheem Himalayan Tour,Movie,Kids,Hindi,85
E17422,U1239,C107,complete,2026-01-21,Smart TV,36,1,36-45,Female,Ahmedabad,Gujarat,Free,Champions Trophy Pre-Show,Sports,Sports,Telugu,40
E17423,U1524,C142,complete,2026-02-15,Mobile,41,1,18-25,Male,Delhi,Delhi,VIP,Master Chef Kitchen Wars,Show,Reality,Hindi,45
E17424,U1450,C139,pause,2026-01-29,Smart TV,33,0,18-25,Female,Ahmedabad,Gujarat,Free,Bigg Boss Telugu Live,Show,Reality,Telugu,60
E17425,U1345,C127,complete,2026-02-12,Tablet,27,1,26-35,Male,Pune,Maharashtra,VIP,Pune Pun Factory,Show,Comedy,Marathi,30
E17426,U1461,C101,complete,2026-01-19,Smart TV,44,1,26-35,Male,Chennai,Tamil Nadu,Premium,IND vs AUS T20 Cup Highlights,Sports,Sports,Hindi,45
E17427,U1059,C107,pause,2026-01-03,Smart TV,23,0,18-25,Male,Bengaluru,Karnataka,VIP,Champions Trophy Pre-Show,Sports,Sports,Telugu,40
E17428,U1107,C110,complete,2026-01-29,Mobile,24,1,36-45,Male,Mumbai,Maharashtra,Free,Anupama: New Beginnings,Show,Drama,Hindi,25
E17429,U1672,C101,complete,2026-01-13,Mobile,43,1,26-35,Male,Delhi,Delhi,VIP,IND vs AUS T20 Cup Highlights,Sports,Sports,Hindi,45
E17430,U1495,C129,pause,2026-02-08,Mobile,64,0,18-25,Female,Jaipur,Rajasthan,Premium,Tiger Underground Strike,Movie,Action,Hindi,155
E17431,U1472,C108,play,2026-02-16,Web,11,0,18-25,Female,Pune,Maharashtra,Free,ISL Football Clash of Titans,Sports,Sports,Bengali,60
E17432,U1049,C148,play,2026-01-13,Mobile,8,0,26-35,Female,Mumbai,Maharashtra,Free,Doraemon Magic Gadgets,Series,Kids,Hindi,20
E17433,U1295,C119,pause,2026-02-12,Smart TV,31,0,18-25,Male,Bengaluru,Karnataka,VIP,The Crown Dynasty Legacy,Series,Drama,English,55
E17434,U1226,C122,complete,2026-01-27,Web,21,1,18-25,Female,Delhi,Delhi,Free,Taarak Laugh Fest Episodes,Show,Comedy,Hindi,22
E17435,U1542,C101,pause,2026-02-09,Smart TV,11,0,26-35,Female,Pune,Maharashtra,Free,IND vs AUS T20 Cup Highlights,Sports,Sports,Hindi,45
E17436,U1588,C138,pause,2026-01-29,Web,10,0,26-35,Male,Kolkata,West Bengal,VIP,Bigg Boss Tamil Season 8,Show,Reality,Tamil,60
E17437,U1001,C133,pause,2026-01-05,Mobile,6,0,26-35,Male,Delhi,Delhi,Free,Rudra: The Edge of Darkness,Series,Action,Hindi,48
E17438,U1220,C131,pause,2026-01-30,Smart TV,59,0,26-35,Male,Chennai,Tamil Nadu,Free,Devara Storm Rising,Movie,Action,Telugu,160
E17439,U1270,C153,pause,2026-02-07,Tablet,30,0,18-25,Male,Delhi,Delhi,VIP,India at 2030: Space Ambitions,Show,News,English,50
E17440,U1710,C157,complete,2026-02-26,Mobile,37,1,26-35,Female,Delhi,Delhi,Premium,Startup Founders Blueprint,Show,News,English,40
E17441,U1126,C106,pause,2026-02-19,Mobile,26,0,26-35,Male,Bengaluru,Karnataka,Premium,WPL T20 Blockbuster Match,Sports,Sports,Hindi,60
E17442,U1055,C101,complete,2026-01-24,Web,43,1,18-25,Female,Delhi,Delhi,Free,IND vs AUS T20 Cup Highlights,Sports,Sports,Hindi,45
E17443,U1465,C132,pause,2026-02-08,Mobile,23,0,26-35,Female,Mumbai,Maharashtra,Premium,Commando Force Mumbai,Series,Action,Hindi,42
E17444,U1028,C127,pause,2026-01-04,Mobile,8,0,46+,Female,Lucknow,Uttar Pradesh,VIP,Pune Pun Factory,Show,Comedy,Marathi,30
E17445,U1615,C145,play,2026-02-22,Mobile,47,0,18-25,Female,Kolkata,West Bengal,VIP,Chhota Bheem Himalayan Tour,Movie,Kids,Hindi,85
E17446,U1554,C139,complete,2026-01-14,Mobile,54,1,26-35,Female,Jaipur,Rajasthan,Free,Bigg Boss Telugu Live,Show,Reality,Telugu,60
E17447,U1015,C143,complete,2026-02-22,Mobile,42,1,26-35,Female,Pune,Maharashtra,Free,Roadies Quest,Show,Reality,Hindi,45
E17448,U1719,C133,play,2026-01-09,Web,27,0,26-35,Female,Patna,Bihar,Premium,Rudra: The Edge of Darkness,Series,Action,Hindi,48
E17449,U1449,C106,complete,2026-01-03,Tablet,54,1,18-25,Male,Hyderabad,Telangana,Premium,WPL T20 Blockbuster Match,Sports,Sports,Hindi,60
E17450,U1597,C109,complete,2026-02-04,Smart TV,41,1,36-45,Female,Mumbai,Maharashtra,VIP,Special Ops: Desert Falcon,Series,Drama,Hindi,45
E17451,U1466,C116,complete,2026-02-18,Mobile,115,1,36-45,Male,Ahmedabad,Gujarat,Free,Kolkata Love Diary,Movie,Drama,Bengali,125
E17452,U1744,C129,complete,2026-02-04,Smart TV,151,1,26-35,Male,Mumbai,Maharashtra,Premium,Tiger Underground Strike,Movie,Action,Hindi,155
E17453,U1621,C121,play,2026-02-04,Mobile,10,0,18-25,Male,Bengaluru,Karnataka,VIP,The Great Indian Comedy Lab,Show,Comedy,Hindi,35
E17454,U1621,C110,pause,2026-02-19,Mobile,5,0,18-25,Male,Bengaluru,Karnataka,VIP,Anupama: New Beginnings,Show,Drama,Hindi,25
E17455,U1291,C144,pause,2026-01-17,Web,6,0,26-35,Male,Mumbai,Maharashtra,Free,Koffee Spotlight Lounge,Show,Reality,English,45
E17456,U1600,C116,complete,2026-01-10,Mobile,123,1,46+,Female,Bengaluru,Karnataka,Free,Kolkata Love Diary,Movie,Drama,Bengali,125
E17457,U1620,C117,pause,2026-01-20,Mobile,13,0,26-35,Female,Delhi,Delhi,Premium,Ghar Ek Mandir Classic,Show,Drama,Marathi,24
E17458,U1610,C131,pause,2026-02-23,Mobile,47,0,18-25,Other,Bengaluru,Karnataka,Premium,Devara Storm Rising,Movie,Action,Telugu,160
E17459,U1447,C103,pause,2026-02-11,Mobile,20,0,36-45,Male,Kolkata,West Bengal,Premium,Premier League Weekly Showdown,Sports,Sports,English,60
E17460,U1150,C105,complete,2026-01-08,Mobile,67,1,26-35,Female,Kolkata,West Bengal,Premium,Pro Kabaddi League Finals,Sports,Sports,Tamil,70
E17461,U1571,C103,complete,2026-02-27,Tablet,56,1,36-45,Female,Hyderabad,Telangana,Free,Premier League Weekly Showdown,Sports,Sports,English,60
E17462,U1135,C132,pause,2026-01-22,Tablet,24,0,26-35,Female,Mumbai,Maharashtra,Free,Commando Force Mumbai,Series,Action,Hindi,42
E17463,U1032,C112,play,2026-02-07,Mobile,14,0,26-35,Female,Mumbai,Maharashtra,VIP,City of Dreams: The Succession,Series,Drama,Hindi,50
E17464,U1114,C128,complete,2026-01-18,Smart TV,111,1,26-35,Male,Jaipur,Rajasthan,Free,College Boys Chaos,Movie,Comedy,Hindi,115
E17465,U1730,C133,complete,2026-01-06,Smart TV,46,1,18-25,Female,Pune,Maharashtra,VIP,Rudra: The Edge of Darkness,Series,Action,Hindi,48
E17466,U1512,C130,pause,2026-01-04,Tablet,103,0,26-35,Female,Mumbai,Maharashtra,VIP,Vikram: Shadow Commander,Movie,Action,Tamil,165
E17467,U1394,C125,play,2026-01-28,Mobile,22,0,46+,Female,Kochi,Kerala,Premium,Chennai Roast Arena,Show,Comedy,Tamil,40
E17468,U1163,C109,play,2026-01-31,Mobile,25,0,18-25,Other,Bengaluru,Karnataka,Premium,Special Ops: Desert Falcon,Series,Drama,Hindi,45
E17469,U1544,C112,pause,2026-02-24,Mobile,27,0,36-45,Male,Delhi,Delhi,Premium,City of Dreams: The Succession,Series,Drama,Hindi,50
E17470,U1554,C130,complete,2026-02-26,Mobile,154,1,26-35,Female,Jaipur,Rajasthan,Free,Vikram: Shadow Commander,Movie,Action,Tamil,165
E17471,U1600,C108,pause,2026-01-05,Mobile,11,0,46+,Female,Bengaluru,Karnataka,Free,ISL Football Clash of Titans,Sports,Sports,Bengali,60
E17472,U1744,C105,pause,2026-02-02,Mobile,30,0,26-35,Male,Mumbai,Maharashtra,Premium,Pro Kabaddi League Finals,Sports,Sports,Tamil,70
E17473,U1201,C122,complete,2026-01-04,Web,21,1,18-25,Female,Pune,Maharashtra,Premium,Taarak Laugh Fest Episodes,Show,Comedy,Hindi,22
E17474,U1598,C104,complete,2026-01-07,Mobile,48,1,18-25,Female,Delhi,Delhi,VIP,IND vs ENG Test Day 3 Highlights,Sports,Sports,English,50
E17475,U1704,C125,play,2026-02-23,Web,24,0,26-35,Female,Bengaluru,Karnataka,Premium,Chennai Roast Arena,Show,Comedy,Tamil,40
E17476,U1065,C116,complete,2026-01-07,Mobile,124,1,36-45,Male,Delhi,Delhi,Free,Kolkata Love Diary,Movie,Drama,Bengali,125
E17477,U1211,C102,pause,2026-02-20,Mobile,18,0,26-35,Female,Bengaluru,Karnataka,Premium,IPL Mega Auction Live Replay,Sports,Sports,Hindi,90
E17478,U1448,C117,pause,2026-01-04,Mobile,3,0,18-25,Male,Bengaluru,Karnataka,VIP,Ghar Ek Mandir Classic,Show,Drama,Marathi,24
E17479,U1409,C143,complete,2026-01-06,Smart TV,41,1,18-25,Male,Bengaluru,Karnataka,Free,Roadies Quest,Show,Reality,Hindi,45
E17480,U1301,C142,complete,2026-02-05,Mobile,40,1,36-45,Female,Mumbai,Maharashtra,Premium,Master Chef Kitchen Wars,Show,Reality,Hindi,45
E17481,U1443,C121,pause,2026-02-19,Web,8,0,26-35,Male,Chennai,Tamil Nadu,VIP,The Great Indian Comedy Lab,Show,Comedy,Hindi,35
E17482,U1523,C121,complete,2026-02-24,Mobile,33,1,26-35,Female,Delhi,Delhi,Free,The Great Indian Comedy Lab,Show,Comedy,Hindi,35
E17483,U1714,C109,pause,2026-01-06,Mobile,20,0,18-25,Male,Patna,Bihar,VIP,Special Ops: Desert Falcon,Series,Drama,Hindi,45
E17484,U1009,C142,complete,2026-01-01,Smart TV,41,1,36-45,Female,Ahmedabad,Gujarat,VIP,Master Chef Kitchen Wars,Show,Reality,Hindi,45
E17485,U1743,C127,pause,2026-02-15,Mobile,16,0,18-25,Female,Delhi,Delhi,VIP,Pune Pun Factory,Show,Comedy,Marathi,30
E17486,U1051,C112,complete,2026-01-06,Mobile,49,1,26-35,Female,Chennai,Tamil Nadu,Free,City of Dreams: The Succession,Series,Drama,Hindi,50
E17487,U1627,C112,complete,2026-01-25,Mobile,46,1,18-25,Female,Pune,Maharashtra,Free,City of Dreams: The Succession,Series,Drama,Hindi,50
E17488,U1430,C126,complete,2026-01-27,Smart TV,27,1,46+,Female,Bengaluru,Karnataka,Premium,Telugu Comedy Superstars,Show,Comedy,Telugu,30
E17489,U1152,C129,complete,2026-01-06,Web,139,1,18-25,Male,Bengaluru,Karnataka,VIP,Tiger Underground Strike,Movie,Action,Hindi,155
E17490,U1448,C119,pause,2026-01-04,Smart TV,16,0,18-25,Male,Bengaluru,Karnataka,VIP,The Crown Dynasty Legacy,Series,Drama,English,55
E17491,U1185,C131,complete,2026-01-14,Mobile,154,1,26-35,Male,Kolkata,West Bengal,Free,Devara Storm Rising,Movie,Action,Telugu,160
E17492,U1016,C140,complete,2026-02-14,Web,45,1,36-45,Male,Mumbai,Maharashtra,Premium,Dance India Dance Championship,Show,Reality,Hindi,50
E17493,U1699,C117,complete,2026-01-27,Smart TV,22,1,18-25,Female,Bengaluru,Karnataka,VIP,Ghar Ek Mandir Classic,Show,Drama,Marathi,24
E17494,U1230,C136,complete,2026-01-02,Smart TV,115,1,18-25,Male,Mumbai,Maharashtra,Free,Speed Street Heist,Movie,Action,English,120
E17495,U1699,C125,complete,2026-02-23,Mobile,38,1,18-25,Female,Bengaluru,Karnataka,VIP,Chennai Roast Arena,Show,Comedy,Tamil,40
E17496,U1671,C124,pause,2026-01-18,Mobile,24,0,18-25,Male,Delhi,Delhi,VIP,Standup Special: Bangalore Humor,Show,Comedy,English,65
E17497,U1181,C110,pause,2026-02-18,Mobile,12,0,26-35,Male,Pune,Maharashtra,Free,Anupama: New Beginnings,Show,Drama,Hindi,25
E17498,U1352,C103,play,2026-01-26,Mobile,30,0,26-35,Male,Mumbai,Maharashtra,Free,Premier League Weekly Showdown,Sports,Sports,English,60
E17499,U1105,C137,complete,2026-01-18,Smart TV,59,1,26-35,Female,Bengaluru,Karnataka,Free,Bigg Boss All-Stars Hindi,Show,Reality,Hindi,60
E17500,U1444,C149,complete,2026-02-25,Tablet,19,1,46+,Female,Bengaluru,Karnataka,VIP,Shinchan Laugh Club,Series,Kids,Tamil,20
